{"stats":{"minecraft:picked_up":{"chococraft:loverly_gysahl_green":2,"minecraft:wheat":29,"minecraft:potion":259,"create:copper_diving_boots":1,"minecraft:string":10,"aquamirae:pirate_pouch":1,"minecraft:raw_copper":192,"butchercraft:lamb_stewmeat":12,"create:mechanical_press":1,"minecraft:cobbled_deepslate":128,"minecraft:spruce_planks":6,"minecraft:azalea":1,"butchercraft:fat":16,"minecraft:iron_pickaxe":1,"alexsmobs:leafcutter_ant_chamber":1,"minecraft:stick":30,"minecraft:oak_fence":1,"minecraft:torch":398,"minecraft:acacia_log":19,"create:andesite_casing":4,"minecraft:dried_kelp":59,"minecraft:pointed_dripstone":61,"tombstone:grave_dust":3,"minecraft:diorite":2,"butchercraft:sheep_hide":2,"butchercraft:bone_saw":1,"butchercraft:meat_hook_item":65,"minecraft:honey_bottle":112,"minecraft:rotten_flesh":6,"create:copper_casing":1,"butchercraft:boots":1,"alexsmobs:emu_egg":2,"butchercraft:blood_fluid_bucket":3,"minecraft:cobblestone":76,"butchercraft:tripe":8,"butchercraft:lamb_roast":14,"minecraft:cooked_beef":64,"create:fluid_tank":4,"minecraft:water_bucket":1,"minecraft:andesite":73,"minecraft:tuff":2,"create:raw_zinc":4,"minecraft:lapis_lazuli":9,"minecraft:dirt":18,"minecraft:lantern":1,"minecraft:bone":35,"butchercraft:gloves":1,"minecraft:stonecutter":1,"minecraft:bow":3,"minecraft:wheat_seeds":86,"minecraft:raw_gold":66,"create:goggles":1,"create:shaft":3,"minecraft:moss_block":4,"minecraft:oak_planks":6,"create:cogwheel":16,"minecraft:sand":13,"butchercraft:heart":2,"butchercraft:barn_wood_block_item":2,"minecraft:barrel":1,"minecraft:diamond":4,"minecraft:crossbow":1,"butchercraft:cow_hood":1,"minecraft:emerald":2,"minecraft:oak_sapling":40,"butchercraft:gut_knife":1,"butchercraft:butcher_knife":1,"minecraft:crafting_table":1,"minecraft:clay_ball":35,"thirst:sand_filter":3,"minecraft:leather_leggings":2,"butchercraft:lamb_ribs":4,"minecraft:cornflower":2,"minecraft:moss_carpet":3,"create:fluid_pipe":74,"butchercraft:kidney":4,"butchercraft:paper_hat":1,"minecraft:spruce_slab":1,"butchercraft:apron":1,"minecraft:raw_iron":24,"minecraft:spruce_fence":1,"create:hand_crank":22,"create:copper_backtank":2,"butchercraft:sinew":32,"butchercraft:cubed_lamb":4,"minecraft:redstone":25,"create:vertical_gearbox":1,"butchercraft:lung":4,"create:steam_engine":2,"artifacts:snorkel":4,"minecraft:arrow":8,"minecraft:hay_block":6,"create:depot":1,"tombstone:essence_of_undeath":1,"butchercraft:sheep_head_item":2,"minecraft:mutton":20,"minecraft:white_wool":8,"minecraft:oxeye_daisy":2,"minecraft:glow_ink_sac":8,"minecraft:oak_log":84,"chococraft:gysahl_green":26,"minecraft:apple":1,"butchercraft:mask":1,"butchercraft:liver":2,"minecraft:glass_bottle":161,"minecraft:acacia_sapling":4,"minecraft:flowering_azalea":2,"minecraft:iron_sword":1,"minecraft:oak_slab":2,"minecraft:sweet_berries":3,"minecraft:dandelion":4,"minecraft:dripstone_block":31,"minecraft:gravel":4,"minecraft:spruce_sapling":10,"chococraft:gysahl_green_seeds":5,"minecraft:spruce_log":54,"butchercraft:sheep_carcass":3,"minecraft:leather_helmet":1,"butchercraft:leather_scrap":10,"travelersbackpack:standard":2,"create:mechanical_pump":20,"butchercraft:lamb_scraps":19,"butchercraft:stomach":2,"butchercraft:skinning_knife":1,"tombstone:magic_scroll":1,"minecraft:melon_seeds":2,"minecraft:coal":37},"minecraft:killed_by":{"minecraft:sheep":2,"minecraft:skeleton":1},"minecraft:custom":{"minecraft:interact_with_crafting_table":84,"minecraft:open_barrel":56,"minecraft:leave_game":6,"minecraft:time_since_death":235138,"minecraft:sprint_one_cm":322471,"minecraft:damage_blocked_by_shield":1900,"minecraft:drop":53,"minecraft:talked_to_villager":1,"minecraft:play_time":411704,"minecraft:deaths":4,"minecraft:jump":4665,"minecraft:walk_on_water_one_cm":272782,"minecraft:interact_with_furnace":32,"minecraft:sleep_in_bed":1,"minecraft:waystone_activated":1,"minecraft:damage_dealt":5296,"minecraft:crouch_one_cm":11764,"tombstone:undead_killed":18,"minecraft:interact_with_smoker":2,"minecraft:interact_with_smithing_table":2,"minecraft:mob_kills":58,"minecraft:climb_one_cm":2536,"minecraft:walk_one_cm":620540,"minecraft:sneak_time":11380,"minecraft:walk_under_water_one_cm":1238245,"minecraft:boat_one_cm":45331,"minecraft:interact_with_blast_furnace":1,"minecraft:total_world_time":411704,"spartanshields:shield_bash_hits":4,"tombstone:raider_killed":2,"minecraft:time_since_rest":232739,"minecraft:damage_taken":6484,"minecraft:swim_one_cm":856709,"minecraft:fly_one_cm":732051,"minecraft:open_chest":241,"minecraft:fall_one_cm":120430},"minecraft:dropped":{"minecraft:glass_bottle":1,"minecraft:leather_helmet":1,"create:copper_diving_helmet":1,"minecraft:dirt":1,"create:copper_backtank":4,"minecraft:wooden_sword":1,"minecraft:sand":2,"minecraft:pointed_dripstone":64,"minecraft:honey_bottle":16,"minecraft:leather_chestplate":1,"minecraft:leather_boots":1,"minecraft:leather_leggings":3,"minecraft:water_bucket":1,"minecraft:wheat_seeds":2,"minecraft:dripstone_block":2,"chococraft:gysahl_green_seeds":4,"butchercraft:lamb_scraps":1,"artifacts:snorkel":3,"minecraft:torch":54,"create:copper_diving_boots":2,"minecraft:potion":161,"minecraft:string":1,"minecraft:deepslate":1,"minecraft:raw_iron":1,"minecraft:flint_and_steel":1,"minecraft:raw_gold":1},"minecraft:used":{"minecraft:moss_block":3,"minecraft:moss_carpet":1,"butchercraft:soap":1,"minecraft:iron_shovel":12,"minecraft:spruce_slab":49,"butchercraft:butcher_knife":5,"minecraft:chest":5,"minecraft:shield":74,"minecraft:iron_sword":116,"create:fluid_tank":14,"create:cogwheel":47,"create:depot":3,"minecraft:tuff":31,"minecraft:axolotl_bucket":1,"minecraft:honey_bottle":166,"minecraft:spruce_boat":2,"minecraft:lantern":1,"minecraft:bedrock":1,"create:shaft":13,"create:steam_engine":3,"minecraft:furnace":2,"minecraft:oak_sapling":19,"minecraft:diorite":1,"minecraft:leather_leggings":2,"butchercraft:meat_hook_item":4,"minecraft:stone_pickaxe":22,"minecraft:oak_planks":30,"minecraft:wooden_pickaxe":8,"butchercraft:gut_knife":2,"minecraft:white_wool":1,"create:spout":1,"minecraft:dripstone_block":28,"create:copper_backtank":4,"minecraft:bread":27,"minecraft:string":14,"minecraft:deepslate":112,"minecraft:wooden_sword":2,"minecraft:andesite":1,"chococraft:gysahl_green":8,"create:vertical_gearbox":1,"alexsmobs:leafcutter_ant_chamber":1,"minecraft:bone_meal":58,"minecraft:oak_fence":1,"minecraft:acacia_log":1,"minecraft:flint_and_steel":8,"minecraft:spruce_planks":97,"minecraft:torch":240,"create:mechanical_pump":28,"minecraft:dirt":8,"witherstormmod:formidibomb":8,"minecraft:spruce_fence":1,"butchercraft:blood_fluid_bucket":2,"minecraft:wooden_axe":23,"minecraft:flowering_azalea":2,"create:wrench":60,"create:gearbox":1,"minecraft:barrel":1,"butchercraft:barn_wood_block_item":13,"thirst:sand_filter":5,"tombstone:gift":3,"create:fluid_pipe":108,"butchercraft:sheep_head_item":1,"minecraft:cooked_beef":46,"minecraft:acacia_planks":1,"minecraft:cobbled_deepslate":31,"minecraft:water_bucket":6727,"minecraft:snow_block":28,"minecraft:glass_bottle":6,"minecraft:oak_slab":20,"minecraft:crafting_table":6,"minecraft:campfire":4,"minecraft:oak_log":7,"minecraft:wooden_hoe":34,"create:mechanical_press":2,"minecraft:iron_pickaxe":473,"minecraft:golden_leggings":1,"butchercraft:lamb_scraps":1,"minecraft:stone_axe":54,"minecraft:cobblestone":368,"minecraft:potion":154,"travelersbackpack:standard":3,"minecraft:bucket":28,"alexsmobs:animal_dictionary":1,"create:hand_crank":28},"minecraft:crafted":{"minecraft:oak_planks":260,"minecraft:barrel":29,"create:vertical_gearbox":1,"create:mechanical_press":1,"minecraft:chest":5,"create:spout":1,"minecraft:copper_block":1,"create:cogwheel":20,"create:nozzle":2,"butchercraft:lard":8,"create:depot":2,"minecraft:oak_slab":72,"minecraft:crafting_table":5,"minecraft:spruce_planks":216,"minecraft:wooden_pickaxe":1,"create:fluid_pipe":64,"minecraft:copper_ingot":128,"minecraft:campfire":4,"create:gearbox":2,"minecraft:wooden_hoe":1,"minecraft:stick":28,"create:mechanical_pump":7,"minecraft:iron_ingot":19,"minecraft:iron_block":1,"minecraft:snow_block":28,"minecraft:gold_ingot":15,"create:wrench":1,"butchercraft:soap":6,"create:steam_engine":1,"minecraft:iron_nugget":81,"minecraft:furnace":2,"minecraft:bone_meal":87,"thirst:sand_filter":2,"minecraft:spruce_slab":54,"create:fluid_tank":15,"minecraft:stone_pickaxe":1,"minecraft:spruce_boat":2,"create:andesite_alloy":36,"create:hand_crank":6,"minecraft:stone_axe":1,"minecraft:air":0,"butchercraft:barn_wood_block_item":16,"minecraft:wooden_axe":2,"create:shaft":40,"minecraft:acacia_planks":72,"create:zinc_ingot":1},"minecraft:killed":{"minecraft:spider":3,"minecraft:skeleton":8,"artifacts:mimic":1,"alexsmobs:seal":1,"minecraft:creeper":7,"minecraft:sheep":5,"minecraft:pillager":2,"minecraft:zombie":10,"minecraft:glow_squid":8,"minecraft:slime":1,"alexsmobs:blue_jay":1,"mowziesmobs:grottol":1,"minecraft:bat":1,"minecraft:enderman":2},"minecraft:broken":{"butchercraft:boots":1,"butchercraft:apron":1,"minecraft:stone_axe":1,"minecraft:wooden_axe":1,"minecraft:leather_helmet":1,"butchercraft:gloves":1,"butchercraft:mask":1,"minecraft:shield":1,"minecraft:leather_boots":1,"minecraft:iron_pickaxe":1},"minecraft:mined":{"create:deepslate_zinc_ore":2,"minecraft:spruce_planks":6,"minecraft:oak_sapling":1,"create:copper_casing":1,"create:andesite_casing":4,"minecraft:acacia_log":11,"minecraft:grass_block":3,"minecraft:oxeye_daisy":2,"minecraft:tall_seagrass":64,"minecraft:iron_ore":11,"minecraft:barrel":1,"minecraft:cobbled_deepslate":5,"minecraft:moss_carpet":1,"minecraft:deepslate_lapis_ore":2,"chococraft:gysahl_green":7,"minecraft:pointed_dripstone":22,"minecraft:azalea":1,"create:mechanical_press":1,"minecraft:spruce_slab":1,"minecraft:deepslate_redstone_ore":5,"create:cogwheel":17,"create:steam_engine":2,"minecraft:melon_stem":1,"minecraft:clay":1,"minecraft:cobblestone":31,"minecraft:oak_planks":6,"minecraft:wall_torch":2,"minecraft:deepslate_copper_ore":57,"minecraft:seagrass":24,"create:glass_fluid_pipe":12,"thirst:sand_filter":3,"minecraft:wheat":32,"minecraft:grass":32,"minecraft:oak_log":7,"butchercraft:barn_wood_block":2,"create:hand_crank":14,"minecraft:sand":14,"minecraft:dirt":6,"minecraft:stonecutter":1,"minecraft:oak_leaves":8,"minecraft:deepslate":93,"create:zinc_ore":2,"minecraft:tuff":2,"minecraft:deepslate_diamond_ore":3,"create:fluid_tank":4,"create:depot":1,"alexsmobs:leafcutter_ant_chamber":1,"minecraft:spruce_leaves":13,"minecraft:moss_block":3,"minecraft:hay_block":7,"create:shaft":3,"minecraft:spruce_sapling":1,"minecraft:andesite":13,"minecraft:deepslate_iron_ore":12,"minecraft:packed_ice":4,"minecraft:stone":47,"minecraft:oak_slab":2,"minecraft:flowering_azalea":2,"minecraft:dandelion":6,"minecraft:oak_fence":1,"minecraft:crafting_table":1,"minecraft:cornflower":2,"create:fluid_pipe":63,"create:mechanical_pump":20,"minecraft:tall_grass":2,"minecraft:deepslate_gold_ore":1,"minecraft:diorite":2,"create:gearbox":1,"minecraft:spruce_log":7,"minecraft:coal_ore":11,"minecraft:gravel":3,"minecraft:dripstone_block":28,"minecraft:cobweb":1}},"DataVersion":3120}