{"stats":{"minecraft:picked_up":{"minecraft:clay_ball":35,"minecraft:leather_leggings":2,"minecraft:potion":258,"create:copper_diving_boots":1,"butchercraft:lamb_ribs":4,"minecraft:cornflower":2,"minecraft:string":10,"minecraft:moss_carpet":2,"aquamirae:pirate_pouch":1,"minecraft:raw_copper":192,"butchercraft:lamb_stewmeat":12,"minecraft:cobbled_deepslate":123,"minecraft:spruce_planks":4,"minecraft:azalea":1,"butchercraft:kidney":4,"butchercraft:paper_hat":1,"minecraft:spruce_slab":1,"butchercraft:fat":16,"minecraft:iron_pickaxe":1,"butchercraft:apron":1,"alexsmobs:leafcutter_ant_chamber":1,"minecraft:stick":17,"minecraft:raw_iron":24,"minecraft:oak_fence":1,"minecraft:torch":396,"minecraft:acacia_log":17,"create:andesite_casing":2,"minecraft:spruce_fence":1,"butchercraft:sinew":32,"create:copper_backtank":2,"minecraft:pointed_dripstone":36,"tombstone:grave_dust":3,"minecraft:diorite":2,"butchercraft:cubed_lamb":4,"minecraft:redstone":25,"butchercraft:sheep_hide":2,"butchercraft:lung":4,"butchercraft:bone_saw":1,"artifacts:snorkel":1,"butchercraft:meat_hook_item":65,"minecraft:arrow":8,"minecraft:honey_bottle":112,"minecraft:rotten_flesh":6,"butchercraft:boots":1,"alexsmobs:emu_egg":1,"butchercraft:blood_fluid_bucket":3,"tombstone:essence_of_undeath":1,"butchercraft:sheep_head_item":2,"minecraft:mutton":20,"minecraft:white_wool":8,"minecraft:cobblestone":71,"minecraft:oxeye_daisy":2,"butchercraft:tripe":8,"minecraft:cooked_beef":64,"minecraft:glow_ink_sac":8,"butchercraft:lamb_roast":14,"minecraft:water_bucket":1,"minecraft:andesite":63,"minecraft:tuff":2,"create:raw_zinc":3,"minecraft:oak_log":21,"minecraft:lapis_lazuli":9,"minecraft:dirt":17,"minecraft:lantern":1,"butchercraft:gloves":1,"minecraft:bone":35,"chococraft:gysahl_green":4,"minecraft:stonecutter":1,"minecraft:bow":3,"butchercraft:mask":1,"minecraft:wheat_seeds":6,"minecraft:raw_gold":1,"butchercraft:liver":2,"minecraft:glass_bottle":93,"minecraft:moss_block":2,"minecraft:flowering_azalea":2,"minecraft:iron_sword":1,"minecraft:acacia_sapling":4,"minecraft:sweet_berries":3,"minecraft:dandelion":4,"minecraft:dripstone_block":23,"minecraft:gravel":4,"butchercraft:heart":2,"minecraft:spruce_sapling":10,"chococraft:gysahl_green_seeds":1,"butchercraft:barn_wood_block_item":2,"minecraft:spruce_log":54,"butchercraft:sheep_carcass":3,"minecraft:leather_helmet":1,"butchercraft:leather_scrap":10,"travelersbackpack:standard":1,"minecraft:diamond":4,"butchercraft:lamb_scraps":19,"minecraft:crossbow":1,"butchercraft:stomach":2,"butchercraft:cow_hood":1,"minecraft:emerald":2,"butchercraft:skinning_knife":1,"butchercraft:gut_knife":1,"tombstone:magic_scroll":1,"minecraft:oak_sapling":14,"butchercraft:butcher_knife":1,"minecraft:coal":27},"minecraft:killed_by":{"minecraft:sheep":2,"minecraft:skeleton":1},"minecraft:custom":{"minecraft:interact_with_smithing_table":1,"minecraft:mob_kills":57,"minecraft:interact_with_crafting_table":38,"minecraft:open_barrel":56,"minecraft:leave_game":4,"minecraft:time_since_death":69633,"minecraft:climb_one_cm":1885,"minecraft:sprint_one_cm":224682,"minecraft:walk_one_cm":379337,"minecraft:damage_blocked_by_shield":1900,"minecraft:drop":33,"minecraft:talked_to_villager":1,"minecraft:play_time":246199,"minecraft:sneak_time":7190,"minecraft:deaths":4,"minecraft:walk_under_water_one_cm":944119,"minecraft:boat_one_cm":45331,"minecraft:jump":3296,"minecraft:walk_on_water_one_cm":161205,"minecraft:total_world_time":246199,"minecraft:interact_with_furnace":19,"spartanshields:shield_bash_hits":4,"tombstone:raider_killed":2,"minecraft:sleep_in_bed":1,"minecraft:time_since_rest":67234,"minecraft:damage_taken":5192,"minecraft:damage_dealt":4840,"minecraft:swim_one_cm":410936,"minecraft:fly_one_cm":588613,"minecraft:open_chest":103,"minecraft:crouch_one_cm":4502,"tombstone:undead_killed":18,"minecraft:fall_one_cm":85814},"minecraft:dropped":{"minecraft:water_bucket":1,"minecraft:wheat_seeds":2,"minecraft:glass_bottle":1,"minecraft:dripstone_block":2,"minecraft:leather_helmet":1,"create:copper_diving_helmet":1,"butchercraft:lamb_scraps":1,"minecraft:torch":54,"create:copper_backtank":4,"create:copper_diving_boots":2,"minecraft:potion":154,"minecraft:wooden_sword":1,"minecraft:string":1,"minecraft:deepslate":1,"minecraft:raw_iron":1,"minecraft:pointed_dripstone":64,"minecraft:leather_chestplate":1,"minecraft:leather_boots":1,"minecraft:leather_leggings":3},"minecraft:used":{"minecraft:moss_block":2,"minecraft:oak_fence":1,"butchercraft:soap":1,"minecraft:acacia_log":1,"minecraft:flint_and_steel":7,"minecraft:spruce_slab":31,"minecraft:chest":4,"minecraft:spruce_planks":82,"butchercraft:butcher_knife":5,"minecraft:shield":74,"minecraft:iron_sword":116,"minecraft:torch":239,"minecraft:dirt":8,"create:depot":1,"witherstormmod:formidibomb":8,"minecraft:tuff":31,"minecraft:spruce_fence":1,"minecraft:honey_bottle":6,"butchercraft:blood_fluid_bucket":2,"minecraft:spruce_boat":2,"minecraft:wooden_axe":23,"minecraft:flowering_azalea":2,"minecraft:lantern":1,"minecraft:bedrock":1,"butchercraft:barn_wood_block_item":13,"minecraft:oak_sapling":5,"minecraft:furnace":2,"tombstone:gift":3,"butchercraft:sheep_head_item":1,"minecraft:cooked_beef":45,"minecraft:cobbled_deepslate":27,"minecraft:diorite":1,"minecraft:water_bucket":6708,"minecraft:leather_leggings":2,"minecraft:snow_block":28,"butchercraft:meat_hook_item":4,"minecraft:glass_bottle":1,"minecraft:stone_pickaxe":18,"minecraft:wooden_pickaxe":8,"butchercraft:gut_knife":2,"minecraft:white_wool":1,"minecraft:crafting_table":3,"minecraft:dripstone_block":20,"minecraft:oak_log":3,"create:copper_backtank":4,"create:mechanical_press":1,"minecraft:bread":19,"minecraft:string":14,"minecraft:iron_pickaxe":301,"minecraft:deepslate":112,"minecraft:stone_axe":14,"minecraft:golden_leggings":1,"butchercraft:lamb_scraps":1,"minecraft:wooden_sword":2,"minecraft:potion":107,"minecraft:cobblestone":365,"travelersbackpack:standard":2,"minecraft:andesite":1,"minecraft:bucket":8,"create:hand_crank":1,"alexsmobs:animal_dictionary":1,"alexsmobs:leafcutter_ant_chamber":1,"minecraft:bone_meal":19},"minecraft:crafted":{"minecraft:oak_planks":12,"butchercraft:soap":6,"minecraft:iron_nugget":18,"minecraft:furnace":2,"minecraft:bone_meal":39,"create:mechanical_press":1,"minecraft:spruce_slab":30,"minecraft:stone_pickaxe":1,"minecraft:chest":4,"minecraft:spruce_boat":2,"butchercraft:lard":8,"create:depot":1,"create:andesite_alloy":6,"create:hand_crank":1,"minecraft:crafting_table":3,"minecraft:spruce_planks":216,"minecraft:wooden_pickaxe":1,"minecraft:copper_ingot":64,"minecraft:stone_axe":1,"minecraft:air":0,"butchercraft:barn_wood_block_item":16,"minecraft:stick":8,"minecraft:iron_block":1,"minecraft:iron_ingot":10,"minecraft:wooden_axe":2,"minecraft:snow_block":28,"create:shaft":8,"minecraft:acacia_planks":64},"minecraft:killed":{"minecraft:spider":3,"minecraft:slime":1,"minecraft:skeleton":8,"alexsmobs:blue_jay":1,"artifacts:mimic":1,"mowziesmobs:grottol":1,"alexsmobs:seal":1,"minecraft:bat":1,"minecraft:creeper":7,"minecraft:sheep":5,"minecraft:pillager":2,"minecraft:zombie":10,"minecraft:glow_squid":8,"minecraft:enderman":1},"minecraft:broken":{"minecraft:leather_helmet":1,"butchercraft:gloves":1,"butchercraft:boots":1,"butchercraft:mask":1,"butchercraft:apron":1,"minecraft:shield":1,"minecraft:leather_boots":1,"minecraft:iron_pickaxe":1,"minecraft:wooden_axe":1},"minecraft:mined":{"create:zinc_ore":2,"create:deepslate_zinc_ore":1,"minecraft:tuff":2,"minecraft:spruce_planks":4,"minecraft:deepslate_diamond_ore":3,"create:andesite_casing":2,"minecraft:acacia_log":9,"minecraft:grass_block":3,"alexsmobs:leafcutter_ant_chamber":1,"minecraft:spruce_leaves":13,"minecraft:moss_block":2,"minecraft:oxeye_daisy":2,"minecraft:spruce_sapling":1,"minecraft:iron_ore":11,"minecraft:cobbled_deepslate":3,"minecraft:andesite":3,"minecraft:deepslate_lapis_ore":2,"chococraft:gysahl_green":1,"minecraft:pointed_dripstone":10,"minecraft:deepslate_iron_ore":12,"minecraft:packed_ice":4,"minecraft:azalea":1,"minecraft:stone":47,"minecraft:spruce_slab":1,"minecraft:deepslate_redstone_ore":5,"minecraft:flowering_azalea":2,"minecraft:dandelion":6,"minecraft:clay":1,"minecraft:oak_fence":1,"minecraft:cornflower":2,"minecraft:tall_grass":2,"minecraft:cobblestone":26,"minecraft:deepslate_gold_ore":1,"minecraft:diorite":2,"minecraft:wall_torch":2,"minecraft:deepslate_copper_ore":57,"minecraft:spruce_log":7,"minecraft:grass":11,"minecraft:coal_ore":11,"minecraft:oak_log":4,"butchercraft:barn_wood_block":2,"minecraft:gravel":3,"minecraft:dripstone_block":20,"minecraft:dirt":5,"minecraft:cobweb":1,"minecraft:stonecutter":1,"minecraft:oak_leaves":3,"minecraft:deepslate":89}},"DataVersion":3120}