{"stats":{"minecraft:mined":{"minecraft:spruce_planks":3,"minecraft:oak_fence":1,"minecraft:grass_block":1,"minecraft:spruce_leaves":4,"minecraft:spruce_sapling":1,"minecraft:spruce_log":7,"minecraft:dirt":4,"minecraft:packed_ice":4,"minecraft:cobweb":1,"minecraft:stone":6},"minecraft:crafted":{"minecraft:crafting_table":1,"minecraft:spruce_planks":216,"minecraft:wooden_pickaxe":1,"minecraft:stick":4,"minecraft:wooden_axe":1,"minecraft:snow_block":28,"minecraft:spruce_boat":2},"minecraft:custom":{"spartanshields:shield_bash_hits":3,"minecraft:mob_kills":3,"tombstone:raider_killed":2,"minecraft:interact_with_crafting_table":5,"minecraft:open_barrel":50,"minecraft:leave_game":2,"minecraft:time_since_death":30306,"minecraft:time_since_rest":29356,"minecraft:sprint_one_cm":54673,"minecraft:damage_taken":730,"minecraft:walk_one_cm":92856,"minecraft:damage_blocked_by_shield":1160,"minecraft:drop":9,"minecraft:damage_dealt":758,"minecraft:fly_one_cm":92453,"minecraft:open_chest":10,"minecraft:crouch_one_cm":1465,"minecraft:play_time":34911,"minecraft:deaths":1,"minecraft:sneak_time":940,"minecraft:walk_under_water_one_cm":3758,"minecraft:jump":638,"minecraft:walk_on_water_one_cm":1278,"minecraft:total_world_time":34911,"minecraft:fall_one_cm":11376},"minecraft:dropped":{"minecraft:glass_bottle":1,"minecraft:leather_helmet":1,"minecraft:leather_boots":1,"minecraft:potion":64,"minecraft:leather_leggings":3,"minecraft:wooden_sword":1,"minecraft:string":1},"minecraft:broken":{"minecraft:wooden_axe":1},"minecraft:picked_up":{"minecraft:cooked_beef":64,"minecraft:leather_leggings":2,"minecraft:potion":194,"minecraft:string":2,"minecraft:dirt":5,"aquamirae:pirate_pouch":1,"butchercraft:gloves":1,"butchercraft:mask":1,"minecraft:spruce_planks":3,"butchercraft:paper_hat":1,"minecraft:iron_pickaxe":1,"minecraft:glass_bottle":5,"minecraft:iron_sword":1,"butchercraft:apron":1,"minecraft:stick":8,"minecraft:oak_fence":1,"minecraft:spruce_fence":1,"minecraft:spruce_sapling":10,"minecraft:spruce_log":54,"butchercraft:bone_saw":1,"minecraft:leather_helmet":1,"travelersbackpack:standard":1,"minecraft:rotten_flesh":2,"minecraft:crossbow":1,"butchercraft:boots":1,"minecraft:emerald":2,"butchercraft:skinning_knife":1,"butchercraft:gut_knife":1,"butchercraft:butcher_knife":1,"minecraft:white_wool":1,"minecraft:cobblestone":4},"minecraft:used":{"minecraft:oak_fence":1,"minecraft:leather_leggings":1,"minecraft:snow_block":28,"butchercraft:butcher_knife":5,"minecraft:shield":51,"minecraft:wooden_pickaxe":5,"minecraft:iron_sword":13,"minecraft:white_wool":1,"minecraft:dirt":5,"minecraft:crafting_table":1,"minecraft:spruce_fence":1,"minecraft:wooden_axe":13,"minecraft:bread":3,"minecraft:iron_pickaxe":8,"minecraft:wooden_sword":2,"minecraft:cobblestone":4,"minecraft:potion":6,"travelersbackpack:standard":1,"alexsmobs:animal_dictionary":1,"minecraft:cooked_beef":7},"minecraft:killed":{"alexsmobs:seal":1,"minecraft:pillager":2},"minecraft:killed_by":{"minecraft:sheep":1}},"DataVersion":3120}