{"stats":{"minecraft:picked_up":{"minecraft:cooked_beef":64,"minecraft:leather_leggings":2,"minecraft:potion":194,"minecraft:oak_log":3,"minecraft:dirt":5,"minecraft:string":2,"aquamirae:pirate_pouch":1,"butchercraft:gloves":1,"chococraft:gysahl_green":4,"butchercraft:mask":1,"minecraft:spruce_planks":3,"butchercraft:paper_hat":1,"minecraft:iron_pickaxe":1,"minecraft:glass_bottle":12,"minecraft:iron_sword":1,"butchercraft:apron":1,"alexsmobs:leafcutter_ant_chamber":1,"minecraft:stick":8,"minecraft:sweet_berries":3,"minecraft:oak_fence":1,"minecraft:spruce_fence":1,"minecraft:spruce_sapling":10,"chococraft:gysahl_green_seeds":1,"minecraft:spruce_log":54,"butchercraft:sheep_carcass":1,"minecraft:leather_helmet":1,"butchercraft:bone_saw":1,"travelersbackpack:standard":1,"minecraft:rotten_flesh":4,"butchercraft:lamb_scraps":1,"minecraft:crossbow":1,"butchercraft:boots":1,"minecraft:emerald":2,"butchercraft:skinning_knife":1,"minecraft:oak_sapling":1,"butchercraft:gut_knife":1,"butchercraft:butcher_knife":1,"minecraft:white_wool":3,"minecraft:cobblestone":4},"minecraft:killed_by":{"minecraft:sheep":1},"minecraft:custom":{"spartanshields:shield_bash_hits":3,"minecraft:mob_kills":6,"tombstone:raider_killed":2,"minecraft:interact_with_crafting_table":5,"minecraft:open_barrel":50,"minecraft:leave_game":2,"minecraft:time_since_death":47763,"minecraft:sleep_in_bed":1,"minecraft:climb_one_cm":629,"minecraft:time_since_rest":11539,"minecraft:sprint_one_cm":98795,"minecraft:damage_taken":937,"minecraft:walk_one_cm":126269,"minecraft:damage_blocked_by_shield":1160,"minecraft:drop":10,"minecraft:damage_dealt":1445,"minecraft:swim_one_cm":10179,"minecraft:talked_to_villager":1,"minecraft:fly_one_cm":163388,"minecraft:open_chest":16,"minecraft:crouch_one_cm":1553,"minecraft:play_time":52368,"minecraft:deaths":1,"minecraft:sneak_time":1216,"minecraft:walk_under_water_one_cm":14865,"minecraft:boat_one_cm":45331,"minecraft:jump":965,"minecraft:walk_on_water_one_cm":11327,"minecraft:total_world_time":52368,"minecraft:fall_one_cm":19095},"minecraft:dropped":{"minecraft:glass_bottle":1,"minecraft:leather_helmet":1,"butchercraft:lamb_scraps":1,"minecraft:leather_boots":1,"minecraft:potion":64,"minecraft:leather_leggings":3,"minecraft:wooden_sword":1,"minecraft:string":1},"minecraft:used":{"minecraft:oak_fence":1,"minecraft:leather_leggings":1,"minecraft:flint_and_steel":1,"minecraft:snow_block":28,"minecraft:wooden_pickaxe":5,"butchercraft:butcher_knife":5,"minecraft:spruce_planks":10,"minecraft:shield":51,"minecraft:iron_sword":33,"minecraft:white_wool":1,"minecraft:dirt":5,"minecraft:crafting_table":1,"minecraft:spruce_fence":1,"minecraft:spruce_boat":2,"minecraft:wooden_axe":13,"minecraft:bread":3,"minecraft:iron_pickaxe":9,"minecraft:wooden_sword":2,"minecraft:cobblestone":4,"minecraft:potion":13,"travelersbackpack:standard":2,"alexsmobs:animal_dictionary":1,"alexsmobs:leafcutter_ant_chamber":1,"minecraft:cooked_beef":10},"minecraft:crafted":{"minecraft:crafting_table":1,"minecraft:spruce_planks":216,"minecraft:wooden_pickaxe":1,"minecraft:stick":4,"minecraft:wooden_axe":1,"minecraft:snow_block":28,"minecraft:spruce_boat":2},"minecraft:killed":{"alexsmobs:seal":1,"minecraft:sheep":2,"minecraft:pillager":2,"alexsmobs:blue_jay":1},"minecraft:broken":{"minecraft:wooden_axe":1},"minecraft:mined":{"minecraft:spruce_planks":3,"minecraft:oak_fence":1,"minecraft:grass_block":1,"alexsmobs:leafcutter_ant_chamber":1,"minecraft:spruce_leaves":13,"minecraft:spruce_sapling":1,"minecraft:spruce_log":7,"chococraft:gysahl_green":1,"minecraft:oak_log":2,"minecraft:dirt":4,"minecraft:packed_ice":4,"minecraft:cobweb":1,"minecraft:stone":6,"minecraft:oak_leaves":3}},"DataVersion":3120}