{"stats":{"minecraft:picked_up":{"minecraft:cooked_beef":64,"minecraft:leather_leggings":2,"minecraft:potion":258,"minecraft:tuff":1,"minecraft:oak_log":3,"minecraft:lapis_lazuli":9,"minecraft:dirt":5,"minecraft:string":2,"minecraft:raw_copper":70,"aquamirae:pirate_pouch":1,"butchercraft:gloves":1,"chococraft:gysahl_green":4,"minecraft:stonecutter":1,"butchercraft:mask":1,"minecraft:wheat_seeds":4,"minecraft:raw_gold":1,"minecraft:cobbled_deepslate":44,"minecraft:spruce_planks":3,"butchercraft:paper_hat":1,"minecraft:iron_pickaxe":1,"minecraft:glass_bottle":55,"minecraft:iron_sword":1,"minecraft:acacia_sapling":4,"butchercraft:apron":1,"alexsmobs:leafcutter_ant_chamber":1,"minecraft:stick":10,"minecraft:raw_iron":6,"minecraft:sweet_berries":3,"minecraft:oak_fence":1,"minecraft:torch":1,"minecraft:acacia_log":17,"minecraft:dripstone_block":10,"minecraft:gravel":1,"minecraft:spruce_fence":1,"minecraft:spruce_sapling":10,"chococraft:gysahl_green_seeds":1,"minecraft:pointed_dripstone":27,"minecraft:spruce_log":54,"minecraft:redstone":25,"butchercraft:sheep_carcass":3,"minecraft:leather_helmet":1,"butchercraft:bone_saw":1,"travelersbackpack:standard":1,"minecraft:honey_bottle":112,"minecraft:rotten_flesh":4,"butchercraft:lamb_scraps":1,"minecraft:crossbow":1,"butchercraft:boots":1,"alexsmobs:emu_egg":1,"minecraft:emerald":2,"butchercraft:skinning_knife":1,"minecraft:oak_sapling":1,"butchercraft:gut_knife":1,"butchercraft:butcher_knife":1,"minecraft:white_wool":8,"minecraft:cobblestone":4},"minecraft:killed_by":{"minecraft:sheep":2},"minecraft:custom":{"minecraft:interact_with_smithing_table":1,"spartanshields:shield_bash_hits":3,"minecraft:mob_kills":10,"tombstone:raider_killed":2,"minecraft:interact_with_crafting_table":8,"minecraft:open_barrel":50,"minecraft:leave_game":2,"minecraft:time_since_death":15128,"minecraft:sleep_in_bed":1,"minecraft:climb_one_cm":629,"minecraft:time_since_rest":15127,"minecraft:sprint_one_cm":126866,"minecraft:damage_taken":1999,"minecraft:walk_one_cm":199985,"minecraft:damage_blocked_by_shield":1160,"minecraft:drop":18,"minecraft:damage_dealt":1745,"minecraft:swim_one_cm":10179,"minecraft:talked_to_villager":1,"minecraft:fly_one_cm":210392,"minecraft:open_chest":19,"minecraft:crouch_one_cm":2332,"minecraft:play_time":76368,"tombstone:undead_killed":1,"minecraft:deaths":2,"minecraft:sneak_time":1765,"minecraft:walk_under_water_one_cm":14865,"minecraft:boat_one_cm":45331,"minecraft:jump":1378,"minecraft:walk_on_water_one_cm":12173,"minecraft:total_world_time":76368,"minecraft:fall_one_cm":28353},"minecraft:dropped":{"minecraft:wheat_seeds":2,"minecraft:glass_bottle":1,"minecraft:leather_helmet":1,"butchercraft:lamb_scraps":1,"minecraft:leather_boots":1,"minecraft:potion":154,"minecraft:leather_leggings":3,"minecraft:wooden_sword":1,"minecraft:string":1},"minecraft:used":{"minecraft:oak_fence":1,"minecraft:leather_leggings":1,"minecraft:flint_and_steel":1,"minecraft:snow_block":28,"minecraft:glass_bottle":1,"minecraft:wooden_pickaxe":5,"butchercraft:butcher_knife":5,"minecraft:spruce_planks":10,"minecraft:shield":51,"minecraft:iron_sword":40,"minecraft:white_wool":1,"minecraft:torch":1,"minecraft:dirt":5,"minecraft:crafting_table":2,"minecraft:dripstone_block":10,"minecraft:tuff":1,"minecraft:spruce_fence":1,"minecraft:honey_bottle":4,"minecraft:spruce_boat":2,"minecraft:wooden_axe":23,"minecraft:bread":3,"minecraft:iron_pickaxe":116,"minecraft:wooden_sword":2,"minecraft:cobblestone":4,"minecraft:potion":58,"travelersbackpack:standard":2,"minecraft:cobbled_deepslate":13,"tombstone:gift":1,"alexsmobs:animal_dictionary":1,"alexsmobs:leafcutter_ant_chamber":1,"minecraft:cooked_beef":23},"minecraft:crafted":{"minecraft:oak_planks":12,"minecraft:crafting_table":2,"minecraft:spruce_planks":216,"minecraft:wooden_pickaxe":1,"minecraft:stick":8,"minecraft:iron_ingot":1,"minecraft:wooden_axe":2,"minecraft:snow_block":28,"minecraft:spruce_boat":2},"minecraft:killed":{"alexsmobs:seal":1,"minecraft:sheep":5,"minecraft:pillager":2,"minecraft:zombie":1,"alexsmobs:blue_jay":1},"minecraft:broken":{"minecraft:wooden_axe":1},"minecraft:mined":{"minecraft:deepslate_redstone_ore":5,"minecraft:tuff":2,"minecraft:spruce_planks":3,"minecraft:oak_fence":1,"minecraft:acacia_log":9,"minecraft:grass_block":1,"alexsmobs:leafcutter_ant_chamber":1,"minecraft:spruce_leaves":13,"minecraft:deepslate_gold_ore":1,"minecraft:wall_torch":2,"minecraft:deepslate_copper_ore":21,"minecraft:spruce_sapling":1,"minecraft:cobbled_deepslate":2,"minecraft:spruce_log":7,"minecraft:pointed_dripstone":10,"minecraft:deepslate_lapis_ore":2,"minecraft:grass":1,"minecraft:deepslate_iron_ore":6,"chococraft:gysahl_green":1,"minecraft:oak_log":2,"minecraft:dripstone_block":10,"minecraft:gravel":1,"minecraft:dirt":4,"minecraft:packed_ice":4,"minecraft:cobweb":1,"minecraft:stonecutter":1,"minecraft:stone":6,"minecraft:oak_leaves":3,"minecraft:deepslate":44}},"DataVersion":3120}