{"stats":{"minecraft:custom":{"minecraft:time_since_rest":921,"minecraft:sprint_one_cm":46670,"minecraft:damage_taken":1379,"minecraft:walk_one_cm":61418,"minecraft:drop":6,"minecraft:damage_dealt":128,"minecraft:swim_one_cm":2258,"minecraft:interact_with_crafting_table":7,"minecraft:fly_one_cm":51098,"minecraft:player_kills":1,"minecraft:crouch_one_cm":2877,"minecraft:play_time":29114,"minecraft:deaths":4,"minecraft:sneak_time":1895,"minecraft:walk_under_water_one_cm":1538,"minecraft:jump":494,"minecraft:leave_game":7,"minecraft:time_since_death":891,"minecraft:walk_on_water_one_cm":1793,"minecraft:total_world_time":29114,"minecraft:fall_one_cm":14179},"minecraft:used":{"minecraft:wooden_axe":2,"tconstruct:sky_congealed_slime":1,"tconstruct:sky_slime_sapling":1,"minecraft:bread":5,"minecraft:spruce_planks":130,"minecraft:wooden_pickaxe":10,"minecraft:stone_axe":3,"minecraft:wooden_sword":10,"minecraft:dirt":24,"minecraft:potion":3,"minecraft:crafting_table":2,"tconstruct:sky_slime_dirt":1,"tconstruct:earth_slime_dirt":1},"minecraft:killed_by":{"minecraft:creeper":3},"minecraft:mined":{"minecraft:podzol":1,"minecraft:sweet_berry_bush":1,"minecraft:spruce_log":7,"tconstruct:earth_slime_dirt":5,"minecraft:grass_block":2,"minecraft:dirt":4,"minecraft:spruce_leaves":6,"minecraft:stone":3,"tconstruct:sky_slime_dirt":1,"minecraft:oak_leaves":1,"minecraft:fern":2,"tconstruct:sky_congealed_slime":2},"minecraft:broken":{"minecraft:wooden_axe":2,"minecraft:stone_axe":1},"minecraft:crafted":{"tconstruct:skyroot_planks":20,"minecraft:crafting_table":2,"minecraft:spruce_planks":280,"minecraft:stick":4,"minecraft:wooden_pickaxe":2,"minecraft:wooden_axe":3,"minecraft:stone_axe":1,"tconstruct:sky_congealed_slime":1},"minecraft:dropped":{"minecraft:rotten_flesh":6},"minecraft:picked_up":{"minecraft:wooden_axe":3,"minecraft:stick":12,"minecraft:wooden_pickaxe":3,"tconstruct:materials_and_you":5,"tconstruct:skyroot_log":33,"tconstruct:skyroot_planks":60,"minecraft:potion":448,"tconstruct:sky_slime_dirt":1,"minecraft:spruce_sapling":52,"minecraft:shield":3,"minecraft:spruce_log":740,"minecraft:string":1,"alexsmobs:animal_dictionary":3,"minecraft:dirt":35,"tconstruct:earth_slime_dirt":5,"minecraft:leather_boots":2,"minecraft:wooden_sword":1,"artifacts:snorkel":3,"travelersbackpack:standard":1,"minecraft:bone":4,"tconstruct:sky_slime_ball":44,"minecraft:arrow":2,"minecraft:rotten_flesh":12,"minecraft:wheat_seeds":4,"minecraft:spruce_planks":22,"artifacts:aqua_dashers":1,"minecraft:bread":96,"minecraft:glass_bottle":10,"tconstruct:sky_slime_sapling":10,"minecraft:cobblestone":3}},"DataVersion":3120}