{"stats":{"minecraft:custom":{"minecraft:mob_kills":5,"minecraft:interact_with_crafting_table":15,"minecraft:open_barrel":15,"minecraft:leave_game":10,"minecraft:time_since_death":8971,"minecraft:climb_one_cm":2277,"minecraft:sprint_one_cm":175782,"minecraft:walk_one_cm":286389,"minecraft:damage_blocked_by_shield":317,"minecraft:drop":11,"minecraft:talked_to_villager":2,"minecraft:play_time":101179,"minecraft:deaths":16,"minecraft:sneak_time":4088,"minecraft:walk_under_water_one_cm":51770,"minecraft:jump":1853,"minecraft:walk_on_water_one_cm":15045,"minecraft:total_world_time":101179,"minecraft:interact_with_furnace":11,"minecraft:sleep_in_bed":3,"minecraft:time_since_rest":6180,"minecraft:waystone_activated":2,"minecraft:damage_taken":5355,"minecraft:damage_dealt":1999,"minecraft:swim_one_cm":66652,"minecraft:fly_one_cm":223410,"minecraft:player_kills":1,"minecraft:open_chest":11,"minecraft:crouch_one_cm":4991,"minecraft:fall_one_cm":47116},"minecraft:used":{"minecraft:iron_bars":2,"minecraft:spruce_planks":139,"minecraft:shield":7,"minecraft:iron_sword":39,"minecraft:torch":83,"minecraft:dirt":46,"minecraft:carrot":4,"minecraft:tuff":1,"minecraft:wooden_axe":2,"minecraft:dark_oak_planks":12,"tconstruct:sky_congealed_slime":1,"minecraft:stone_bricks":4,"minecraft:potato":8,"minecraft:cobbled_deepslate":26,"minecraft:water_bucket":19,"minecraft:stone_pickaxe":8,"minecraft:wooden_pickaxe":25,"minecraft:crafting_table":5,"minecraft:magenta_bed":1,"minecraft:white_bed":1,"tconstruct:sky_slime_dirt":1,"minecraft:apple":1,"tconstruct:sky_slime_sapling":1,"minecraft:bread":22,"minecraft:iron_pickaxe":174,"minecraft:leather_helmet":1,"minecraft:stone_axe":3,"minecraft:wooden_sword":10,"minecraft:cobblestone":29,"minecraft:potion":20,"travelersbackpack:standard":1,"minecraft:bucket":20,"tconstruct:earth_slime_dirt":1},"minecraft:killed_by":{"minecraft:player":1,"minecraft:creeper":3,"irons_spellbooks:necromancer":1,"minecraft:skeleton":1,"minecraft:zombie":1,"irons_spellbooks:archevoker":3},"minecraft:mined":{"create:zinc_ore":5,"minecraft:tuff":1,"minecraft:spruce_planks":1,"minecraft:white_bed":1,"minecraft:mossy_cobblestone":1,"create:andesite_casing":2,"minecraft:grass_block":2,"minecraft:coal_block":4,"minecraft:spruce_leaves":12,"minecraft:magma_block":1,"minecraft:furnace":5,"minecraft:barrel":1,"minecraft:iron_ore":5,"minecraft:cobbled_deepslate":1,"minecraft:andesite":57,"minecraft:deepslate_iron_ore":6,"minecraft:iron_bars":2,"minecraft:packed_ice":6,"minecraft:stone":31,"tconstruct:sky_slime_dirt":1,"ad_astra:sky_stone":1,"minecraft:podzol":1,"minecraft:blackstone":1,"minecraft:basalt":1,"minecraft:crafting_table":1,"minecraft:copper_ore":8,"minecraft:cobblestone":6,"minecraft:deepslate_gold_ore":5,"minecraft:green_stained_glass_pane":2,"minecraft:coarse_dirt":1,"minecraft:blue_ice":2,"minecraft:sweet_berry_bush":1,"minecraft:ice":2,"minecraft:magenta_bed":1,"minecraft:spruce_log":10,"tconstruct:earth_slime_dirt":5,"minecraft:grass":1,"minecraft:coal_ore":1,"minecraft:dirt":45,"minecraft:stone_bricks":9,"minecraft:oak_leaves":1,"minecraft:deepslate":29,"minecraft:fern":2,"tconstruct:sky_congealed_slime":2,"minecraft:infested_deepslate":2},"minecraft:broken":{"minecraft:stone_axe":1,"minecraft:wooden_axe":2},"minecraft:crafted":{"minecraft:coal":36,"minecraft:iron_nugget":18,"minecraft:stone_pickaxe":1,"minecraft:dark_oak_planks":24,"tconstruct:skyroot_planks":20,"create:andesite_alloy":9,"minecraft:crafting_table":6,"minecraft:spruce_planks":420,"minecraft:wooden_pickaxe":2,"minecraft:iron_sword":1,"minecraft:bucket":1,"minecraft:stone_axe":2,"tconstruct:sky_congealed_slime":1,"minecraft:air":0,"minecraft:stick":32,"minecraft:iron_ingot":5,"minecraft:iron_pickaxe":1,"minecraft:wooden_axe":3,"minecraft:iron_leggings":1,"create:shaft":8,"minecraft:torch":84},"minecraft:dropped":{"minecraft:torch":1,"minecraft:rotten_flesh":8,"minecraft:diamond_pickaxe":1,"minecraft:raw_gold":1},"minecraft:killed":{"alexsmobs:lobster":1,"minecraft:skeleton":1,"minecraft:silverfish":1,"minecraft:iron_golem":1,"minecraft:zombie":3},"minecraft:picked_up":{"minecraft:wooden_axe":3,"minecraft:charcoal":1,"minecraft:crafting_table":1,"minecraft:coarse_dirt":2,"minecraft:flower_pot":1,"tconstruct:skyroot_log":33,"tconstruct:materials_and_you":5,"minecraft:wooden_pickaxe":3,"minecraft:potion":511,"minecraft:gilded_blackstone":31,"immersiveengineering:turntable":1,"ad_astra:sky_stone":1,"minecraft:shield":3,"minecraft:string":5,"tconstruct:earth_slime_dirt":5,"minecraft:raw_copper":21,"minecraft:wooden_sword":1,"minecraft:iron_leggings":1,"minecraft:cobbled_deepslate":49,"minecraft:spruce_planks":93,"artifacts:aqua_dashers":2,"minecraft:poppy":1,"minecraft:iron_pickaxe":3,"minecraft:coal_block":4,"minecraft:furnace":5,"minecraft:raw_iron":11,"minecraft:stick":12,"minecraft:torch":14,"create:andesite_casing":2,"tconstruct:skyroot_planks":60,"tconstruct:sky_slime_dirt":1,"minecraft:dark_oak_planks":2,"artifacts:snorkel":6,"tconstruct:sky_slime_ball":44,"minecraft:arrow":4,"minecraft:rotten_flesh":20,"minecraft:iron_bars":2,"minecraft:cobblestone":38,"minecraft:magma_block":1,"minecraft:basalt":1,"minecraft:andesite":53,"minecraft:potato":1,"minecraft:tuff":1,"create:raw_zinc":5,"minecraft:magenta_bed":1,"minecraft:dirt":75,"minecraft:leather_boots":2,"minecraft:red_carpet":1,"minecraft:bone":6,"minecraft:stone_bricks":10,"minecraft:wheat_seeds":4,"minecraft:raw_gold":6,"minecraft:iron_ingot":5,"minecraft:glass_bottle":28,"tconstruct:sky_slime_sapling":10,"minecraft:dark_oak_stairs":1,"minecraft:book":1,"minecraft:dark_oak_slab":1,"minecraft:spruce_sapling":52,"minecraft:white_bed":1,"minecraft:spruce_log":743,"minecraft:barrel":1,"alexsmobs:animal_dictionary":3,"minecraft:mossy_cobblestone":1,"travelersbackpack:standard":2,"minecraft:bread":96,"minecraft:coal":19,"minecraft:diamond_pickaxe":1}},"DataVersion":3120}