{"stats":{"minecraft:picked_up":{"minecraft:clay_ball":35,"minecraft:leather_leggings":2,"minecraft:potion":258,"butchercraft:lamb_ribs":2,"create:copper_diving_boots":1,"minecraft:string":10,"aquamirae:pirate_pouch":1,"minecraft:moss_carpet":2,"minecraft:raw_copper":192,"butchercraft:lamb_stewmeat":6,"minecraft:cobbled_deepslate":121,"minecraft:spruce_planks":4,"butchercraft:kidney":2,"butchercraft:paper_hat":1,"butchercraft:fat":8,"minecraft:spruce_slab":1,"minecraft:iron_pickaxe":1,"butchercraft:apron":1,"alexsmobs:leafcutter_ant_chamber":1,"minecraft:raw_iron":6,"minecraft:stick":10,"minecraft:oak_fence":1,"minecraft:torch":396,"minecraft:acacia_log":17,"minecraft:spruce_fence":1,"butchercraft:sinew":14,"create:copper_backtank":2,"tombstone:grave_dust":3,"minecraft:pointed_dripstone":35,"butchercraft:cubed_lamb":2,"minecraft:redstone":25,"butchercraft:sheep_hide":1,"butchercraft:lung":2,"butchercraft:bone_saw":1,"butchercraft:meat_hook_item":65,"minecraft:honey_bottle":112,"minecraft:arrow":7,"minecraft:rotten_flesh":6,"butchercraft:boots":1,"alexsmobs:emu_egg":1,"butchercraft:blood_fluid_bucket":3,"tombstone:essence_of_undeath":1,"butchercraft:sheep_head_item":1,"minecraft:mutton":10,"minecraft:white_wool":8,"minecraft:cobblestone":42,"butchercraft:tripe":4,"minecraft:cooked_beef":64,"butchercraft:lamb_roast":7,"minecraft:glow_ink_sac":8,"minecraft:water_bucket":1,"minecraft:andesite":8,"minecraft:tuff":1,"create:raw_zinc":3,"minecraft:oak_log":3,"minecraft:lapis_lazuli":9,"minecraft:dirt":14,"butchercraft:gloves":1,"minecraft:bone":19,"chococraft:gysahl_green":4,"butchercraft:mask":1,"minecraft:stonecutter":1,"minecraft:bow":2,"minecraft:wheat_seeds":5,"minecraft:raw_gold":1,"butchercraft:liver":1,"minecraft:glass_bottle":77,"minecraft:acacia_sapling":4,"minecraft:iron_sword":1,"minecraft:sweet_berries":3,"minecraft:dripstone_block":20,"minecraft:gravel":4,"butchercraft:heart":1,"minecraft:spruce_sapling":10,"chococraft:gysahl_green_seeds":1,"butchercraft:barn_wood_block_item":2,"minecraft:spruce_log":54,"butchercraft:sheep_carcass":3,"minecraft:leather_helmet":1,"butchercraft:leather_scrap":6,"travelersbackpack:standard":1,"minecraft:diamond":4,"butchercraft:lamb_scraps":10,"minecraft:crossbow":1,"butchercraft:stomach":1,"butchercraft:cow_hood":1,"minecraft:emerald":2,"butchercraft:skinning_knife":1,"minecraft:oak_sapling":1,"tombstone:magic_scroll":1,"butchercraft:gut_knife":1,"butchercraft:butcher_knife":1},"minecraft:killed_by":{"minecraft:sheep":2,"minecraft:skeleton":1},"minecraft:custom":{"minecraft:interact_with_smithing_table":1,"minecraft:mob_kills":56,"minecraft:interact_with_crafting_table":18,"minecraft:open_barrel":50,"minecraft:leave_game":3,"minecraft:time_since_death":21864,"minecraft:climb_one_cm":807,"minecraft:sprint_one_cm":181618,"minecraft:walk_one_cm":321935,"minecraft:damage_blocked_by_shield":1900,"minecraft:drop":30,"minecraft:talked_to_villager":1,"minecraft:play_time":198430,"minecraft:deaths":4,"minecraft:sneak_time":5808,"minecraft:walk_under_water_one_cm":811198,"minecraft:boat_one_cm":45331,"minecraft:jump":2649,"minecraft:walk_on_water_one_cm":134040,"minecraft:total_world_time":198430,"minecraft:interact_with_furnace":2,"spartanshields:shield_bash_hits":4,"tombstone:raider_killed":2,"minecraft:sleep_in_bed":1,"minecraft:time_since_rest":19465,"minecraft:damage_taken":4682,"minecraft:damage_dealt":4800,"minecraft:swim_one_cm":143754,"minecraft:fly_one_cm":505352,"minecraft:open_chest":28,"minecraft:crouch_one_cm":3750,"tombstone:undead_killed":18,"minecraft:fall_one_cm":61374},"minecraft:dropped":{"minecraft:water_bucket":1,"minecraft:wheat_seeds":2,"minecraft:glass_bottle":1,"minecraft:leather_helmet":1,"create:copper_diving_helmet":1,"butchercraft:lamb_scraps":1,"minecraft:torch":54,"create:copper_diving_boots":2,"create:copper_backtank":4,"minecraft:potion":154,"minecraft:wooden_sword":1,"minecraft:string":1,"minecraft:deepslate":1,"minecraft:pointed_dripstone":64,"minecraft:leather_chestplate":1,"minecraft:leather_boots":1,"minecraft:leather_leggings":3},"minecraft:used":{"minecraft:oak_fence":1,"minecraft:acacia_log":1,"minecraft:flint_and_steel":7,"minecraft:spruce_slab":31,"minecraft:chest":2,"butchercraft:butcher_knife":5,"minecraft:spruce_planks":82,"minecraft:shield":74,"minecraft:iron_sword":116,"minecraft:torch":191,"minecraft:dirt":5,"witherstormmod:formidibomb":8,"minecraft:tuff":31,"minecraft:spruce_fence":1,"minecraft:honey_bottle":4,"minecraft:spruce_boat":2,"butchercraft:blood_fluid_bucket":2,"minecraft:wooden_axe":23,"butchercraft:barn_wood_block_item":13,"minecraft:bedrock":1,"minecraft:furnace":1,"tombstone:gift":2,"butchercraft:sheep_head_item":1,"minecraft:cooked_beef":45,"minecraft:cobbled_deepslate":26,"minecraft:water_bucket":6708,"minecraft:leather_leggings":2,"minecraft:snow_block":28,"butchercraft:meat_hook_item":4,"minecraft:glass_bottle":1,"minecraft:stone_pickaxe":2,"minecraft:wooden_pickaxe":8,"minecraft:white_wool":1,"minecraft:crafting_table":3,"minecraft:dripstone_block":20,"create:copper_backtank":4,"minecraft:bread":4,"minecraft:string":14,"minecraft:iron_pickaxe":251,"minecraft:deepslate":112,"minecraft:golden_leggings":1,"butchercraft:lamb_scraps":1,"minecraft:wooden_sword":2,"minecraft:cobblestone":365,"minecraft:potion":91,"travelersbackpack:standard":2,"minecraft:bucket":8,"alexsmobs:animal_dictionary":1,"alexsmobs:leafcutter_ant_chamber":1},"minecraft:crafted":{"minecraft:oak_planks":12,"minecraft:furnace":1,"minecraft:spruce_slab":30,"minecraft:stone_pickaxe":1,"minecraft:chest":2,"minecraft:spruce_boat":2,"minecraft:crafting_table":3,"minecraft:spruce_planks":216,"minecraft:wooden_pickaxe":1,"butchercraft:barn_wood_block_item":16,"minecraft:stick":8,"minecraft:iron_ingot":1,"minecraft:wooden_axe":2,"minecraft:snow_block":28,"minecraft:acacia_planks":64},"minecraft:killed":{"minecraft:spider":3,"minecraft:skeleton":8,"alexsmobs:blue_jay":1,"artifacts:mimic":1,"mowziesmobs:grottol":1,"alexsmobs:seal":1,"minecraft:bat":1,"minecraft:creeper":7,"minecraft:sheep":5,"minecraft:pillager":2,"minecraft:zombie":10,"minecraft:glow_squid":8,"minecraft:enderman":1},"minecraft:broken":{"minecraft:leather_helmet":1,"minecraft:shield":1,"minecraft:leather_boots":1,"minecraft:iron_pickaxe":1,"minecraft:wooden_axe":1},"minecraft:mined":{"create:zinc_ore":2,"create:deepslate_zinc_ore":1,"minecraft:tuff":2,"minecraft:spruce_planks":4,"minecraft:deepslate_diamond_ore":3,"minecraft:acacia_log":9,"minecraft:grass_block":1,"alexsmobs:leafcutter_ant_chamber":1,"minecraft:spruce_leaves":13,"minecraft:spruce_sapling":1,"minecraft:cobbled_deepslate":2,"minecraft:andesite":2,"minecraft:deepslate_lapis_ore":2,"minecraft:pointed_dripstone":10,"chococraft:gysahl_green":1,"minecraft:deepslate_iron_ore":6,"minecraft:packed_ice":4,"minecraft:stone":28,"minecraft:spruce_slab":1,"minecraft:deepslate_redstone_ore":5,"minecraft:oak_fence":1,"minecraft:clay":1,"minecraft:tall_grass":1,"minecraft:cobblestone":15,"minecraft:deepslate_gold_ore":1,"minecraft:wall_torch":2,"minecraft:deepslate_copper_ore":57,"minecraft:spruce_log":7,"minecraft:grass":3,"minecraft:oak_log":2,"butchercraft:barn_wood_block":2,"minecraft:gravel":2,"minecraft:dripstone_block":20,"minecraft:dirt":4,"minecraft:cobweb":1,"minecraft:stonecutter":1,"minecraft:oak_leaves":3,"minecraft:deepslate":88}},"DataVersion":3120}