{"stats":{"minecraft:custom":{"minecraft:interact_with_furnace":11,"minecraft:mob_kills":4,"minecraft:interact_with_crafting_table":14,"minecraft:open_barrel":1,"minecraft:leave_game":9,"minecraft:time_since_death":37930,"minecraft:sleep_in_bed":2,"minecraft:climb_one_cm":968,"minecraft:time_since_rest":19464,"minecraft:waystone_activated":1,"minecraft:sprint_one_cm":125485,"minecraft:damage_taken":1982,"minecraft:walk_one_cm":196767,"minecraft:damage_blocked_by_shield":50,"minecraft:drop":9,"minecraft:damage_dealt":1762,"minecraft:player_kills":1,"minecraft:swim_one_cm":2258,"minecraft:fly_one_cm":122439,"minecraft:open_chest":7,"minecraft:crouch_one_cm":4041,"minecraft:play_time":66153,"minecraft:deaths":4,"minecraft:sneak_time":2698,"minecraft:walk_under_water_one_cm":11688,"minecraft:jump":1232,"minecraft:walk_on_water_one_cm":5673,"minecraft:total_world_time":66153,"minecraft:fall_one_cm":32155},"minecraft:used":{"minecraft:water_bucket":19,"minecraft:stone_pickaxe":6,"minecraft:wooden_pickaxe":25,"minecraft:spruce_planks":130,"minecraft:shield":4,"minecraft:iron_sword":38,"minecraft:torch":68,"minecraft:dirt":24,"minecraft:crafting_table":5,"minecraft:white_bed":1,"tconstruct:sky_slime_dirt":1,"minecraft:wooden_axe":2,"minecraft:dark_oak_planks":12,"tconstruct:sky_congealed_slime":1,"tconstruct:sky_slime_sapling":1,"minecraft:bread":20,"minecraft:iron_pickaxe":148,"minecraft:leather_helmet":1,"minecraft:stone_axe":3,"minecraft:wooden_sword":10,"minecraft:cobblestone":11,"minecraft:potion":16,"minecraft:bucket":20,"minecraft:cobbled_deepslate":26,"tconstruct:earth_slime_dirt":1},"minecraft:killed_by":{"minecraft:creeper":3},"minecraft:mined":{"minecraft:podzol":1,"create:zinc_ore":5,"minecraft:tuff":1,"minecraft:white_bed":1,"minecraft:blackstone":1,"create:andesite_casing":2,"minecraft:basalt":1,"minecraft:crafting_table":1,"minecraft:grass_block":2,"minecraft:coal_block":4,"minecraft:copper_ore":8,"minecraft:cobblestone":4,"minecraft:spruce_leaves":8,"minecraft:deepslate_gold_ore":5,"minecraft:magma_block":1,"minecraft:furnace":4,"minecraft:iron_ore":5,"minecraft:cobbled_deepslate":1,"minecraft:sweet_berry_bush":1,"minecraft:blue_ice":2,"minecraft:spruce_log":7,"minecraft:andesite":57,"tconstruct:earth_slime_dirt":5,"minecraft:grass":1,"minecraft:coal_ore":1,"minecraft:deepslate_iron_ore":6,"minecraft:dirt":4,"minecraft:packed_ice":1,"minecraft:stone":28,"tconstruct:sky_slime_dirt":1,"ad_astra:sky_stone":1,"minecraft:oak_leaves":1,"minecraft:deepslate":29,"minecraft:fern":2,"tconstruct:sky_congealed_slime":2,"minecraft:infested_deepslate":2},"minecraft:broken":{"minecraft:stone_axe":1,"minecraft:wooden_axe":2},"minecraft:crafted":{"tconstruct:skyroot_planks":20,"create:andesite_alloy":9,"minecraft:coal":36,"minecraft:iron_nugget":18,"minecraft:crafting_table":5,"minecraft:spruce_planks":408,"minecraft:wooden_pickaxe":2,"minecraft:iron_sword":1,"minecraft:bucket":1,"minecraft:stone_axe":2,"tconstruct:sky_congealed_slime":1,"minecraft:air":0,"minecraft:stick":28,"minecraft:iron_ingot":5,"minecraft:iron_pickaxe":1,"minecraft:stone_pickaxe":1,"minecraft:wooden_axe":3,"minecraft:iron_leggings":1,"create:shaft":8,"minecraft:dark_oak_planks":24,"minecraft:torch":68},"minecraft:killed":{"minecraft:iron_golem":1,"minecraft:skeleton":1,"minecraft:zombie":3,"minecraft:silverfish":1},"minecraft:dropped":{"minecraft:rotten_flesh":8,"minecraft:raw_gold":1},"minecraft:picked_up":{"minecraft:wooden_axe":3,"minecraft:crafting_table":1,"minecraft:magma_block":1,"minecraft:basalt":1,"minecraft:andesite":53,"minecraft:wooden_pickaxe":3,"tconstruct:materials_and_you":5,"tconstruct:skyroot_log":33,"minecraft:potato":1,"minecraft:potion":448,"immersiveengineering:turntable":1,"minecraft:gilded_blackstone":31,"minecraft:tuff":1,"create:raw_zinc":5,"ad_astra:sky_stone":1,"minecraft:shield":3,"minecraft:string":1,"minecraft:dirt":35,"tconstruct:earth_slime_dirt":5,"minecraft:raw_copper":21,"minecraft:wooden_sword":1,"minecraft:leather_boots":2,"minecraft:bone":6,"minecraft:wheat_seeds":4,"minecraft:cobbled_deepslate":26,"minecraft:raw_gold":6,"minecraft:spruce_planks":22,"artifacts:aqua_dashers":1,"minecraft:iron_ingot":5,"minecraft:poppy":1,"minecraft:glass_bottle":23,"minecraft:coal_block":4,"tconstruct:sky_slime_sapling":10,"minecraft:furnace":4,"minecraft:stick":12,"minecraft:raw_iron":11,"create:andesite_casing":2,"tconstruct:skyroot_planks":60,"tconstruct:sky_slime_dirt":1,"minecraft:spruce_sapling":52,"minecraft:white_bed":1,"minecraft:spruce_log":740,"alexsmobs:animal_dictionary":3,"travelersbackpack:standard":1,"artifacts:snorkel":3,"tconstruct:sky_slime_ball":44,"minecraft:arrow":4,"minecraft:rotten_flesh":17,"minecraft:bread":96,"minecraft:coal":1,"minecraft:cobblestone":33}},"DataVersion":3120}