{"stats":{"minecraft:custom":{"minecraft:interact_with_furnace":10,"minecraft:interact_with_crafting_table":11,"minecraft:leave_game":7,"minecraft:time_since_death":12891,"minecraft:sleep_in_bed":1,"minecraft:time_since_rest":1022,"minecraft:waystone_activated":1,"minecraft:sprint_one_cm":58326,"minecraft:damage_taken":1379,"minecraft:walk_one_cm":90742,"minecraft:drop":8,"minecraft:damage_dealt":198,"minecraft:swim_one_cm":2258,"minecraft:player_kills":1,"minecraft:fly_one_cm":65787,"minecraft:open_chest":3,"minecraft:crouch_one_cm":3146,"minecraft:play_time":41114,"minecraft:deaths":4,"minecraft:sneak_time":2037,"minecraft:walk_under_water_one_cm":1538,"minecraft:jump":677,"minecraft:walk_on_water_one_cm":2338,"minecraft:total_world_time":41114,"minecraft:fall_one_cm":18061},"minecraft:used":{"minecraft:stone_pickaxe":6,"minecraft:spruce_planks":130,"minecraft:wooden_pickaxe":25,"minecraft:iron_sword":1,"minecraft:dirt":24,"minecraft:crafting_table":4,"minecraft:white_bed":1,"tconstruct:sky_slime_dirt":1,"minecraft:dark_oak_planks":12,"minecraft:wooden_axe":2,"tconstruct:sky_congealed_slime":1,"tconstruct:sky_slime_sapling":1,"minecraft:bread":6,"minecraft:iron_pickaxe":69,"minecraft:stone_axe":3,"minecraft:wooden_sword":10,"minecraft:cobblestone":5,"minecraft:potion":4,"tconstruct:earth_slime_dirt":1},"minecraft:killed_by":{"minecraft:creeper":3},"minecraft:mined":{"create:zinc_ore":5,"minecraft:podzol":1,"minecraft:white_bed":1,"minecraft:blackstone":1,"create:andesite_casing":2,"minecraft:basalt":1,"minecraft:grass_block":2,"minecraft:coal_block":4,"minecraft:copper_ore":8,"minecraft:spruce_leaves":8,"minecraft:magma_block":1,"minecraft:furnace":4,"minecraft:sweet_berry_bush":1,"minecraft:blue_ice":2,"minecraft:spruce_log":7,"minecraft:andesite":40,"tconstruct:earth_slime_dirt":5,"minecraft:grass":1,"minecraft:coal_ore":1,"minecraft:dirt":4,"minecraft:stone":21,"tconstruct:sky_slime_dirt":1,"ad_astra:sky_stone":1,"minecraft:oak_leaves":1,"minecraft:fern":2,"tconstruct:sky_congealed_slime":2},"minecraft:broken":{"minecraft:stone_axe":1,"minecraft:wooden_axe":2},"minecraft:crafted":{"tconstruct:skyroot_planks":20,"create:andesite_alloy":9,"minecraft:iron_nugget":18,"minecraft:crafting_table":4,"minecraft:spruce_planks":408,"minecraft:wooden_pickaxe":2,"minecraft:iron_sword":1,"minecraft:stone_axe":2,"tconstruct:sky_congealed_slime":1,"minecraft:air":0,"minecraft:stick":20,"minecraft:iron_pickaxe":1,"minecraft:iron_ingot":5,"minecraft:stone_pickaxe":1,"minecraft:wooden_axe":3,"create:shaft":8,"minecraft:dark_oak_planks":24},"minecraft:dropped":{"minecraft:rotten_flesh":8},"minecraft:picked_up":{"minecraft:wooden_axe":3,"minecraft:magma_block":1,"minecraft:basalt":1,"minecraft:andesite":37,"tconstruct:skyroot_log":33,"tconstruct:materials_and_you":5,"minecraft:wooden_pickaxe":3,"minecraft:potato":1,"minecraft:potion":448,"immersiveengineering:turntable":1,"minecraft:gilded_blackstone":31,"create:raw_zinc":5,"ad_astra:sky_stone":1,"minecraft:shield":3,"minecraft:dirt":35,"minecraft:string":1,"tconstruct:earth_slime_dirt":5,"minecraft:raw_copper":21,"minecraft:wooden_sword":1,"minecraft:leather_boots":2,"minecraft:bone":4,"minecraft:wheat_seeds":4,"minecraft:spruce_planks":22,"artifacts:aqua_dashers":1,"minecraft:glass_bottle":11,"minecraft:coal_block":4,"tconstruct:sky_slime_sapling":10,"minecraft:furnace":4,"minecraft:stick":12,"create:andesite_casing":2,"tconstruct:skyroot_planks":60,"tconstruct:sky_slime_dirt":1,"minecraft:spruce_sapling":52,"minecraft:white_bed":1,"minecraft:spruce_log":740,"alexsmobs:animal_dictionary":3,"travelersbackpack:standard":1,"artifacts:snorkel":3,"tconstruct:sky_slime_ball":44,"minecraft:arrow":2,"minecraft:rotten_flesh":15,"minecraft:bread":96,"minecraft:coal":1,"minecraft:cobblestone":21}},"DataVersion":3120}