{"stats":{"minecraft:custom":{"minecraft:interact_with_smithing_table":1,"minecraft:mob_kills":14,"minecraft:interact_with_crafting_table":14,"minecraft:open_barrel":39,"minecraft:bell_ring":4,"minecraft:leave_game":3,"minecraft:time_since_death":5361,"minecraft:climb_one_cm":3321,"minecraft:sprint_one_cm":374933,"minecraft:walk_one_cm":407781,"minecraft:damage_blocked_by_shield":270,"minecraft:drop":34,"minecraft:play_time":135909,"minecraft:deaths":7,"minecraft:sneak_time":2846,"minecraft:walk_under_water_one_cm":4229,"minecraft:interact_with_lectern":2,"minecraft:jump":3145,"minecraft:walk_on_water_one_cm":10991,"minecraft:total_world_time":135909,"minecraft:interact_with_furnace":5,"minecraft:interact_with_grindstone":1,"minecraft:sleep_in_bed":3,"minecraft:time_since_rest":5396,"minecraft:waystone_activated":2,"minecraft:damage_taken":3265,"minecraft:damage_dealt":1601,"minecraft:swim_one_cm":13671,"minecraft:fly_one_cm":607249,"minecraft:open_chest":17,"minecraft:crouch_one_cm":9533,"minecraft:fall_one_cm":65663},"minecraft:used":{"minecraft:flint_and_steel":7,"minecraft:spruce_planks":162,"minecraft:shield":4,"minecraft:iron_sword":9,"minecraft:torch":5,"minecraft:dirt":5,"minecraft:golden_chestplate":1,"minecraft:dark_oak_planks":26,"minecraft:lantern":3,"minecraft:iron_axe":12,"minecraft:stone_bricks":2,"minecraft:furnace":1,"minecraft:iron_leggings":1,"minecraft:water_bucket":1,"minecraft:stone_pickaxe":33,"minecraft:wooden_pickaxe":37,"minecraft:dark_oak_trapdoor":2,"minecraft:crafting_table":5,"minecraft:crossbow":3,"minecraft:white_bed":1,"tconstruct:sky_slime_sapling":2,"minecraft:bread":41,"minecraft:iron_pickaxe":34,"minecraft:leather_helmet":1,"minecraft:stone_axe":40,"minecraft:wooden_sword":11,"minecraft:cobblestone":47,"minecraft:potion":29,"travelersbackpack:standard":2,"minecraft:andesite":1,"alexsmobs:animal_dictionary":3,"minecraft:coarse_dirt":8,"minecraft:experience_bottle":1},"minecraft:killed_by":{"the_silence:the_silence_principal":2,"minecraft:player":1,"irons_spellbooks:archevoker":4},"minecraft:mined":{"minecraft:red_carpet":6,"minecraft:spruce_planks":5,"minecraft:candle":1,"minecraft:dark_oak_log":1,"minecraft:dark_oak_fence":9,"minecraft:grass_block":5,"minecraft:coal_block":9,"minecraft:spruce_leaves":2,"minecraft:rooted_dirt":1,"minecraft:large_fern":3,"minecraft:hay_block":1,"minecraft:magma_block":1,"minecraft:furnace":1,"minecraft:dark_oak_trapdoor":2,"minecraft:iron_ore":5,"minecraft:barrel":1,"minecraft:fire":6,"immersiveengineering:turntable":1,"minecraft:dark_oak_stairs":4,"minecraft:potatoes":1,"minecraft:dirt_path":1,"minecraft:lantern":3,"minecraft:packed_ice":4,"minecraft:white_banner":1,"irons_spellbooks:inscription_table":1,"minecraft:stone":45,"immersiveengineering:ore_aluminum":4,"minecraft:podzol":1,"minecraft:stripped_dark_oak_log":14,"minecraft:basalt":3,"minecraft:crafting_table":2,"minecraft:cobblestone":17,"minecraft:sugar_cane":1,"minecraft:coarse_dirt":9,"minecraft:sweet_berry_bush":1,"minecraft:spruce_log":5,"minecraft:bee_nest":1,"minecraft:coal_ore":6,"minecraft:cracked_stone_bricks":3,"minecraft:stone_bricks":4,"pots_and_mimics:treasure_pot":2,"tconstruct:sky_congealed_slime":53,"minecraft:fern":1},"minecraft:crafted":{"minecraft:furnace":1,"minecraft:stone_pickaxe":1,"minecraft:dark_oak_planks":48,"minecraft:wheat":9,"minecraft:crafting_table":3,"minecraft:spruce_planks":176,"minecraft:wooden_pickaxe":1,"minecraft:stone_axe":1,"tconstruct:sky_congealed_slime":52,"minecraft:bread":3,"minecraft:stick":16,"minecraft:iron_ingot":4,"minecraft:iron_pickaxe":1,"minecraft:wooden_axe":1,"minecraft:white_bed":1,"minecraft:torch":4},"minecraft:killed":{"minecraft:spider":2,"alexsmobs:banana_slug":2,"minecraft:sheep":7,"minecraft:pillager":1,"irons_spellbooks:summoned_vex":2},"minecraft:dropped":{"minecraft:dark_oak_stairs":1,"minecraft:wheat_seeds":3,"minecraft:glass_bottle":8,"minecraft:feather":4,"minecraft:book":3,"minecraft:rooted_dirt":1,"minecraft:red_carpet":5,"butchercraft:lamb_scraps":4,"minecraft:dirt":1,"artifacts:snorkel":1,"tconstruct:sky_slime_ball":1,"minecraft:spruce_sapling":13,"alexsmobs:maggot":1,"minecraft:goat_horn":1,"minecraft:sugar_cane":2,"minecraft:coarse_dirt":1,"minecraft:stripped_dark_oak_log":2,"minecraft:poppy":3,"minecraft:spruce_planks":2,"minecraft:golden_leggings":2,"minecraft:basalt":1,"minecraft:magma_block":2,"immersiveengineering:seed":1},"minecraft:picked_up":{"minecraft:iron_chestplate":1,"minecraft:crafting_table":5,"minecraft:coarse_dirt":11,"minecraft:wooden_pickaxe":3,"minecraft:potion":938,"minecraft:golden_sword":3,"minecraft:shield":6,"minecraft:string":4,"minecraft:dark_oak_trapdoor":2,"minecraft:iron_axe":2,"minecraft:flint_and_steel":4,"minecraft:wooden_sword":3,"minecraft:iron_leggings":3,"minecraft:cracked_stone_bricks":3,"minecraft:candle":4,"minecraft:gold_nugget":38,"minecraft:bucket":1,"minecraft:spruce_planks":52,"artifacts:aqua_dashers":1,"irons_spellbooks:emerald_stoneplate_ring":1,"minecraft:iron_nugget":64,"minecraft:poppy":2,"minecraft:iron_pickaxe":4,"minecraft:sugar_cane":6,"minecraft:coal_block":27,"irons_spellbooks:inscription_table":2,"minecraft:iron_boots":1,"minecraft:furnace":7,"minecraft:golden_helmet":1,"minecraft:stick":5,"minecraft:raw_iron":8,"minecraft:torch":7,"minecraft:fire_charge":1,"minecraft:golden_chestplate":2,"minecraft:goat_horn":2,"minecraft:dark_oak_planks":13,"artifacts:snorkel":1,"tconstruct:sky_slime_ball":210,"minecraft:arrow":51,"minecraft:rotten_flesh":2,"minecraft:hay_block":1,"minecraft:gold_ingot":5,"minecraft:cobblestone":117,"minecraft:white_wool":19,"minecraft:magma_block":4,"minecraft:feather":4,"minecraft:basalt":2,"minecraft:andesite":50,"minecraft:water_bucket":3,"minecraft:golden_leggings":3,"create:raw_zinc":5,"minecraft:paper":10,"minecraft:dirt":9,"minecraft:lantern":4,"minecraft:white_banner":2,"minecraft:leather_boots":3,"minecraft:red_carpet":16,"minecraft:bone":2,"minecraft:apple":2,"minecraft:stone_bricks":9,"minecraft:wheat_seeds":5,"minecraft:raw_gold":11,"minecraft:iron_ingot":2,"minecraft:stone_pickaxe":3,"tconstruct:sky_congealed_slime":104,"minecraft:glass_bottle":44,"tconstruct:sky_slime_sapling":2,"minecraft:iron_sword":3,"minecraft:dark_oak_stairs":2,"minecraft:book":6,"immersiveengineering:raw_aluminum":8,"minecraft:spruce_sapling":12,"minecraft:spruce_log":44,"alexsmobs:animal_dictionary":3,"minecraft:leather_helmet":2,"travelersbackpack:standard":1,"immersiveengineering:seed":2,"minecraft:stone_axe":3,"minecraft:iron_helmet":1,"minecraft:crossbow":2,"butchercraft:lamb_scraps":22,"minecraft:bread":249,"minecraft:rooted_dirt":3,"alexsmobs:maggot":1,"minecraft:stripped_dark_oak_log":16,"minecraft:dark_oak_fence":3,"minecraft:coal":44}},"DataVersion":3120}