{"stats":{"minecraft:picked_up":{"minecraft:charcoal":2,"minecraft:crafting_table":3,"chococraft:loverly_gysahl_green":2,"minecraft:clay_ball":20,"minecraft:wooden_pickaxe":1,"minecraft:enchanted_book":1,"minecraft:potion":67,"tombstone:grave_key":1,"minecraft:oak_trapdoor":1,"minecraft:armor_stand":1,"minecraft:cobbled_deepslate":1,"minecraft:azalea":2,"minecraft:lectern":1,"minecraft:spruce_trapdoor":1,"minecraft:furnace":1,"minecraft:raw_iron":14,"minecraft:stick":8,"minecraft:torch":12,"minecraft:spruce_stairs":1,"minecraft:pointed_dripstone":8,"tombstone:grave_dust":5,"minecraft:diorite":1,"minecraft:arrow":3,"minecraft:honey_bottle":95,"minecraft:rotten_flesh":4,"create:scoria":1,"create:asurine":7,"aquamirae:treasure_pouch":1,"create:crafting_blueprint":2,"minecraft:white_wool":3,"minecraft:cobblestone":43,"minecraft:feather":2,"minecraft:cooked_beef":64,"minecraft:dirt":3,"minecraft:lantern":1,"tombstone:gift":1,"minecraft:glass":1,"minecraft:bone":2,"chococraft:gysahl_green":41,"chococraft:gold_gysahl":1,"minecraft:bow":1,"minecraft:wheat_seeds":1,"aquamirae:wisteria_niveis":1,"minecraft:spore_blossom":1,"minecraft:glass_bottle":30,"minecraft:moss_block":10,"minecraft:dark_oak_slab":1,"minecraft:sweet_berries":2,"minecraft:sand":18,"minecraft:spruce_sapling":4,"chococraft:gysahl_green_seeds":18,"minecraft:blast_furnace":2,"minecraft:spruce_log":17,"minecraft:spider_eye":1,"alexsmobs:animal_dictionary":1,"butchercraft:leather_scrap":1,"travelersbackpack:standard":3,"minecraft:purple_bed":2,"minecraft:diamond":7,"butchercraft:lamb_scraps":6,"minecraft:crossbow":1,"minecraft:granite":4,"minecraft:emerald":4,"minecraft:damaged_anvil":1,"minecraft:coal":49},"minecraft:killed_by":{"minecraft:spider":1},"minecraft:custom":{"minecraft:mob_kills":31,"minecraft:interact_with_crafting_table":9,"minecraft:open_barrel":30,"minecraft:leave_game":2,"minecraft:time_since_death":85759,"minecraft:climb_one_cm":643,"minecraft:sprint_one_cm":298015,"minecraft:walk_one_cm":272423,"minecraft:damage_blocked_by_shield":130,"minecraft:drop":14,"minecraft:play_time":101864,"minecraft:sneak_time":858,"minecraft:deaths":2,"minecraft:walk_under_water_one_cm":5627,"minecraft:boat_one_cm":73807,"minecraft:jump":2199,"minecraft:walk_on_water_one_cm":15747,"minecraft:total_world_time":101864,"minecraft:interact_with_furnace":3,"tombstone:raider_killed":4,"minecraft:interact_with_cartography_table":1,"minecraft:sleep_in_bed":1,"minecraft:time_since_rest":49237,"minecraft:waystone_activated":1,"minecraft:damage_taken":1156,"minecraft:damage_dealt":4683,"minecraft:swim_one_cm":5401,"minecraft:fly_one_cm":412766,"minecraft:open_chest":16,"minecraft:crouch_one_cm":2154,"tombstone:undead_killed":11,"minecraft:fall_one_cm":47545},"minecraft:dropped":{"minecraft:wheat_seeds":1,"minecraft:granite":4,"minecraft:sand":2,"minecraft:spruce_sapling":3,"minecraft:rotten_flesh":4,"create:scoria":1,"minecraft:spruce_trapdoor":1,"minecraft:spruce_planks":1,"minecraft:leather_leggings":1,"minecraft:spider_eye":1,"minecraft:bow":1,"minecraft:arrow":3,"minecraft:wooden_pickaxe":1},"minecraft:used":{"minecraft:azalea":2,"minecraft:spruce_planks":41,"minecraft:shield":1,"minecraft:torch":9,"minecraft:honey_bottle":10,"minecraft:wooden_axe":2,"create:crafting_blueprint":4,"minecraft:iron_axe":57,"minecraft:sweet_berries":2,"minecraft:furnace":1,"tombstone:gift":2,"minecraft:cooked_beef":19,"minecraft:cobbled_deepslate":1,"minecraft:stone_pickaxe":61,"minecraft:wooden_pickaxe":12,"minecraft:crafting_table":4,"minecraft:crossbow":1,"minecraft:bread":4,"minecraft:iron_pickaxe":28,"minecraft:spruce_sapling":1,"minecraft:stone_axe":22,"minecraft:potion":29,"minecraft:cobblestone":22,"travelersbackpack:standard":1,"minecraft:purple_bed":1},"minecraft:crafted":{"minecraft:furnace":1,"minecraft:glass":3,"minecraft:iron_boots":1,"minecraft:iron_axe":1,"create:crafting_blueprint":1,"minecraft:stone_pickaxe":1,"minecraft:crafting_table":2,"minecraft:spruce_planks":64,"minecraft:wooden_pickaxe":1,"minecraft:iron_helmet":1,"minecraft:stone_axe":1,"minecraft:painting":1,"minecraft:air":0,"minecraft:iron_chestplate":1,"minecraft:stick":16,"minecraft:wooden_axe":1,"minecraft:torch":12},"minecraft:killed":{"minecraft:vindicator":1,"minecraft:spider":2,"alexsmobs:seagull":1,"minecraft:skeleton":1,"alexsmobs:leafcutter_ant":4,"aquamirae:golden_moth":1,"minecraft:creeper":1,"minecraft:sheep":3,"minecraft:pillager":3,"alexsmobs:flutter":1,"minecraft:zombie":10},"minecraft:mined":{"minecraft:spruce_planks":1,"minecraft:deepslate_diamond_ore":7,"alexsmobs:leafcutter_anthill":1,"minecraft:budding_amethyst":3,"minecraft:grass_block":1,"minecraft:moss_block":18,"minecraft:oak_trapdoor":1,"minecraft:furnace":1,"minecraft:iron_ore":3,"minecraft:moss_carpet":2,"chococraft:gysahl_green":18,"minecraft:pointed_dripstone":3,"minecraft:deepslate_iron_ore":11,"minecraft:packed_ice":1,"minecraft:azalea":1,"minecraft:stone":41,"minecraft:medium_amethyst_bud":1,"minecraft:powder_snow":7,"minecraft:clay":3,"minecraft:crafting_table":3,"minecraft:blast_furnace":2,"minecraft:calcite":2,"create:scoria":1,"minecraft:campfire":1,"minecraft:tall_grass":4,"minecraft:cobblestone":4,"minecraft:damaged_anvil":1,"minecraft:wall_torch":4,"minecraft:spruce_stairs":1,"minecraft:purple_bed":2,"minecraft:dark_oak_slab":1,"minecraft:ice":2,"aquamirae:wisteria_niveis":1,"minecraft:sweet_berry_bush":1,"minecraft:spruce_log":10,"minecraft:grass":9,"minecraft:coal_ore":28,"minecraft:dirt":3,"minecraft:sand":10,"minecraft:smooth_basalt":1,"minecraft:small_dripleaf":2,"minecraft:oak_leaves":3,"minecraft:deepslate":3,"minecraft:fern":1}},"DataVersion":3120}