{"stats":{"minecraft:mined":{"minecraft:powder_snow":6,"minecraft:crafting_table":2,"minecraft:grass_block":1,"minecraft:wall_torch":1,"minecraft:furnace":1,"minecraft:iron_ore":2,"aquamirae:wisteria_niveis":1,"minecraft:spruce_log":9,"chococraft:gysahl_green":18,"minecraft:grass":1,"minecraft:coal_ore":27,"minecraft:sand":10,"minecraft:dirt":2,"minecraft:stone":39},"minecraft:crafted":{"minecraft:crafting_table":1,"minecraft:spruce_planks":64,"minecraft:wooden_pickaxe":1,"minecraft:furnace":1,"minecraft:stone_axe":1,"minecraft:air":0,"minecraft:glass":3,"minecraft:stick":4,"minecraft:stone_pickaxe":1,"minecraft:wooden_axe":1,"minecraft:torch":12},"minecraft:custom":{"minecraft:interact_with_furnace":3,"minecraft:mob_kills":7,"tombstone:raider_killed":3,"minecraft:interact_with_crafting_table":4,"minecraft:open_barrel":10,"minecraft:leave_game":1,"minecraft:time_since_death":18604,"minecraft:time_since_rest":16949,"minecraft:sprint_one_cm":80540,"minecraft:damage_taken":707,"minecraft:walk_one_cm":117117,"minecraft:damage_blocked_by_shield":130,"minecraft:drop":1,"minecraft:damage_dealt":815,"minecraft:swim_one_cm":731,"minecraft:fly_one_cm":144930,"minecraft:open_chest":3,"minecraft:crouch_one_cm":1067,"minecraft:play_time":34709,"minecraft:deaths":2,"minecraft:sneak_time":478,"minecraft:walk_under_water_one_cm":3856,"minecraft:jump":822,"minecraft:walk_on_water_one_cm":2617,"minecraft:total_world_time":34709,"minecraft:fall_one_cm":13999},"minecraft:dropped":{"minecraft:leather_leggings":1},"minecraft:picked_up":{"minecraft:crafting_table":2,"chococraft:loverly_gysahl_green":2,"minecraft:feather":2,"minecraft:cooked_beef":64,"minecraft:potion":67,"tombstone:grave_key":1,"minecraft:dirt":3,"minecraft:glass":1,"chococraft:gysahl_green":41,"chococraft:gold_gysahl":1,"aquamirae:wisteria_niveis":1,"minecraft:glass_bottle":4,"minecraft:furnace":1,"minecraft:stick":8,"minecraft:raw_iron":2,"minecraft:torch":9,"minecraft:sand":16,"minecraft:spruce_sapling":4,"chococraft:gysahl_green_seeds":18,"minecraft:spruce_log":17,"butchercraft:leather_scrap":1,"travelersbackpack:standard":1,"minecraft:emerald":4,"minecraft:coal":48,"minecraft:cobblestone":37},"minecraft:used":{"minecraft:stone_pickaxe":58,"minecraft:wooden_pickaxe":12,"minecraft:spruce_planks":39,"minecraft:shield":1,"minecraft:torch":6,"minecraft:crafting_table":2,"minecraft:wooden_axe":2,"minecraft:bread":4,"minecraft:spruce_sapling":1,"minecraft:stone_axe":16,"minecraft:potion":4,"travelersbackpack:standard":1,"minecraft:furnace":1,"tombstone:gift":1,"minecraft:cooked_beef":3},"minecraft:killed_by":{"minecraft:spider":1},"minecraft:killed":{"minecraft:vindicator":1,"alexsmobs:seagull":1,"minecraft:pillager":2,"aquamirae:golden_moth":1}},"DataVersion":3120}