{"stats":{"minecraft:custom":{"minecraft:interact_with_smithing_table":1,"minecraft:interact_with_furnace":5,"minecraft:mob_kills":6,"minecraft:interact_with_crafting_table":10,"minecraft:bell_ring":4,"minecraft:leave_game":1,"minecraft:time_since_death":2006,"minecraft:sleep_in_bed":1,"minecraft:time_since_rest":2103,"minecraft:waystone_activated":1,"minecraft:sprint_one_cm":138694,"minecraft:damage_taken":789,"minecraft:walk_one_cm":131331,"minecraft:drop":2,"minecraft:damage_dealt":589,"minecraft:swim_one_cm":10070,"minecraft:fly_one_cm":206090,"minecraft:open_chest":2,"minecraft:crouch_one_cm":1764,"minecraft:play_time":55530,"minecraft:deaths":2,"minecraft:sneak_time":1023,"minecraft:walk_under_water_one_cm":3248,"minecraft:jump":1281,"minecraft:walk_on_water_one_cm":6423,"minecraft:total_world_time":55530,"minecraft:fall_one_cm":27584},"minecraft:used":{"minecraft:stone_pickaxe":24,"minecraft:spruce_planks":159,"minecraft:wooden_pickaxe":37,"minecraft:torch":4,"minecraft:crafting_table":3,"minecraft:golden_chestplate":1,"tconstruct:sky_slime_sapling":2,"minecraft:bread":13,"minecraft:iron_pickaxe":15,"minecraft:stone_axe":23,"minecraft:wooden_sword":11,"minecraft:cobblestone":1,"minecraft:potion":10,"travelersbackpack:standard":1,"minecraft:furnace":1,"alexsmobs:animal_dictionary":2,"minecraft:coarse_dirt":4},"minecraft:killed_by":{"the_silence:the_silence_principal":1,"minecraft:player":1},"minecraft:mined":{"minecraft:podzol":1,"minecraft:spruce_planks":5,"minecraft:basalt":3,"minecraft:crafting_table":2,"minecraft:coal_block":9,"minecraft:cobblestone":1,"minecraft:sugar_cane":1,"minecraft:rooted_dirt":1,"minecraft:large_fern":3,"minecraft:magma_block":1,"minecraft:coarse_dirt":5,"minecraft:furnace":1,"minecraft:iron_ore":5,"minecraft:spruce_log":5,"immersiveengineering:turntable":1,"minecraft:bee_nest":1,"minecraft:coal_ore":6,"minecraft:packed_ice":1,"minecraft:stone":44,"pots_and_mimics:treasure_pot":1,"immersiveengineering:ore_aluminum":4,"minecraft:fern":1,"tconstruct:sky_congealed_slime":53},"minecraft:crafted":{"minecraft:crafting_table":2,"minecraft:spruce_planks":176,"minecraft:wooden_pickaxe":1,"minecraft:furnace":1,"minecraft:stone_axe":1,"tconstruct:sky_congealed_slime":52,"minecraft:stick":12,"minecraft:iron_ingot":4,"minecraft:iron_pickaxe":1,"minecraft:stone_pickaxe":1,"minecraft:torch":4},"minecraft:killed":{"minecraft:sheep":4,"alexsmobs:banana_slug":2},"minecraft:dropped":{"alexsmobs:maggot":1,"minecraft:wheat_seeds":1},"minecraft:picked_up":{"minecraft:magma_block":2,"minecraft:crafting_table":3,"minecraft:coarse_dirt":7,"minecraft:basalt":2,"minecraft:wooden_pickaxe":2,"minecraft:potion":818,"minecraft:golden_sword":1,"minecraft:shield":2,"minecraft:dirt":3,"minecraft:wooden_sword":2,"minecraft:flint_and_steel":2,"minecraft:leather_boots":2,"minecraft:wheat_seeds":1,"minecraft:gold_nugget":19,"minecraft:raw_gold":4,"minecraft:spruce_planks":52,"minecraft:iron_ingot":1,"minecraft:stone_pickaxe":2,"tconstruct:sky_congealed_slime":52,"minecraft:iron_nugget":32,"minecraft:iron_pickaxe":1,"minecraft:glass_bottle":14,"minecraft:coal_block":18,"minecraft:sugar_cane":6,"tconstruct:sky_slime_sapling":2,"minecraft:furnace":3,"minecraft:stick":5,"immersiveengineering:raw_aluminum":8,"minecraft:spruce_sapling":12,"minecraft:spruce_log":44,"minecraft:golden_chestplate":1,"alexsmobs:animal_dictionary":2,"travelersbackpack:standard":1,"tconstruct:sky_slime_ball":210,"minecraft:stone_axe":2,"butchercraft:lamb_scraps":12,"minecraft:bread":88,"minecraft:rooted_dirt":3,"alexsmobs:maggot":1,"minecraft:white_wool":12,"minecraft:coal":17,"minecraft:cobblestone":99}},"DataVersion":3120}