{"stats":{"minecraft:mined":{"minecraft:furnace":1,"minecraft:spruce_log":8,"minecraft:powder_snow":6,"minecraft:crafting_table":2,"minecraft:grass_block":1,"chococraft:gysahl_green":9,"minecraft:coal_ore":27,"minecraft:sand":10,"minecraft:dirt":2,"minecraft:stone":39,"minecraft:wall_torch":1},"minecraft:crafted":{"minecraft:glass":3,"minecraft:crafting_table":1,"minecraft:spruce_planks":64,"minecraft:stick":4,"minecraft:wooden_pickaxe":1,"minecraft:stone_pickaxe":1,"minecraft:wooden_axe":1,"minecraft:furnace":1,"minecraft:torch":12,"minecraft:stone_axe":1,"minecraft:air":0},"minecraft:custom":{"minecraft:time_since_rest":4949,"minecraft:interact_with_furnace":3,"minecraft:sprint_one_cm":48052,"minecraft:damage_taken":630,"minecraft:walk_one_cm":76026,"minecraft:damage_dealt":10,"minecraft:interact_with_crafting_table":4,"minecraft:fly_one_cm":83273,"minecraft:crouch_one_cm":1067,"minecraft:play_time":22709,"minecraft:deaths":2,"minecraft:sneak_time":438,"minecraft:walk_under_water_one_cm":767,"minecraft:jump":487,"minecraft:leave_game":1,"minecraft:walk_on_water_one_cm":1591,"minecraft:time_since_death":6604,"minecraft:total_world_time":22709,"minecraft:fall_one_cm":9852},"minecraft:picked_up":{"chococraft:loverly_gysahl_green":1,"minecraft:stick":7,"minecraft:crafting_table":2,"minecraft:cooked_beef":64,"minecraft:torch":6,"minecraft:potion":67,"minecraft:sand":16,"chococraft:gysahl_green_seeds":10,"minecraft:spruce_sapling":4,"tombstone:grave_key":1,"minecraft:spruce_log":16,"minecraft:dirt":3,"minecraft:glass":1,"butchercraft:leather_scrap":1,"chococraft:gysahl_green":16,"chococraft:gold_gysahl":1,"minecraft:glass_bottle":2,"minecraft:coal":48,"minecraft:cobblestone":37,"minecraft:furnace":1},"minecraft:used":{"minecraft:wooden_axe":2,"minecraft:bread":3,"minecraft:stone_pickaxe":56,"minecraft:spruce_planks":21,"minecraft:wooden_pickaxe":12,"minecraft:spruce_sapling":1,"minecraft:stone_axe":2,"minecraft:torch":6,"minecraft:potion":2,"minecraft:crafting_table":2,"minecraft:furnace":1,"tombstone:gift":1},"minecraft:killed_by":{"minecraft:spider":1}},"DataVersion":3120}