{"stats":{"minecraft:picked_up":{"minecraft:charcoal":2,"chococraft:loverly_gysahl_green":2,"minecraft:crafting_table":3,"minecraft:feather":2,"minecraft:cooked_beef":64,"minecraft:clay_ball":20,"minecraft:wooden_pickaxe":1,"minecraft:potion":67,"tombstone:grave_key":1,"minecraft:dirt":3,"minecraft:oak_trapdoor":1,"minecraft:lantern":1,"minecraft:armor_stand":1,"minecraft:glass":1,"minecraft:bone":2,"chococraft:gysahl_green":41,"minecraft:bow":1,"chococraft:gold_gysahl":1,"minecraft:wheat_seeds":1,"minecraft:cobbled_deepslate":1,"aquamirae:wisteria_niveis":1,"minecraft:spore_blossom":1,"minecraft:azalea":2,"minecraft:glass_bottle":23,"minecraft:lectern":1,"minecraft:moss_block":7,"minecraft:spruce_trapdoor":1,"minecraft:furnace":1,"minecraft:stick":8,"minecraft:raw_iron":13,"minecraft:dark_oak_slab":1,"minecraft:sweet_berries":2,"minecraft:torch":9,"minecraft:spruce_stairs":1,"minecraft:sand":18,"minecraft:diorite":1,"chococraft:gysahl_green_seeds":18,"minecraft:spruce_sapling":4,"minecraft:blast_furnace":2,"minecraft:spruce_log":17,"minecraft:spider_eye":1,"alexsmobs:animal_dictionary":1,"minecraft:diamond":2,"travelersbackpack:standard":3,"butchercraft:leather_scrap":1,"minecraft:arrow":3,"minecraft:honey_bottle":95,"minecraft:purple_bed":2,"minecraft:granite":4,"butchercraft:lamb_scraps":6,"minecraft:crossbow":1,"create:asurine":7,"minecraft:emerald":4,"create:crafting_blueprint":2,"aquamirae:treasure_pouch":1,"minecraft:damaged_anvil":1,"minecraft:coal":49,"minecraft:white_wool":3,"minecraft:cobblestone":43},"minecraft:killed_by":{"minecraft:spider":1},"minecraft:custom":{"minecraft:interact_with_furnace":3,"minecraft:mob_kills":18,"tombstone:raider_killed":4,"minecraft:interact_with_crafting_table":9,"minecraft:interact_with_cartography_table":1,"minecraft:open_barrel":30,"minecraft:leave_game":2,"minecraft:time_since_death":67759,"minecraft:sleep_in_bed":1,"minecraft:climb_one_cm":392,"minecraft:time_since_rest":31237,"minecraft:waystone_activated":1,"minecraft:sprint_one_cm":211166,"minecraft:damage_taken":900,"minecraft:walk_one_cm":203757,"minecraft:damage_blocked_by_shield":130,"minecraft:drop":9,"minecraft:damage_dealt":2354,"minecraft:swim_one_cm":5311,"tombstone:undead_killed":1,"minecraft:fly_one_cm":325394,"minecraft:open_chest":14,"minecraft:crouch_one_cm":1067,"minecraft:play_time":83864,"minecraft:deaths":2,"minecraft:sneak_time":600,"minecraft:walk_under_water_one_cm":5338,"minecraft:boat_one_cm":73807,"minecraft:jump":1618,"minecraft:walk_on_water_one_cm":12202,"minecraft:total_world_time":83864,"minecraft:fall_one_cm":31473},"minecraft:dropped":{"minecraft:wheat_seeds":1,"minecraft:granite":4,"minecraft:spruce_trapdoor":1,"minecraft:spruce_planks":1,"minecraft:leather_leggings":1,"minecraft:wooden_pickaxe":1,"minecraft:sand":2,"minecraft:arrow":3,"minecraft:spruce_sapling":3},"minecraft:used":{"minecraft:azalea":2,"minecraft:stone_pickaxe":61,"minecraft:wooden_pickaxe":12,"minecraft:spruce_planks":41,"minecraft:shield":1,"minecraft:torch":6,"minecraft:crafting_table":4,"minecraft:crossbow":1,"minecraft:honey_bottle":6,"minecraft:wooden_axe":2,"minecraft:iron_pickaxe":21,"create:crafting_blueprint":4,"minecraft:iron_axe":21,"minecraft:bread":4,"minecraft:spruce_sapling":1,"minecraft:stone_axe":22,"minecraft:cobblestone":10,"minecraft:potion":22,"travelersbackpack:standard":1,"minecraft:purple_bed":1,"minecraft:sweet_berries":2,"minecraft:furnace":1,"tombstone:gift":1,"minecraft:cooked_beef":14,"minecraft:cobbled_deepslate":1},"minecraft:crafted":{"minecraft:crafting_table":2,"minecraft:spruce_planks":64,"minecraft:wooden_pickaxe":1,"minecraft:iron_helmet":1,"minecraft:furnace":1,"minecraft:stone_axe":1,"minecraft:painting":1,"minecraft:air":0,"minecraft:glass":3,"minecraft:iron_boots":1,"minecraft:iron_chestplate":1,"minecraft:iron_axe":1,"create:crafting_blueprint":1,"minecraft:stick":16,"minecraft:stone_pickaxe":1,"minecraft:wooden_axe":1,"minecraft:torch":12},"minecraft:killed":{"minecraft:spider":2,"minecraft:vindicator":1,"alexsmobs:seagull":1,"minecraft:skeleton":1,"minecraft:sheep":3,"minecraft:pillager":3,"alexsmobs:leafcutter_ant":4,"aquamirae:golden_moth":1},"minecraft:mined":{"minecraft:spruce_planks":1,"minecraft:deepslate_diamond_ore":2,"minecraft:medium_amethyst_bud":1,"alexsmobs:leafcutter_anthill":1,"minecraft:powder_snow":7,"minecraft:clay":3,"minecraft:crafting_table":3,"minecraft:budding_amethyst":3,"minecraft:blast_furnace":2,"minecraft:calcite":2,"minecraft:grass_block":1,"minecraft:campfire":1,"minecraft:tall_grass":1,"minecraft:cobblestone":4,"minecraft:moss_block":9,"minecraft:damaged_anvil":1,"minecraft:wall_torch":1,"minecraft:spruce_stairs":1,"minecraft:purple_bed":2,"minecraft:oak_trapdoor":1,"minecraft:dark_oak_slab":1,"minecraft:furnace":1,"minecraft:iron_ore":3,"minecraft:sweet_berry_bush":1,"aquamirae:wisteria_niveis":1,"minecraft:ice":2,"minecraft:spruce_log":10,"minecraft:deepslate_iron_ore":10,"minecraft:grass":3,"chococraft:gysahl_green":18,"minecraft:coal_ore":28,"minecraft:sand":10,"minecraft:dirt":3,"minecraft:packed_ice":1,"minecraft:smooth_basalt":1,"minecraft:azalea":1,"minecraft:stone":41,"minecraft:small_dripleaf":2,"minecraft:oak_leaves":3,"minecraft:deepslate":3,"minecraft:fern":1}},"DataVersion":3120}