{"stats":{"minecraft:custom":{"minecraft:interact_with_smithing_table":1,"minecraft:mob_kills":7,"minecraft:interact_with_crafting_table":13,"minecraft:open_barrel":31,"minecraft:bell_ring":4,"minecraft:leave_game":3,"minecraft:time_since_death":8367,"minecraft:climb_one_cm":2877,"minecraft:sprint_one_cm":334287,"minecraft:walk_one_cm":370558,"minecraft:drop":33,"minecraft:play_time":123909,"minecraft:deaths":6,"minecraft:sneak_time":2836,"minecraft:walk_under_water_one_cm":3929,"minecraft:interact_with_lectern":1,"minecraft:jump":2903,"minecraft:walk_on_water_one_cm":9186,"minecraft:total_world_time":123909,"minecraft:interact_with_furnace":5,"minecraft:sleep_in_bed":3,"minecraft:time_since_rest":632,"minecraft:waystone_activated":2,"minecraft:damage_taken":2734,"minecraft:damage_dealt":831,"minecraft:swim_one_cm":13671,"minecraft:fly_one_cm":549724,"minecraft:open_chest":16,"minecraft:crouch_one_cm":9476,"minecraft:fall_one_cm":63400},"minecraft:used":{"minecraft:flint_and_steel":7,"minecraft:spruce_planks":162,"minecraft:iron_sword":3,"minecraft:torch":4,"minecraft:dirt":5,"minecraft:golden_chestplate":1,"minecraft:dark_oak_planks":23,"minecraft:lantern":3,"minecraft:iron_axe":1,"minecraft:stone_bricks":2,"minecraft:furnace":1,"minecraft:water_bucket":1,"minecraft:stone_pickaxe":33,"minecraft:wooden_pickaxe":37,"minecraft:dark_oak_trapdoor":2,"minecraft:crafting_table":4,"tconstruct:sky_slime_sapling":2,"minecraft:bread":36,"minecraft:iron_pickaxe":34,"minecraft:stone_axe":40,"minecraft:wooden_sword":11,"minecraft:cobblestone":47,"minecraft:potion":24,"travelersbackpack:standard":2,"minecraft:andesite":1,"alexsmobs:animal_dictionary":3,"minecraft:coarse_dirt":8,"minecraft:experience_bottle":1},"minecraft:killed_by":{"the_silence:the_silence_principal":2,"minecraft:player":1,"irons_spellbooks:archevoker":3},"minecraft:mined":{"minecraft:red_carpet":6,"minecraft:spruce_planks":5,"minecraft:candle":1,"minecraft:dark_oak_log":1,"minecraft:dark_oak_fence":8,"minecraft:grass_block":5,"minecraft:coal_block":9,"minecraft:spruce_leaves":2,"minecraft:rooted_dirt":1,"minecraft:large_fern":3,"minecraft:hay_block":1,"minecraft:magma_block":1,"minecraft:furnace":1,"minecraft:dark_oak_trapdoor":2,"minecraft:iron_ore":5,"minecraft:barrel":1,"minecraft:fire":6,"immersiveengineering:turntable":1,"minecraft:dark_oak_stairs":4,"minecraft:potatoes":1,"minecraft:dirt_path":1,"minecraft:lantern":3,"minecraft:packed_ice":4,"irons_spellbooks:inscription_table":1,"minecraft:stone":45,"immersiveengineering:ore_aluminum":4,"minecraft:podzol":1,"minecraft:stripped_dark_oak_log":10,"minecraft:basalt":3,"minecraft:crafting_table":2,"minecraft:cobblestone":17,"minecraft:sugar_cane":1,"minecraft:coarse_dirt":9,"minecraft:sweet_berry_bush":1,"minecraft:spruce_log":5,"minecraft:bee_nest":1,"minecraft:coal_ore":6,"minecraft:cracked_stone_bricks":3,"minecraft:stone_bricks":4,"pots_and_mimics:treasure_pot":2,"tconstruct:sky_congealed_slime":53,"minecraft:fern":1},"minecraft:crafted":{"minecraft:furnace":1,"minecraft:stone_pickaxe":1,"minecraft:dark_oak_planks":32,"minecraft:wheat":9,"minecraft:crafting_table":3,"minecraft:spruce_planks":176,"minecraft:wooden_pickaxe":1,"minecraft:stone_axe":1,"tconstruct:sky_congealed_slime":52,"minecraft:bread":3,"minecraft:stick":16,"minecraft:iron_ingot":4,"minecraft:iron_pickaxe":1,"minecraft:wooden_axe":1,"minecraft:torch":4},"minecraft:killed":{"minecraft:spider":1,"alexsmobs:banana_slug":2,"minecraft:sheep":4},"minecraft:dropped":{"minecraft:dark_oak_stairs":1,"minecraft:wheat_seeds":3,"minecraft:glass_bottle":8,"minecraft:feather":4,"minecraft:book":3,"minecraft:rooted_dirt":1,"minecraft:red_carpet":5,"butchercraft:lamb_scraps":4,"minecraft:dirt":1,"tconstruct:sky_slime_ball":1,"minecraft:spruce_sapling":13,"alexsmobs:maggot":1,"minecraft:goat_horn":1,"minecraft:sugar_cane":2,"minecraft:coarse_dirt":1,"minecraft:stripped_dark_oak_log":2,"minecraft:poppy":3,"minecraft:spruce_planks":2,"minecraft:golden_leggings":2,"minecraft:basalt":1,"minecraft:magma_block":2,"immersiveengineering:seed":1},"minecraft:picked_up":{"minecraft:crafting_table":5,"minecraft:coarse_dirt":11,"minecraft:wooden_pickaxe":3,"minecraft:potion":928,"minecraft:golden_sword":3,"minecraft:shield":5,"minecraft:dark_oak_trapdoor":2,"minecraft:iron_axe":1,"minecraft:flint_and_steel":4,"minecraft:wooden_sword":3,"minecraft:iron_leggings":2,"minecraft:cracked_stone_bricks":3,"minecraft:candle":2,"minecraft:gold_nugget":38,"minecraft:spruce_planks":52,"artifacts:aqua_dashers":1,"minecraft:iron_nugget":64,"minecraft:poppy":2,"minecraft:iron_pickaxe":3,"minecraft:sugar_cane":6,"minecraft:coal_block":27,"irons_spellbooks:inscription_table":2,"minecraft:furnace":7,"minecraft:golden_helmet":1,"minecraft:stick":5,"minecraft:raw_iron":8,"minecraft:fire_charge":1,"minecraft:golden_chestplate":2,"minecraft:goat_horn":1,"artifacts:snorkel":1,"tconstruct:sky_slime_ball":210,"minecraft:arrow":27,"minecraft:rotten_flesh":2,"minecraft:hay_block":1,"minecraft:gold_ingot":5,"minecraft:cobblestone":117,"minecraft:white_wool":16,"minecraft:magma_block":3,"minecraft:feather":4,"minecraft:basalt":2,"minecraft:andesite":16,"minecraft:water_bucket":3,"minecraft:golden_leggings":3,"create:raw_zinc":5,"minecraft:dirt":9,"minecraft:lantern":4,"minecraft:leather_boots":3,"minecraft:red_carpet":11,"minecraft:bone":2,"minecraft:apple":2,"minecraft:stone_bricks":9,"minecraft:wheat_seeds":3,"minecraft:raw_gold":11,"minecraft:iron_ingot":2,"minecraft:stone_pickaxe":3,"tconstruct:sky_congealed_slime":104,"minecraft:glass_bottle":36,"tconstruct:sky_slime_sapling":2,"minecraft:iron_sword":2,"minecraft:dark_oak_stairs":2,"minecraft:book":6,"immersiveengineering:raw_aluminum":8,"minecraft:spruce_sapling":12,"minecraft:spruce_log":44,"alexsmobs:animal_dictionary":3,"minecraft:leather_helmet":1,"travelersbackpack:standard":1,"immersiveengineering:seed":2,"minecraft:stone_axe":3,"butchercraft:lamb_scraps":12,"minecraft:bread":208,"minecraft:rooted_dirt":3,"alexsmobs:maggot":1,"minecraft:stripped_dark_oak_log":12,"minecraft:dark_oak_fence":1,"minecraft:coal":44}},"DataVersion":3120}