{"stats":{"minecraft:custom":{"minecraft:interact_with_furnace":1,"minecraft:mob_kills":6,"minecraft:interact_with_crafting_table":8,"minecraft:leave_game":1,"minecraft:time_since_death":17323,"minecraft:sleep_in_bed":1,"minecraft:time_since_rest":17588,"minecraft:waystone_activated":1,"minecraft:sprint_one_cm":101515,"minecraft:damage_taken":551,"minecraft:walk_one_cm":96769,"minecraft:drop":2,"minecraft:damage_dealt":589,"minecraft:swim_one_cm":8652,"minecraft:fly_one_cm":148547,"minecraft:open_chest":1,"minecraft:crouch_one_cm":1764,"minecraft:play_time":43530,"minecraft:deaths":1,"minecraft:sneak_time":1021,"minecraft:walk_under_water_one_cm":1783,"minecraft:jump":976,"minecraft:walk_on_water_one_cm":3763,"minecraft:total_world_time":43530,"minecraft:fall_one_cm":20219},"minecraft:used":{"minecraft:stone_pickaxe":10,"minecraft:spruce_planks":134,"minecraft:wooden_pickaxe":37,"minecraft:torch":4,"minecraft:crafting_table":3,"minecraft:golden_chestplate":1,"tconstruct:sky_slime_sapling":2,"minecraft:bread":9,"minecraft:stone_axe":18,"minecraft:wooden_sword":11,"minecraft:cobblestone":1,"minecraft:potion":8,"travelersbackpack:standard":1,"minecraft:furnace":1,"alexsmobs:animal_dictionary":2,"minecraft:coarse_dirt":4},"minecraft:killed_by":{"minecraft:player":1},"minecraft:mined":{"minecraft:podzol":1,"minecraft:spruce_planks":2,"minecraft:crafting_table":2,"minecraft:cobblestone":1,"minecraft:sugar_cane":1,"minecraft:rooted_dirt":1,"minecraft:large_fern":3,"minecraft:coarse_dirt":5,"minecraft:furnace":1,"minecraft:spruce_log":5,"minecraft:bee_nest":1,"minecraft:coal_ore":6,"minecraft:stone":38,"minecraft:fern":1,"tconstruct:sky_congealed_slime":53},"minecraft:crafted":{"minecraft:crafting_table":2,"minecraft:spruce_planks":176,"minecraft:wooden_pickaxe":1,"minecraft:furnace":1,"minecraft:stone_axe":1,"tconstruct:sky_congealed_slime":52,"minecraft:stick":8,"minecraft:stone_pickaxe":1,"minecraft:torch":4},"minecraft:killed":{"minecraft:sheep":4,"alexsmobs:banana_slug":2},"minecraft:dropped":{"alexsmobs:maggot":1,"minecraft:wheat_seeds":1},"minecraft:picked_up":{"minecraft:crafting_table":3,"minecraft:coarse_dirt":6,"minecraft:wooden_pickaxe":1,"minecraft:potion":764,"minecraft:shield":1,"minecraft:dirt":2,"minecraft:wooden_sword":1,"minecraft:leather_boots":1,"minecraft:wheat_seeds":1,"minecraft:spruce_planks":45,"minecraft:stone_pickaxe":1,"minecraft:glass_bottle":12,"minecraft:sugar_cane":4,"tconstruct:sky_slime_sapling":2,"minecraft:furnace":2,"minecraft:stick":2,"minecraft:spruce_sapling":8,"minecraft:spruce_log":44,"alexsmobs:animal_dictionary":1,"travelersbackpack:standard":1,"tconstruct:sky_slime_ball":209,"minecraft:stone_axe":1,"butchercraft:lamb_scraps":8,"minecraft:bread":4,"minecraft:rooted_dirt":2,"alexsmobs:maggot":1,"minecraft:white_wool":8,"minecraft:coal":12,"minecraft:cobblestone":63}},"DataVersion":3120}