{"stats":{"minecraft:mined":{"minecraft:spruce_planks":1,"alexsmobs:leafcutter_anthill":1,"minecraft:powder_snow":7,"minecraft:crafting_table":3,"minecraft:blast_furnace":2,"minecraft:grass_block":1,"minecraft:campfire":1,"minecraft:damaged_anvil":1,"minecraft:wall_torch":1,"minecraft:spruce_stairs":1,"minecraft:purple_bed":2,"minecraft:oak_trapdoor":1,"minecraft:dark_oak_slab":1,"minecraft:furnace":1,"minecraft:iron_ore":3,"minecraft:sweet_berry_bush":1,"aquamirae:wisteria_niveis":1,"minecraft:ice":2,"minecraft:spruce_log":10,"chococraft:gysahl_green":18,"minecraft:grass":3,"minecraft:coal_ore":28,"minecraft:sand":10,"minecraft:dirt":3,"minecraft:packed_ice":1,"minecraft:stone":41,"minecraft:oak_leaves":3,"minecraft:fern":1},"minecraft:crafted":{"minecraft:crafting_table":2,"minecraft:spruce_planks":64,"minecraft:iron_helmet":1,"minecraft:wooden_pickaxe":1,"minecraft:furnace":1,"minecraft:stone_axe":1,"minecraft:painting":1,"minecraft:air":0,"minecraft:glass":3,"minecraft:iron_boots":1,"minecraft:iron_chestplate":1,"minecraft:iron_axe":1,"create:crafting_blueprint":1,"minecraft:stick":16,"minecraft:stone_pickaxe":1,"minecraft:wooden_axe":1,"minecraft:torch":12},"minecraft:custom":{"minecraft:interact_with_furnace":3,"minecraft:mob_kills":15,"tombstone:raider_killed":4,"minecraft:interact_with_cartography_table":1,"minecraft:interact_with_crafting_table":9,"minecraft:open_barrel":30,"minecraft:leave_game":2,"minecraft:time_since_death":44467,"minecraft:sleep_in_bed":1,"minecraft:climb_one_cm":41,"minecraft:waystone_activated":1,"minecraft:time_since_rest":7945,"minecraft:sprint_one_cm":146298,"minecraft:damage_taken":834,"minecraft:walk_one_cm":159454,"minecraft:damage_blocked_by_shield":130,"minecraft:drop":1,"minecraft:damage_dealt":1799,"minecraft:swim_one_cm":5152,"minecraft:fly_one_cm":263745,"minecraft:open_chest":13,"minecraft:crouch_one_cm":1067,"minecraft:play_time":60572,"minecraft:deaths":2,"minecraft:sneak_time":600,"minecraft:walk_under_water_one_cm":5169,"minecraft:boat_one_cm":73807,"minecraft:jump":1284,"minecraft:walk_on_water_one_cm":4949,"minecraft:total_world_time":60572,"minecraft:fall_one_cm":21950},"minecraft:dropped":{"minecraft:leather_leggings":1},"minecraft:picked_up":{"minecraft:charcoal":2,"minecraft:crafting_table":3,"chococraft:loverly_gysahl_green":2,"minecraft:feather":2,"minecraft:cooked_beef":64,"minecraft:potion":67,"tombstone:grave_key":1,"minecraft:oak_trapdoor":1,"minecraft:dirt":3,"minecraft:lantern":1,"minecraft:glass":1,"chococraft:gysahl_green":41,"chococraft:gold_gysahl":1,"aquamirae:wisteria_niveis":1,"minecraft:glass_bottle":11,"minecraft:furnace":1,"minecraft:stick":8,"minecraft:raw_iron":3,"minecraft:dark_oak_slab":1,"minecraft:sweet_berries":2,"minecraft:torch":9,"minecraft:spruce_stairs":1,"minecraft:sand":16,"minecraft:spruce_sapling":4,"chococraft:gysahl_green_seeds":18,"minecraft:blast_furnace":2,"minecraft:spruce_log":17,"alexsmobs:animal_dictionary":1,"butchercraft:leather_scrap":1,"travelersbackpack:standard":3,"minecraft:purple_bed":2,"butchercraft:lamb_scraps":6,"minecraft:crossbow":1,"create:crafting_blueprint":2,"aquamirae:treasure_pouch":1,"minecraft:emerald":4,"minecraft:damaged_anvil":1,"minecraft:coal":49,"minecraft:white_wool":3,"minecraft:cobblestone":39},"minecraft:used":{"minecraft:stone_pickaxe":61,"minecraft:wooden_pickaxe":12,"minecraft:spruce_planks":41,"minecraft:shield":1,"minecraft:torch":6,"minecraft:crafting_table":4,"minecraft:crossbow":1,"minecraft:wooden_axe":2,"create:crafting_blueprint":4,"minecraft:iron_axe":13,"minecraft:bread":4,"minecraft:spruce_sapling":1,"minecraft:stone_axe":22,"minecraft:cobblestone":2,"minecraft:potion":10,"minecraft:purple_bed":1,"travelersbackpack:standard":1,"minecraft:sweet_berries":2,"minecraft:furnace":1,"tombstone:gift":1,"minecraft:cooked_beef":7},"minecraft:killed_by":{"minecraft:spider":1},"minecraft:killed":{"minecraft:vindicator":1,"alexsmobs:seagull":1,"minecraft:sheep":3,"minecraft:pillager":3,"alexsmobs:leafcutter_ant":4,"aquamirae:golden_moth":1}},"DataVersion":3120}