{"stats":{"minecraft:used":{"minecraft:azalea":2,"minecraft:moss_block":1,"deep_dark_regrowth:cobbled_grimstone":1,"minecraft:armor_stand":1,"minecraft:dried_kelp":31,"minecraft:spruce_planks":41,"minecraft:shield":1,"minecraft:iron_sword":35,"minecraft:torch":22,"create:cogwheel":2,"travelersbackpack:emerald":1,"minecraft:honey_bottle":174,"minecraft:wooden_axe":2,"minecraft:chipped_anvil":1,"create:crafting_blueprint":5,"minecraft:iron_axe":93,"deep_dark_regrowth:moonstone_crystal":5,"minecraft:oak_sapling":3,"minecraft:sweet_berries":2,"minecraft:furnace":1,"tombstone:gift":3,"minecraft:cooked_beef":24,"minecraft:cobbled_deepslate":4,"minecraft:damaged_anvil":2,"minecraft:glass_bottle":23,"minecraft:stone_pickaxe":61,"minecraft:oak_planks":17,"minecraft:wooden_pickaxe":12,"minecraft:clay":1,"minecraft:crafting_table":5,"minecraft:blast_furnace":3,"minecraft:crossbow":1,"minecraft:dripstone_block":1,"minecraft:iron_pickaxe":196,"minecraft:bread":4,"minecraft:spore_blossom":1,"minecraft:spruce_sapling":1,"minecraft:stone_axe":22,"travelersbackpack:standard":8,"minecraft:purple_bed":1,"minecraft:cobblestone":72,"minecraft:potion":88,"deep_dark_regrowth:ghost_flowers":1,"create:hand_crank":1,"deep_dark_regrowth:moonstone_crystal_block":2},"minecraft:dropped":{"minecraft:candle":2,"minecraft:moss_block":20,"minecraft:wheat_seeds":1,"minecraft:glass_bottle":26,"minecraft:granite":4,"travelersbackpack:standard":1,"minecraft:coal":10,"mowziesmobs:wrought_axe":1,"minecraft:emerald":4,"create:fluid_pipe":1,"minecraft:diorite":1,"minecraft:potion":1,"minecraft:dried_kelp":59,"minecraft:sand":2,"minecraft:spruce_sapling":3,"minecraft:bone":23,"minecraft:pointed_dripstone":1,"minecraft:rotten_flesh":6,"minecraft:clay_ball":4,"minecraft:cooked_mutton":1,"create:scoria":1,"minecraft:spruce_trapdoor":1,"minecraft:spruce_planks":1,"minecraft:diamond_pickaxe":1,"minecraft:oak_sapling":1,"minecraft:leather_leggings":1,"minecraft:spider_eye":1,"minecraft:arrow":7,"minecraft:bow":2,"minecraft:wooden_pickaxe":1},"minecraft:killed":{"minecraft:spider":2,"minecraft:vindicator":1,"alexsmobs:seagull":1,"minecraft:skeleton":5,"alexsmobs:leafcutter_ant":4,"alexsmobs:capuchin_monkey":3,"aquamirae:golden_moth":1,"artifacts:mimic":1,"minecraft:creeper":2,"minecraft:sheep":3,"minecraft:pillager":3,"alexsmobs:flutter":2,"minecraft:zombie":12,"minecraft:enderman":1},"minecraft:custom":{"minecraft:interact_with_smithing_table":4,"minecraft:interact_with_anvil":11,"minecraft:mob_kills":44,"minecraft:interact_with_crafting_table":31,"minecraft:open_barrel":38,"minecraft:eat_cake_slice":2,"minecraft:leave_game":3,"minecraft:time_since_death":7634,"minecraft:climb_one_cm":2418,"minecraft:sprint_one_cm":579668,"minecraft:walk_one_cm":589810,"minecraft:damage_blocked_by_shield":130,"minecraft:drop":39,"minecraft:play_time":248085,"minecraft:sneak_time":1222,"minecraft:deaths":3,"minecraft:walk_under_water_one_cm":26825,"minecraft:boat_one_cm":73807,"minecraft:jump":4475,"minecraft:interact_with_blast_furnace":11,"minecraft:walk_on_water_one_cm":32701,"minecraft:total_world_time":248085,"minecraft:interact_with_furnace":3,"spartanshields:shield_bash_hits":1,"tombstone:raider_killed":4,"minecraft:interact_with_cartography_table":1,"minecraft:interact_with_grindstone":1,"minecraft:sleep_in_bed":1,"minecraft:time_since_rest":6109,"minecraft:waystone_activated":3,"minecraft:damage_taken":2548,"minecraft:damage_dealt":7748,"minecraft:swim_one_cm":49634,"minecraft:fly_one_cm":764182,"minecraft:open_chest":128,"minecraft:crouch_one_cm":2701,"tombstone:undead_killed":17,"minecraft:fall_one_cm":114059},"minecraft:mined":{"minecraft:spruce_planks":1,"deep_dark_regrowth:moonstone_crystal":6,"deep_dark_regrowth:grimstone_4":7,"minecraft:deepslate_diamond_ore":8,"alexsmobs:leafcutter_anthill":1,"minecraft:cave_vines_plant":2,"minecraft:budding_amethyst":3,"minecraft:grass_block":1,"minecraft:moss_block":24,"minecraft:smooth_stone":1,"minecraft:oak_trapdoor":1,"minecraft:furnace":1,"minecraft:iron_ore":5,"minecraft:cobbled_deepslate":1,"minecraft:moss_carpet":2,"minecraft:big_dripleaf_stem":2,"chococraft:gysahl_green":18,"minecraft:pointed_dripstone":16,"minecraft:deepslate_iron_ore":13,"minecraft:vine":1,"deep_dark_regrowth:grimstone_3":7,"minecraft:packed_ice":1,"minecraft:azalea":1,"minecraft:stone":131,"minecraft:medium_amethyst_bud":1,"minecraft:powder_snow":7,"travelersbackpack:standard":3,"minecraft:clay":4,"minecraft:crafting_table":4,"minecraft:torch":6,"deep_dark_regrowth:ghost_flowers":4,"minecraft:blast_furnace":6,"minecraft:calcite":2,"create:scoria":1,"minecraft:campfire":2,"minecraft:copper_ore":3,"minecraft:tall_grass":7,"minecraft:cobblestone":5,"minecraft:damaged_anvil":2,"minecraft:oak_planks":5,"minecraft:diorite":12,"minecraft:wall_torch":5,"minecraft:big_dripleaf":1,"minecraft:spruce_stairs":1,"minecraft:purple_bed":2,"minecraft:dark_oak_slab":1,"minecraft:sweet_berry_bush":1,"minecraft:ice":2,"aquamirae:wisteria_niveis":1,"minecraft:spruce_log":10,"deep_dark_regrowth:moonstone_crystal_block":27,"minecraft:grass":16,"minecraft:coal_ore":29,"minecraft:dripstone_block":1,"minecraft:sand":10,"minecraft:dirt":9,"minecraft:smooth_basalt":1,"minecraft:small_dripleaf":2,"minecraft:chipped_anvil":1,"minecraft:oak_leaves":3,"minecraft:deepslate":5,"minecraft:fern":1,"deep_dark_regrowth:phantasmal_sprouts":2},"minecraft:killed_by":{"minecraft:spider":1},"minecraft:picked_up":{"minecraft:charcoal":4,"minecraft:crafting_table":4,"chococraft:loverly_gysahl_green":2,"minecraft:clay_ball":24,"minecraft:wooden_pickaxe":1,"minecraft:potion":80,"minecraft:enchanted_book":4,"tombstone:grave_key":1,"minecraft:oak_trapdoor":1,"create:fluid_pipe":1,"minecraft:raw_copper":8,"minecraft:armor_stand":1,"minecraft:cobbled_deepslate":4,"minecraft:candle":2,"minecraft:smooth_stone":1,"minecraft:azalea":2,"minecraft:lectern":1,"minecraft:spruce_trapdoor":1,"minecraft:furnace":1,"minecraft:stick":8,"minecraft:raw_iron":18,"minecraft:big_dripleaf":8,"minecraft:torch":20,"minecraft:spruce_stairs":1,"minecraft:dried_kelp":320,"minecraft:pointed_dripstone":41,"create:hand_crank":1,"tombstone:grave_dust":8,"minecraft:diorite":1,"artifacts:snorkel":1,"minecraft:rotten_flesh":6,"deep_dark_regrowth:moonstone_crystal_block":26,"minecraft:arrow":7,"minecraft:honey_bottle":111,"create:scoria":1,"create:asurine":7,"create:crafting_blueprint":3,"aquamirae:treasure_pouch":1,"deep_dark_regrowth:moonstone_crystal":5,"minecraft:white_wool":3,"minecraft:cobblestone":102,"minecraft:feather":2,"minecraft:cooked_beef":64,"minecraft:oak_log":12,"minecraft:gunpowder":2,"mowziesmobs:wrought_axe":1,"minecraft:dirt":3,"minecraft:lantern":1,"tombstone:gift":1,"minecraft:glass":1,"minecraft:bone":21,"minecraft:chipped_anvil":1,"chococraft:gysahl_green":41,"minecraft:apple":2,"chococraft:gold_gysahl":1,"minecraft:bow":2,"minecraft:wheat_seeds":1,"aquamirae:wisteria_niveis":1,"minecraft:spore_blossom":2,"deep_dark_regrowth:ghost_flowers":4,"minecraft:glass_bottle":87,"minecraft:moss_block":23,"minecraft:oak_planks":5,"minecraft:dark_oak_slab":1,"minecraft:sweet_berries":2,"create:cogwheel":1,"minecraft:dripstone_block":1,"minecraft:sand":18,"chococraft:gysahl_green_seeds":18,"minecraft:spruce_sapling":4,"minecraft:blast_furnace":6,"minecraft:spruce_log":17,"deep_dark_regrowth:cobbled_grimstone":14,"minecraft:spider_eye":1,"alexsmobs:animal_dictionary":1,"butchercraft:leather_scrap":1,"travelersbackpack:standard":6,"minecraft:purple_bed":2,"minecraft:clay":1,"artifacts:golden_hook":1,"minecraft:diamond":18,"minecraft:granite":4,"butchercraft:lamb_scraps":6,"minecraft:crossbow":1,"minecraft:emerald":4,"minecraft:oak_sapling":11,"minecraft:damaged_anvil":2,"minecraft:coal":96,"minecraft:ender_pearl":4,"minecraft:diamond_pickaxe":1},"minecraft:crafted":{"minecraft:oak_planks":24,"minecraft:furnace":1,"minecraft:glass":3,"minecraft:iron_boots":1,"create:crafting_blueprint":1,"minecraft:iron_axe":1,"tombstone:grave_key":1,"minecraft:stone_pickaxe":1,"minecraft:crafting_table":3,"minecraft:spruce_planks":64,"minecraft:wooden_pickaxe":1,"minecraft:iron_helmet":1,"minecraft:iron_sword":1,"minecraft:stone_axe":1,"minecraft:painting":1,"minecraft:air":0,"travelersbackpack:emerald":1,"minecraft:iron_chestplate":1,"minecraft:stick":20,"minecraft:iron_ingot":24,"minecraft:wooden_axe":1,"minecraft:torch":12}},"DataVersion":3120}