{"stats":{"minecraft:custom":{"minecraft:jump":126,"minecraft:time_since_rest":1296,"minecraft:walk_on_water_one_cm":439,"minecraft:sprint_one_cm":8043,"minecraft:damage_dealt":10,"minecraft:deaths":1,"minecraft:play_time":4431,"minecraft:damage_taken":280,"minecraft:time_since_death":2472,"minecraft:walk_one_cm":26116,"minecraft:total_world_time":4431,"minecraft:fall_one_cm":2425,"minecraft:fly_one_cm":22218},"minecraft:picked_up":{"butchercraft:leather_scrap":1,"tombstone:grave_key":1},"minecraft:killed_by":{"minecraft:spider":1}},"DataVersion":3120}