{"stats":{"minecraft:picked_up":{"minecraft:charcoal":2,"chococraft:loverly_gysahl_green":2,"minecraft:crafting_table":4,"minecraft:clay_ball":24,"minecraft:wooden_pickaxe":1,"minecraft:potion":80,"minecraft:enchanted_book":4,"tombstone:grave_key":1,"minecraft:oak_trapdoor":1,"create:fluid_pipe":1,"minecraft:raw_copper":8,"minecraft:armor_stand":1,"minecraft:smooth_stone":1,"minecraft:candle":2,"minecraft:cobbled_deepslate":1,"minecraft:azalea":2,"minecraft:lectern":1,"minecraft:spruce_trapdoor":1,"minecraft:furnace":1,"minecraft:stick":8,"minecraft:raw_iron":16,"minecraft:big_dripleaf":8,"minecraft:torch":20,"minecraft:spruce_stairs":1,"minecraft:dried_kelp":320,"create:hand_crank":1,"minecraft:diorite":1,"tombstone:grave_dust":8,"minecraft:pointed_dripstone":9,"artifacts:snorkel":1,"minecraft:honey_bottle":111,"minecraft:arrow":7,"minecraft:rotten_flesh":6,"create:scoria":1,"create:asurine":7,"create:crafting_blueprint":3,"aquamirae:treasure_pouch":1,"minecraft:white_wool":3,"minecraft:cobblestone":102,"minecraft:feather":2,"minecraft:cooked_beef":64,"minecraft:oak_log":6,"minecraft:gunpowder":2,"mowziesmobs:wrought_axe":1,"minecraft:dirt":3,"minecraft:lantern":1,"tombstone:gift":1,"minecraft:glass":1,"minecraft:bone":21,"minecraft:chipped_anvil":1,"chococraft:gysahl_green":41,"minecraft:apple":1,"chococraft:gold_gysahl":1,"minecraft:bow":2,"minecraft:wheat_seeds":1,"aquamirae:wisteria_niveis":1,"minecraft:spore_blossom":2,"minecraft:glass_bottle":81,"minecraft:moss_block":23,"minecraft:oak_planks":5,"minecraft:dark_oak_slab":1,"minecraft:sweet_berries":2,"create:cogwheel":1,"minecraft:sand":18,"minecraft:spruce_sapling":4,"chococraft:gysahl_green_seeds":18,"minecraft:blast_furnace":6,"minecraft:spruce_log":17,"minecraft:spider_eye":1,"alexsmobs:animal_dictionary":1,"butchercraft:leather_scrap":1,"travelersbackpack:standard":4,"minecraft:purple_bed":2,"minecraft:clay":1,"minecraft:diamond":7,"minecraft:granite":4,"butchercraft:lamb_scraps":6,"minecraft:crossbow":1,"minecraft:emerald":4,"minecraft:oak_sapling":9,"minecraft:damaged_anvil":2,"minecraft:coal":96,"minecraft:diamond_pickaxe":1},"minecraft:killed_by":{"minecraft:spider":1},"minecraft:custom":{"minecraft:interact_with_smithing_table":4,"minecraft:interact_with_anvil":11,"minecraft:mob_kills":42,"minecraft:interact_with_crafting_table":31,"minecraft:open_barrel":34,"minecraft:eat_cake_slice":2,"minecraft:leave_game":3,"minecraft:time_since_death":205038,"minecraft:climb_one_cm":2418,"minecraft:sprint_one_cm":517174,"minecraft:walk_one_cm":504660,"minecraft:damage_blocked_by_shield":130,"minecraft:drop":39,"minecraft:play_time":221143,"minecraft:deaths":2,"minecraft:sneak_time":1191,"minecraft:walk_under_water_one_cm":25482,"minecraft:boat_one_cm":73807,"minecraft:jump":4002,"minecraft:interact_with_blast_furnace":11,"minecraft:walk_on_water_one_cm":30599,"minecraft:total_world_time":221143,"minecraft:interact_with_furnace":3,"spartanshields:shield_bash_hits":1,"tombstone:raider_killed":4,"minecraft:interact_with_cartography_table":1,"minecraft:interact_with_grindstone":1,"minecraft:sleep_in_bed":1,"minecraft:time_since_rest":168516,"minecraft:waystone_activated":1,"minecraft:damage_taken":2140,"minecraft:damage_dealt":7048,"minecraft:swim_one_cm":49634,"minecraft:fly_one_cm":708934,"minecraft:open_chest":126,"minecraft:crouch_one_cm":2688,"tombstone:undead_killed":17,"minecraft:fall_one_cm":100100},"minecraft:dropped":{"minecraft:candle":2,"minecraft:moss_block":20,"minecraft:wheat_seeds":1,"minecraft:glass_bottle":26,"minecraft:granite":4,"travelersbackpack:standard":1,"minecraft:coal":10,"mowziesmobs:wrought_axe":1,"minecraft:emerald":4,"create:fluid_pipe":1,"minecraft:diorite":1,"minecraft:potion":1,"minecraft:dried_kelp":59,"minecraft:sand":2,"minecraft:spruce_sapling":3,"minecraft:bone":23,"minecraft:pointed_dripstone":1,"minecraft:rotten_flesh":6,"minecraft:clay_ball":4,"minecraft:cooked_mutton":1,"create:scoria":1,"minecraft:spruce_planks":1,"minecraft:spruce_trapdoor":1,"minecraft:diamond_pickaxe":1,"minecraft:oak_sapling":1,"minecraft:leather_leggings":1,"minecraft:spider_eye":1,"minecraft:arrow":7,"minecraft:bow":2,"minecraft:wooden_pickaxe":1},"minecraft:used":{"minecraft:azalea":2,"minecraft:moss_block":1,"minecraft:armor_stand":1,"minecraft:dried_kelp":21,"minecraft:spruce_planks":41,"minecraft:shield":1,"minecraft:iron_sword":21,"minecraft:torch":22,"create:cogwheel":2,"travelersbackpack:emerald":1,"minecraft:honey_bottle":152,"minecraft:wooden_axe":2,"minecraft:chipped_anvil":1,"create:crafting_blueprint":5,"minecraft:iron_axe":91,"minecraft:oak_sapling":3,"minecraft:sweet_berries":2,"minecraft:furnace":1,"tombstone:gift":2,"minecraft:cooked_beef":24,"minecraft:cobbled_deepslate":1,"minecraft:damaged_anvil":2,"minecraft:glass_bottle":23,"minecraft:stone_pickaxe":61,"minecraft:oak_planks":9,"minecraft:wooden_pickaxe":12,"minecraft:clay":1,"minecraft:crafting_table":5,"minecraft:blast_furnace":3,"minecraft:crossbow":1,"minecraft:iron_pickaxe":142,"minecraft:bread":4,"minecraft:spore_blossom":1,"minecraft:spruce_sapling":1,"minecraft:stone_axe":22,"minecraft:purple_bed":1,"minecraft:cobblestone":63,"minecraft:potion":81,"travelersbackpack:standard":4,"create:hand_crank":1},"minecraft:crafted":{"minecraft:oak_planks":24,"minecraft:furnace":1,"minecraft:glass":3,"minecraft:iron_boots":1,"minecraft:iron_axe":1,"create:crafting_blueprint":1,"minecraft:stone_pickaxe":1,"minecraft:crafting_table":3,"minecraft:spruce_planks":64,"minecraft:wooden_pickaxe":1,"minecraft:iron_helmet":1,"minecraft:iron_sword":1,"minecraft:stone_axe":1,"minecraft:painting":1,"minecraft:air":0,"travelersbackpack:emerald":1,"minecraft:iron_chestplate":1,"minecraft:stick":20,"minecraft:iron_ingot":24,"minecraft:wooden_axe":1,"minecraft:torch":12},"minecraft:killed":{"minecraft:vindicator":1,"minecraft:spider":2,"alexsmobs:seagull":1,"minecraft:skeleton":5,"alexsmobs:leafcutter_ant":4,"alexsmobs:capuchin_monkey":2,"aquamirae:golden_moth":1,"minecraft:creeper":2,"minecraft:sheep":3,"minecraft:pillager":3,"alexsmobs:flutter":2,"minecraft:zombie":12,"minecraft:enderman":1},"minecraft:mined":{"minecraft:spruce_planks":1,"minecraft:deepslate_diamond_ore":7,"alexsmobs:leafcutter_anthill":1,"minecraft:cave_vines_plant":2,"minecraft:budding_amethyst":3,"minecraft:grass_block":1,"minecraft:moss_block":24,"minecraft:smooth_stone":1,"minecraft:oak_trapdoor":1,"minecraft:furnace":1,"minecraft:iron_ore":5,"minecraft:moss_carpet":2,"minecraft:big_dripleaf_stem":2,"chococraft:gysahl_green":18,"minecraft:pointed_dripstone":5,"minecraft:vine":1,"minecraft:deepslate_iron_ore":11,"minecraft:packed_ice":1,"minecraft:azalea":1,"minecraft:stone":131,"minecraft:medium_amethyst_bud":1,"minecraft:powder_snow":7,"travelersbackpack:standard":1,"minecraft:clay":4,"minecraft:crafting_table":4,"minecraft:torch":6,"minecraft:blast_furnace":6,"minecraft:calcite":2,"create:scoria":1,"minecraft:campfire":1,"minecraft:tall_grass":7,"minecraft:copper_ore":3,"minecraft:cobblestone":5,"minecraft:oak_planks":5,"minecraft:damaged_anvil":2,"minecraft:diorite":12,"minecraft:wall_torch":5,"minecraft:big_dripleaf":1,"minecraft:spruce_stairs":1,"minecraft:purple_bed":2,"minecraft:dark_oak_slab":1,"minecraft:sweet_berry_bush":1,"aquamirae:wisteria_niveis":1,"minecraft:ice":2,"minecraft:spruce_log":10,"minecraft:grass":15,"minecraft:coal_ore":29,"minecraft:sand":10,"minecraft:dirt":9,"minecraft:smooth_basalt":1,"minecraft:small_dripleaf":2,"minecraft:chipped_anvil":1,"minecraft:oak_leaves":3,"minecraft:deepslate":3,"minecraft:fern":1}},"DataVersion":3120}