{"stats":{"minecraft:picked_up":{"minecraft:flower_pot":1,"minecraft:potion":153,"create:copper_diving_boots":1,"minecraft:brewing_stand":2,"paraglider:goddess_statue":3,"minecraft:string":7,"minecraft:raw_copper":2,"minecraft:iron_leggings":1,"minecraft:armor_stand":2,"alexsmobs:blood_sac":3,"minecraft:gold_nugget":10,"minecraft:cobbled_deepslate":378,"minecraft:spruce_planks":14,"minecraft:written_book":1,"minecraft:azalea":2,"minecraft:dark_oak_door":1,"minecraft:stick":29,"minecraft:deepslate_brick_wall":1,"minecraft:big_dripleaf":13,"minecraft:polished_deepslate_stairs":2,"minecraft:oak_fence":1,"minecraft:torch":47,"minecraft:pointed_dripstone":71,"tombstone:grave_dust":3,"minecraft:diorite":6,"minecraft:deepslate_tile_stairs":1,"deep_dark_regrowth:smooth_deepslate":1,"deep_dark_regrowth:moonstone_crystal_block":46,"minecraft:honey_bottle":96,"minecraft:rotten_flesh":45,"create:asurine":7,"minecraft:deepslate_brick_stairs":4,"minecraft:obsidian":18,"minecraft:snowball":205,"minecraft:cobblestone":241,"minecraft:feather":2,"minecraft:andesite":74,"minecraft:flint":1,"minecraft:tuff":78,"minecraft:magenta_bed":1,"minecraft:lapis_lazuli":987,"minecraft:dirt":6,"minecraft:lantern":1,"aquamirae:fin":2,"minecraft:bone":13,"minecraft:bow":2,"minecraft:wheat_seeds":8,"minecraft:raw_gold":253,"deep_dark_regrowth:ghost_flowers":2,"minecraft:fletching_table":1,"minecraft:bamboo":1,"minecraft:moss_block":6,"minecraft:stone_hoe":1,"minecraft:oak_planks":11,"minecraft:sand":4,"minecraft:stripped_spruce_log":1,"minecraft:ink_sac":1,"deep_dark_regrowth:cobbled_grimstone":241,"minecraft:trapped_chest":1,"minecraft:barrel":2,"alexsmobs:animal_dictionary":1,"minecraft:diamond":21,"waystones:waystone":1,"minecraft:granite":10,"minecraft:chainmail_helmet":2,"minecraft:emerald":8,"minecraft:oak_sapling":15,"minecraft:netherrack":187,"minecraft:diamond_pickaxe":1,"deep_dark_regrowth:between_gems":1,"minecraft:crafting_table":1,"minecraft:clay_ball":107,"minecraft:leather_leggings":1,"minecraft:gold_block":2,"minecraft:moss_carpet":19,"minecraft:iron_axe":1,"minecraft:wooden_sword":1,"artifacts:power_glove":1,"deep_dark_regrowth:rough_deepslate":1,"minecraft:iron_shovel":1,"paraglider:rito_goddess_statue":2,"minecraft:spruce_slab":1,"minecraft:lectern":2,"minecraft:raw_iron":522,"minecraft:spruce_fence":1,"create:copper_backtank":2,"minecraft:redstone":455,"minecraft:dark_oak_planks":2,"artifacts:snorkel":2,"minecraft:arrow":14,"deep_dark_regrowth:moonstone_crystal":1,"deep_dark_regrowth:ghost_jelly":3,"minecraft:glow_ink_sac":3,"waystones:sandy_waystone":1,"minecraft:oak_log":57,"minecraft:chainmail_chestplate":1,"deep_dark_regrowth:stone_tiles":2,"mowziesmobs:wrought_axe":2,"minecraft:blue_bed":2,"minecraft:spore_blossom":3,"minecraft:glass_bottle":186,"minecraft:iron_sword":1,"minecraft:flowering_azalea":3,"minecraft:book":54,"minecraft:smooth_basalt":1,"minecraft:dark_oak_slab":4,"minecraft:quartz":10,"minecraft:dripstone_block":8,"minecraft:gravel":5,"mowziesmobs:wrought_helmet":1,"minecraft:spruce_sapling":11,"minecraft:spruce_log":53,"minecraft:spider_eye":10,"create:copper_diving_helmet":1,"travelersbackpack:standard":1,"minecraft:slime_ball":3,"butchercraft:lamb_scraps":1,"tombstone:magic_scroll":1,"minecraft:coal":580,"minecraft:ender_pearl":1},"minecraft:killed_by":{"mowziesmobs:naga":1,"minecraft:zombie":1,"minecraft:spider":1},"minecraft:custom":{"minecraft:interact_with_crafting_table":22,"minecraft:open_barrel":70,"minecraft:leave_game":10,"minecraft:time_since_death":51338,"minecraft:sprint_one_cm":1399809,"minecraft:damage_blocked_by_shield":1060,"minecraft:drop":191,"minecraft:deaths":6,"minecraft:play_time":453499,"minecraft:jump":7922,"minecraft:walk_on_water_one_cm":89216,"minecraft:enchant_item":59,"minecraft:interact_with_furnace":1,"minecraft:interact_with_cartography_table":2,"minecraft:sleep_in_bed":2,"minecraft:waystone_activated":2,"tombstone:sneak_grave":1,"minecraft:damage_dealt":19487,"minecraft:crouch_one_cm":25850,"tombstone:undead_killed":47,"minecraft:interact_with_smithing_table":7,"minecraft:interact_with_anvil":17,"minecraft:mob_kills":105,"minecraft:damage_dealt_resisted":21,"minecraft:climb_one_cm":5751,"minecraft:walk_one_cm":484161,"minecraft:sneak_time":13981,"minecraft:walk_under_water_one_cm":378925,"minecraft:interact_with_blast_furnace":2,"minecraft:total_world_time":453499,"spartanshields:shield_bash_hits":2,"tombstone:raider_killed":7,"minecraft:interact_with_grindstone":5,"minecraft:time_since_rest":51208,"minecraft:damage_taken":7802,"minecraft:trigger_trapped_chest":2,"minecraft:swim_one_cm":466672,"minecraft:fly_one_cm":2493339,"minecraft:open_chest":364,"minecraft:fall_one_cm":204326},"minecraft:dropped":{"minecraft:iron_sword":1,"minecraft:moss_block":2,"minecraft:cooked_beef":128,"minecraft:ender_pearl":4,"minecraft:diamond":4,"minecraft:glass_bottle":10,"minecraft:spore_blossom":1,"minecraft:lantern":1,"butchercraft:meat_hook_item":65,"travelersbackpack:standard":4,"minecraft:cod":14,"minecraft:flint":1,"minecraft:dirt":1,"create:copper_backtank":1,"minecraft:wooden_sword":1,"minecraft:sand":2,"create:goggles":1,"minecraft:iron_pickaxe":1,"butchercraft:bone_saw":1,"minecraft:armor_stand":2,"minecraft:bone":5,"minecraft:gravel":5,"minecraft:sugar_cane":10,"alexsmobs:animal_dictionary":2,"minecraft:cobbled_deepslate":8,"minecraft:pointed_dripstone":5,"minecraft:rotten_flesh":2,"create:asurine":7,"butchercraft:butcher_knife":1,"minecraft:honey_bottle":304,"deep_dark_regrowth:rough_deepslate":1,"minecraft:leather_leggings":1,"minecraft:arrow":8,"minecraft:lectern":2,"minecraft:enchanted_book":36,"minecraft:stone_hoe":1,"minecraft:wheat_seeds":3,"butchercraft:skinning_knife":1,"butchercraft:gloves":1,"butchercraft:apron":1,"minecraft:oak_fence":1,"minecraft:granite":4,"butchercraft:gut_knife":1,"minecraft:coal":32,"mowziesmobs:wrought_axe":1,"butchercraft:lamb_scraps":1,"minecraft:deepslate_brick_stairs":3,"artifacts:snorkel":3,"minecraft:diorite":1,"minecraft:torch":298,"tombstone:grave_key":1,"butchercraft:paper_hat":1,"tombstone:grave_dust":1,"minecraft:potion":362,"minecraft:dried_kelp":320,"butchercraft:boots":1,"minecraft:string":5,"minecraft:smooth_basalt":1,"minecraft:moss_carpet":4,"minecraft:tuff":5,"minecraft:clay_ball":96,"minecraft:spruce_fence":1,"minecraft:big_dripleaf":4,"butchercraft:mask":1,"minecraft:spruce_trapdoor":1,"minecraft:diamond_pickaxe":1,"minecraft:andesite":69,"minecraft:oak_sapling":15,"minecraft:spider_eye":3,"minecraft:slime_ball":3,"minecraft:bow":1,"minecraft:wooden_pickaxe":1,"minecraft:raw_gold":64},"minecraft:used":{"minecraft:moss_block":32,"minecraft:moss_carpet":2,"minecraft:spruce_slab":4,"minecraft:chest":73,"minecraft:shield":23,"minecraft:iron_sword":99,"minecraft:tuff":20,"minecraft:snowball":60,"minecraft:stripped_spruce_log":45,"minecraft:obsidian":14,"minecraft:glass":2,"cataclysm:infernal_forge":3,"minecraft:lava_bucket":1,"minecraft:lantern":6,"minecraft:dark_oak_slab":167,"minecraft:deepslate_diamond_ore":1,"minecraft:birch_trapdoor":3,"minecraft:snow":51,"minecraft:dark_oak_stairs":9,"minecraft:diorite":5,"minecraft:leather_leggings":1,"minecraft:stone_pickaxe":128,"minecraft:oak_planks":113,"minecraft:wooden_pickaxe":8,"minecraft:sandstone":27,"minecraft:blue_bed":1,"minecraft:clay":22,"minecraft:dark_oak_trapdoor":15,"alexsmobs:spawn_egg_mimic_octopus":1,"minecraft:blast_furnace":9,"minecraft:dripstone_block":56,"deep_dark_regrowth:ghost_jelly":3,"minecraft:mangrove_door":1,"minecraft:bread":3,"minecraft:spore_blossom":1,"minecraft:deepslate":70,"minecraft:diamond_sword":128,"minecraft:wooden_sword":2,"minecraft:grindstone":1,"minecraft:smithing_table":2,"minecraft:crimson_door":1,"minecraft:andesite":5,"minecraft:air":1,"minecraft:experience_bottle":2816,"minecraft:azalea":1,"minecraft:enchanting_table":1,"minecraft:spruce_planks":157,"minecraft:netherrack":157,"minecraft:torch":1208,"minecraft:anvil":7,"minecraft:spruce_stairs":45,"minecraft:granite":6,"minecraft:birch_door":1,"minecraft:dark_oak_planks":298,"minecraft:flowering_azalea":1,"minecraft:bookshelf":23,"minecraft:iron_axe":108,"minecraft:smooth_sandstone":24,"minecraft:barrel":13,"tombstone:gift":3,"minecraft:cooked_beef":102,"minecraft:cobbled_deepslate":1323,"minecraft:powder_snow_bucket":2,"minecraft:water_bucket":3333,"minecraft:cobblestone_stairs":50,"minecraft:sandstone_stairs":10,"minecraft:snow_block":10,"minecraft:glass_bottle":37,"minecraft:cartography_table":1,"minecraft:cut_sandstone":26,"minecraft:crafting_table":3,"minecraft:campfire":4,"minecraft:smoker":9,"minecraft:dark_oak_door":4,"mowziesmobs:wrought_axe":55,"minecraft:diamond_pickaxe":1790,"minecraft:iron_pickaxe":574,"minecraft:spruce_trapdoor":17,"minecraft:stone_axe":12,"minecraft:cobblestone":318,"minecraft:potion":187,"travelersbackpack:standard":4,"minecraft:bucket":27,"alexsmobs:animal_dictionary":2},"minecraft:crafted":{"minecraft:oak_planks":228,"minecraft:bookshelf":17,"minecraft:stone_hoe":1,"minecraft:crafting_table":2,"minecraft:spruce_planks":212,"minecraft:wooden_pickaxe":1,"minecraft:diamond_pickaxe":1,"minecraft:stick":172,"minecraft:stone_pickaxe":2,"minecraft:diamond_boots":1,"minecraft:diamond_sword":1,"minecraft:enchanting_table":1,"minecraft:bucket":1,"minecraft:stone_axe":1,"minecraft:air":0,"minecraft:wooden_axe":1,"minecraft:torch":460,"minecraft:diamond_chestplate":1},"minecraft:killed":{"minecraft:cave_spider":6,"minecraft:spider":3,"deep_dark_regrowth:ghost_jellyfish":2,"minecraft:skeleton":21,"artifacts:mimic":2,"minecraft:zombie_villager":1,"minecraft:creeper":6,"alexsmobs:crimson_mosquito":4,"minecraft:pillager":1,"alexsmobs:flutter":3,"minecraft:zombie":24,"cataclysm:deepling":2,"mowziesmobs:umvuthana_raptor":1,"alexsmobs:mimic_octopus":1,"minecraft:vindicator":6,"minecraft:slime":3,"mowziesmobs:ferrous_wroughtnaut":1,"minecraft:husk":2,"alexsmobs:guster":3,"aquamirae:maw":1,"mowziesmobs:umvuthana_follower_raptor":5,"minecraft:enderman":1},"minecraft:broken":{"minecraft:iron_pickaxe":2},"minecraft:mined":{"minecraft:dark_oak_planks":2,"minecraft:spruce_planks":13,"deep_dark_regrowth:smooth_deepslate":1,"paraglider:rito_goddess_statue":2,"minecraft:brewing_stand":2,"minecraft:obsidian":19,"minecraft:cave_vines_plant":2,"minecraft:granite":10,"deep_dark_regrowth:grimstone_gold_ore":14,"minecraft:deepslate_tile_stairs":2,"minecraft:iron_ore":172,"minecraft:cobbled_deepslate":10,"minecraft:fire":12,"minecraft:deepslate_lapis_ore":43,"create:asurine":7,"minecraft:pointed_dripstone":2,"minecraft:cave_vines":3,"minecraft:deepslate_brick_stairs":4,"minecraft:azalea":1,"minecraft:spruce_slab":1,"minecraft:deepslate_redstone_ore":58,"minecraft:deepslate_brick_wall":1,"minecraft:polished_deepslate_stairs":2,"deep_dark_regrowth:grimstone_redstone_ore":2,"minecraft:clay":2,"minecraft:torch":5,"minecraft:nether_quartz_ore":4,"minecraft:cobblestone":54,"minecraft:oak_planks":10,"minecraft:wall_torch":13,"deep_dark_regrowth:stone_tiles":3,"minecraft:dark_oak_slab":5,"minecraft:magenta_bed":1,"deep_dark_regrowth:grimstone":28,"minecraft:grass":14,"deep_dark_regrowth:grimstone_9":20,"minecraft:oak_log":31,"minecraft:sand":5,"minecraft:dirt":6,"minecraft:smooth_basalt":1,"minecraft:netherrack":194,"minecraft:oak_leaves":3,"minecraft:deepslate":369,"minecraft:nether_gold_ore":1,"deep_dark_regrowth:grimstone_6":12,"minecraft:diamond_ore":7,"minecraft:tuff":78,"deep_dark_regrowth:grimstone_5":9,"deep_dark_regrowth:grimstone_7":11,"deep_dark_regrowth:grimstone_4":62,"minecraft:deepslate_diamond_ore":14,"deep_dark_regrowth:grimstone_8":66,"minecraft:glow_lichen":1,"minecraft:spruce_fence":1,"deep_dark_regrowth:grimstone_lapislazuli_ore":22,"deep_dark_regrowth:grimstone_2":26,"minecraft:spruce_leaves":1,"minecraft:moss_block":6,"minecraft:large_fern":1,"minecraft:redstone_ore":31,"minecraft:andesite":78,"minecraft:stripped_spruce_log":1,"minecraft:gold_block":2,"minecraft:bookshelf":18,"minecraft:deepslate_iron_ore":130,"minecraft:vine":1,"minecraft:lantern":1,"deep_dark_regrowth:grimstone_3":41,"minecraft:stone":192,"deep_dark_regrowth:rough_deepslate":2,"minecraft:flowering_azalea":3,"minecraft:crafting_table":1,"deep_dark_regrowth:ghost_flowers":2,"minecraft:lectern":1,"minecraft:tall_grass":8,"minecraft:deepslate_coal_ore":10,"minecraft:deepslate_gold_ore":141,"minecraft:lapis_ore":23,"minecraft:diorite":10,"minecraft:blue_bed":2,"minecraft:sweet_berry_bush":1,"minecraft:spruce_log":10,"deep_dark_regrowth:moonstone_crystal_block":54,"minecraft:coal_ore":336,"minecraft:gravel":8,"minecraft:dripstone_block":10,"deep_dark_regrowth:grimstone_iron_ore":29,"minecraft:gold_ore":29,"paraglider:goddess_statue":3,"deep_dark_regrowth:phantasmal_sprouts":4}},"DataVersion":3120}