{"stats":{"minecraft:custom":{"minecraft:interact_with_smithing_table":1,"minecraft:mob_kills":62,"minecraft:interact_with_anvil":2,"minecraft:interact_with_crafting_table":17,"minecraft:open_barrel":27,"minecraft:leave_game":1,"minecraft:time_since_death":127977,"minecraft:climb_one_cm":1772,"minecraft:sprint_one_cm":265158,"minecraft:walk_one_cm":194369,"minecraft:damage_blocked_by_shield":1020,"minecraft:drop":70,"minecraft:play_time":127977,"minecraft:sneak_time":7934,"minecraft:walk_under_water_one_cm":2164,"minecraft:jump":2862,"minecraft:walk_on_water_one_cm":17209,"minecraft:total_world_time":127977,"minecraft:interact_with_furnace":23,"minecraft:interact_with_stonecutter":1,"minecraft:sleep_in_bed":1,"minecraft:time_since_rest":102334,"minecraft:damage_taken":2644,"minecraft:trigger_trapped_chest":2,"minecraft:damage_dealt":13882,"minecraft:fly_one_cm":751231,"minecraft:swim_one_cm":1687,"minecraft:open_chest":13,"minecraft:crouch_one_cm":17402,"minecraft:fall_one_cm":79466},"minecraft:used":{"minecraft:stone_sword":2,"minecraft:spruce_planks":106,"minecraft:shield":35,"minecraft:torch":188,"minecraft:dirt":2,"minecraft:wooden_axe":3,"minecraft:chipped_anvil":1,"minecraft:iron_axe":101,"minecraft:furnace":7,"minecraft:cobbled_deepslate":59,"minecraft:water_bucket":6,"minecraft:stone_pickaxe":51,"minecraft:wooden_pickaxe":10,"minecraft:diamond_axe":99,"minecraft:crafting_table":11,"minecraft:crossbow":1,"minecraft:diamond_pickaxe":40,"minecraft:bread":66,"minecraft:iron_pickaxe":460,"minecraft:spruce_sapling":1,"irons_spellbooks:magehunter":19,"minecraft:wooden_sword":5,"minecraft:cobblestone":43,"minecraft:potion":60,"travelersbackpack:standard":6,"minecraft:smithing_table":1,"minecraft:bucket":7,"minecraft:coarse_dirt":2,"minecraft:experience_bottle":1},"minecraft:mined":{"minecraft:dark_oak_planks":2,"create:zinc_ore":4,"minecraft:spruce_planks":1,"minecraft:deepslate_diamond_ore":5,"minecraft:obsidian":4,"minecraft:potted_dead_bush":1,"minecraft:coal_block":17,"minecraft:spruce_leaves":3,"minecraft:gilded_blackstone":35,"minecraft:large_fern":1,"minecraft:magma_block":9,"minecraft:furnace":1,"minecraft:iron_ore":33,"minecraft:cobbled_deepslate":6,"minecraft:andesite":1,"minecraft:moss_carpet":1,"minecraft:deepslate_lapis_ore":14,"minecraft:bookshelf":13,"minecraft:vine":1,"minecraft:cave_vines":1,"minecraft:deepslate_iron_ore":38,"immersiveengineering:ore_lead":9,"minecraft:stone":96,"ad_astra:sky_stone":4,"immersiveengineering:ore_aluminum":4,"minecraft:deepslate_redstone_ore":1,"minecraft:basalt":3,"minecraft:crafting_table":7,"minecraft:torch":1,"minecraft:tall_grass":3,"minecraft:cobblestone":5,"minecraft:lapis_ore":8,"minecraft:deepslate_gold_ore":56,"minecraft:wall_torch":2,"minecraft:coarse_dirt":2,"minecraft:dark_oak_slab":1,"minecraft:spruce_log":7,"minecraft:grass":2,"minecraft:coal_ore":80,"minecraft:dirt":2,"minecraft:stone_bricks":1,"minecraft:gold_ore":3,"minecraft:chipped_anvil":2,"pots_and_mimics:treasure_pot":23,"minecraft:deepslate":94,"minecraft:fern":1},"minecraft:broken":{"irons_spellbooks:magehunter":1,"minecraft:iron_pickaxe":1,"minecraft:wooden_axe":6},"minecraft:crafted":{"minecraft:furnace":2,"minecraft:iron_boots":1,"minecraft:iron_axe":1,"minecraft:stone_pickaxe":1,"minecraft:crafting_table":4,"minecraft:enchanting_table":1,"minecraft:spruce_planks":240,"minecraft:wooden_pickaxe":1,"minecraft:iron_helmet":1,"minecraft:bucket":1,"minecraft:stone_axe":1,"minecraft:air":0,"minecraft:iron_chestplate":1,"minecraft:diamond_pickaxe":1,"minecraft:stick":132,"minecraft:iron_ingot":37,"minecraft:iron_pickaxe":2,"minecraft:wooden_axe":6,"minecraft:stone_sword":1,"minecraft:iron_leggings":1,"minecraft:gold_ingot":10,"minecraft:torch":216},"minecraft:killed":{"irons_spellbooks:summoned_zombie":4,"pots_and_mimics:pot_crab":3,"minecraft:vindicator":1,"minecraft:spider":7,"minecraft:skeleton":4,"minecraft:silverfish":2,"minecraft:zombie_villager":2,"irons_spellbooks:necromancer":1,"minecraft:creeper":1,"minecraft:pillager":16,"minecraft:zombie":15,"pots_and_mimics:poison_pot_crab":1,"minecraft:stray":1},"minecraft:dropped":{"minecraft:iron_ingot":5,"minecraft:bread":140,"minecraft:glass_bottle":20,"minecraft:crossbow":1,"minecraft:cobblestone":7,"minecraft:tropical_fish":2,"travelersbackpack:standard":3,"minecraft:dirt":1,"artifacts:snorkel":2,"minecraft:torch":1,"minecraft:potion":1408,"minecraft:iron_leggings":1,"minecraft:wooden_sword":1,"minecraft:gilded_blackstone":31,"minecraft:iron_axe":1,"tconstruct:sky_slime_ball":1,"minecraft:iron_pickaxe":1,"minecraft:chainmail_leggings":1,"minecraft:string":3,"irons_spellbooks:frozen_bone":1,"minecraft:stone_axe":1,"minecraft:goat_horn":1,"minecraft:stone_sword":1,"minecraft:cobbled_deepslate":9,"minecraft:raw_iron":4,"minecraft:rotten_flesh":1,"minecraft:potato":1,"minecraft:golden_leggings":2,"minecraft:spruce_log":192,"minecraft:arrow":1,"minecraft:bow":1,"minecraft:wooden_pickaxe":1,"minecraft:stone_pickaxe":1,"immersiveengineering:seed":1},"minecraft:picked_up":{"irons_spellbooks:scroll":1,"minecraft:crafting_table":8,"minecraft:coarse_dirt":3,"minecraft:flower_pot":1,"minecraft:potion":191,"minecraft:enchanted_book":6,"minecraft:gilded_blackstone":31,"ad_astra:sky_stone":3,"minecraft:string":13,"minecraft:moss_carpet":5,"minecraft:raw_copper":7,"minecraft:iron_axe":1,"minecraft:armor_stand":1,"irons_spellbooks:arcane_essence":2,"immersiveengineering:raw_lead":9,"minecraft:gold_nugget":16,"minecraft:cobbled_deepslate":102,"minecraft:spruce_planks":3,"minecraft:coal_block":17,"minecraft:sugar_cane":2,"minecraft:furnace":1,"minecraft:tipped_arrow":1,"minecraft:raw_iron":84,"minecraft:stick":17,"minecraft:torch":9,"minecraft:goat_horn":2,"minecraft:dark_oak_planks":2,"tconstruct:sky_slime_ball":1,"minecraft:arrow":4,"minecraft:rotten_flesh":17,"minecraft:tropical_fish":3,"minecraft:obsidian":4,"minecraft:cobblestone":100,"minecraft:magma_block":8,"minecraft:basalt":6,"minecraft:andesite":1,"minecraft:golden_leggings":2,"create:raw_zinc":4,"minecraft:gunpowder":6,"minecraft:lapis_lazuli":150,"minecraft:dirt":3,"minecraft:white_banner":1,"minecraft:leather_boots":1,"minecraft:red_carpet":1,"butchercraft:salt_bunny_ears":1,"minecraft:bone":4,"minecraft:chipped_anvil":2,"minecraft:apple":2,"minecraft:stone_bricks":1,"minecraft:bow":1,"minecraft:wheat_seeds":3,"minecraft:raw_gold":65,"minecraft:iron_ingot":5,"minecraft:glass_bottle":70,"minecraft:moss_block":11,"minecraft:dark_oak_stairs":1,"minecraft:book":36,"minecraft:dark_oak_slab":1,"irons_spellbooks:frozen_bone":1,"immersiveengineering:raw_aluminum":4,"minecraft:spruce_sapling":12,"minecraft:spruce_log":570,"minecraft:dead_bush":1,"minecraft:spider_eye":1,"travelersbackpack:standard":1,"irons_spellbooks:magehunter":1,"immersiveengineering:seed":1,"minecraft:diamond":5,"waystones:waystone":1,"butchercraft:lamb_scraps":4,"minecraft:crossbow":2,"minecraft:coal":90}},"DataVersion":3120}