{"stats":{"minecraft:mined":{"minecraft:dark_oak_planks":2,"minecraft:spruce_planks":1,"minecraft:spruce_fence":1,"minecraft:lectern":1,"minecraft:spruce_leaves":1,"minecraft:dark_oak_slab":5,"minecraft:iron_ore":1,"minecraft:spruce_log":10,"minecraft:stripped_spruce_log":1,"minecraft:grass":3,"minecraft:bookshelf":13,"minecraft:coal_ore":46,"minecraft:dirt":5,"minecraft:stone":36,"minecraft:spruce_slab":1},"minecraft:crafted":{"minecraft:crafting_table":1,"minecraft:spruce_planks":212,"minecraft:wooden_pickaxe":1,"minecraft:stone_axe":1,"minecraft:air":0,"minecraft:stick":48,"minecraft:stone_pickaxe":1,"minecraft:wooden_axe":1,"minecraft:torch":40,"minecraft:stone_hoe":1},"minecraft:custom":{"minecraft:interact_with_smithing_table":2,"minecraft:mob_kills":10,"minecraft:interact_with_anvil":2,"tombstone:raider_killed":7,"minecraft:interact_with_crafting_table":4,"minecraft:open_barrel":10,"minecraft:leave_game":6,"minecraft:time_since_death":18670,"minecraft:time_since_rest":16271,"minecraft:sprint_one_cm":159826,"minecraft:damage_taken":1296,"minecraft:walk_one_cm":70458,"minecraft:damage_blocked_by_shield":40,"minecraft:drop":29,"minecraft:damage_dealt":2273,"minecraft:swim_one_cm":8676,"minecraft:fly_one_cm":367297,"minecraft:open_chest":2,"minecraft:crouch_one_cm":2952,"minecraft:play_time":50779,"minecraft:deaths":3,"minecraft:walk_under_water_one_cm":3843,"minecraft:sneak_time":1387,"minecraft:jump":1330,"minecraft:walk_on_water_one_cm":1419,"minecraft:total_world_time":50779,"minecraft:fall_one_cm":18922},"minecraft:dropped":{"minecraft:stone_hoe":1,"minecraft:iron_sword":1,"butchercraft:skinning_knife":1,"minecraft:cooked_beef":128,"alexsmobs:animal_dictionary":1,"butchercraft:gloves":1,"minecraft:glass_bottle":1,"butchercraft:apron":1,"minecraft:rotten_flesh":2,"butchercraft:gut_knife":1,"butchercraft:butcher_knife":1,"travelersbackpack:standard":2,"butchercraft:mask":1,"tombstone:grave_key":1,"butchercraft:paper_hat":1,"minecraft:potion":260,"butchercraft:boots":1,"minecraft:iron_pickaxe":1,"butchercraft:bone_saw":1},"minecraft:picked_up":{"minecraft:potion":64,"minecraft:dirt":5,"aquamirae:fin":2,"minecraft:gold_nugget":2,"minecraft:spruce_planks":1,"minecraft:written_book":1,"minecraft:spruce_slab":1,"minecraft:glass_bottle":2,"minecraft:lectern":1,"minecraft:stone_hoe":1,"minecraft:book":39,"minecraft:stick":7,"minecraft:raw_iron":1,"minecraft:dark_oak_slab":4,"minecraft:torch":3,"minecraft:spruce_fence":1,"minecraft:stripped_spruce_log":1,"minecraft:spruce_sapling":11,"minecraft:ink_sac":1,"minecraft:spruce_log":53,"alexsmobs:animal_dictionary":1,"minecraft:dark_oak_planks":2,"minecraft:rotten_flesh":4,"butchercraft:lamb_scraps":1,"minecraft:emerald":4,"minecraft:coal":45,"minecraft:snowball":205,"minecraft:cobblestone":37},"minecraft:used":{"minecraft:snow_block":10,"minecraft:stone_pickaxe":75,"minecraft:shield":1,"minecraft:spruce_planks":39,"minecraft:wooden_pickaxe":8,"minecraft:iron_sword":13,"minecraft:torch":35,"minecraft:anvil":1,"alexsmobs:spawn_egg_mimic_octopus":1,"minecraft:crafting_table":1,"minecraft:snowball":60,"cataclysm:infernal_forge":3,"minecraft:iron_axe":38,"minecraft:bread":3,"minecraft:stone_axe":12,"minecraft:wooden_sword":2,"minecraft:snow":51,"minecraft:cobblestone":8,"minecraft:potion":2,"travelersbackpack:standard":2,"minecraft:smithing_table":1,"tombstone:gift":2,"alexsmobs:animal_dictionary":2,"minecraft:cooked_beef":4,"minecraft:powder_snow_bucket":2},"minecraft:killed":{"alexsmobs:mimic_octopus":1,"aquamirae:maw":1,"minecraft:vindicator":6,"minecraft:pillager":1,"minecraft:zombie":1},"minecraft:killed_by":{"mowziesmobs:naga":1,"minecraft:spider":1}},"DataVersion":3120}