{"stats":{"minecraft:custom":{"minecraft:interact_with_smithing_table":1,"minecraft:interact_with_furnace":9,"minecraft:mob_kills":11,"minecraft:interact_with_crafting_table":14,"minecraft:leave_game":1,"minecraft:time_since_death":55977,"minecraft:sleep_in_bed":1,"minecraft:climb_one_cm":574,"minecraft:time_since_rest":30334,"minecraft:sprint_one_cm":100979,"minecraft:damage_taken":824,"minecraft:walk_one_cm":86204,"minecraft:damage_blocked_by_shield":380,"minecraft:drop":30,"minecraft:damage_dealt":2586,"minecraft:swim_one_cm":1687,"minecraft:fly_one_cm":453699,"minecraft:open_chest":1,"minecraft:crouch_one_cm":4764,"minecraft:play_time":55977,"minecraft:sneak_time":2133,"minecraft:walk_under_water_one_cm":1979,"minecraft:jump":1196,"minecraft:walk_on_water_one_cm":5126,"minecraft:total_world_time":55977,"minecraft:fall_one_cm":32232},"minecraft:used":{"minecraft:water_bucket":2,"minecraft:stone_sword":2,"minecraft:stone_pickaxe":51,"minecraft:spruce_planks":75,"minecraft:wooden_pickaxe":10,"minecraft:shield":15,"minecraft:torch":52,"minecraft:dirt":2,"minecraft:crafting_table":8,"minecraft:wooden_axe":3,"minecraft:iron_axe":36,"minecraft:bread":20,"minecraft:iron_pickaxe":124,"minecraft:spruce_sapling":1,"minecraft:wooden_sword":5,"minecraft:potion":23,"travelersbackpack:standard":6,"minecraft:furnace":3,"minecraft:smithing_table":1,"minecraft:bucket":3,"minecraft:coarse_dirt":2},"minecraft:mined":{"create:zinc_ore":4,"minecraft:spruce_planks":1,"minecraft:crafting_table":3,"minecraft:torch":1,"minecraft:tall_grass":3,"minecraft:deepslate_gold_ore":7,"minecraft:spruce_leaves":3,"minecraft:lapis_ore":3,"minecraft:wall_torch":1,"minecraft:large_fern":1,"minecraft:coarse_dirt":2,"minecraft:furnace":1,"minecraft:iron_ore":25,"minecraft:spruce_log":7,"minecraft:moss_carpet":1,"minecraft:deepslate_lapis_ore":12,"minecraft:grass":1,"minecraft:cave_vines":1,"minecraft:coal_ore":69,"minecraft:deepslate_iron_ore":21,"minecraft:vine":1,"minecraft:dirt":2,"minecraft:stone":27,"minecraft:gold_ore":3,"pots_and_mimics:treasure_pot":1,"minecraft:deepslate":9,"minecraft:fern":1},"minecraft:broken":{"minecraft:wooden_axe":6},"minecraft:crafted":{"minecraft:crafting_table":4,"minecraft:spruce_planks":240,"minecraft:wooden_pickaxe":1,"minecraft:iron_helmet":1,"minecraft:furnace":2,"minecraft:bucket":1,"minecraft:stone_axe":1,"minecraft:air":0,"minecraft:iron_boots":1,"minecraft:iron_chestplate":1,"minecraft:iron_axe":1,"minecraft:stick":80,"minecraft:iron_ingot":36,"minecraft:iron_pickaxe":1,"minecraft:stone_pickaxe":1,"minecraft:wooden_axe":6,"minecraft:stone_sword":1,"minecraft:iron_leggings":1,"minecraft:torch":64},"minecraft:killed":{"minecraft:skeleton":1,"minecraft:pillager":6,"minecraft:zombie":4},"minecraft:dropped":{"minecraft:bread":96,"minecraft:rotten_flesh":1,"minecraft:tropical_fish":2,"travelersbackpack:standard":3,"artifacts:snorkel":2,"minecraft:torch":1,"minecraft:potion":1152,"immersiveengineering:seed":1},"minecraft:picked_up":{"minecraft:coarse_dirt":2,"minecraft:crafting_table":3,"minecraft:potion":63,"create:raw_zinc":4,"minecraft:gunpowder":2,"minecraft:string":1,"minecraft:lapis_lazuli":105,"minecraft:dirt":2,"minecraft:moss_carpet":5,"minecraft:leather_boots":1,"minecraft:bone":2,"butchercraft:salt_bunny_ears":1,"minecraft:wheat_seeds":3,"minecraft:cobbled_deepslate":9,"minecraft:raw_gold":10,"minecraft:spruce_planks":1,"minecraft:iron_ingot":1,"minecraft:glass_bottle":15,"minecraft:moss_block":11,"minecraft:furnace":1,"minecraft:stick":17,"minecraft:raw_iron":46,"minecraft:torch":2,"minecraft:spruce_sapling":12,"minecraft:spruce_log":570,"travelersbackpack:standard":1,"minecraft:arrow":1,"minecraft:rotten_flesh":2,"immersiveengineering:seed":1,"minecraft:tropical_fish":3,"minecraft:coal":74,"minecraft:cobblestone":27}},"DataVersion":3120}