{"stats":{"minecraft:picked_up":{"minecraft:crafting_table":1,"minecraft:leather_leggings":1,"minecraft:potion":153,"minecraft:raw_copper":2,"minecraft:wooden_sword":1,"minecraft:armor_stand":2,"minecraft:gold_nugget":2,"minecraft:cobbled_deepslate":210,"minecraft:spruce_planks":14,"minecraft:written_book":1,"minecraft:spruce_slab":1,"minecraft:lectern":2,"minecraft:stick":22,"minecraft:raw_iron":9,"minecraft:torch":11,"minecraft:spruce_fence":1,"minecraft:diorite":1,"minecraft:dark_oak_planks":2,"minecraft:honey_bottle":96,"minecraft:rotten_flesh":4,"create:asurine":7,"minecraft:snowball":205,"minecraft:cobblestone":127,"minecraft:andesite":14,"minecraft:tuff":70,"minecraft:oak_log":57,"minecraft:chainmail_chestplate":1,"minecraft:lapis_lazuli":45,"minecraft:blue_bed":2,"minecraft:dirt":6,"aquamirae:fin":2,"minecraft:wheat_seeds":1,"minecraft:raw_gold":30,"minecraft:glass_bottle":33,"minecraft:stone_hoe":1,"minecraft:book":39,"minecraft:dark_oak_slab":4,"minecraft:sand":2,"minecraft:stripped_spruce_log":1,"minecraft:spruce_sapling":11,"minecraft:ink_sac":1,"minecraft:spruce_log":53,"alexsmobs:animal_dictionary":1,"travelersbackpack:standard":1,"minecraft:diamond":2,"butchercraft:lamb_scraps":1,"minecraft:granite":4,"minecraft:emerald":4,"minecraft:chainmail_helmet":1,"minecraft:oak_sapling":12,"minecraft:coal":54},"minecraft:killed_by":{"mowziesmobs:naga":1,"minecraft:spider":1},"minecraft:custom":{"minecraft:interact_with_smithing_table":2,"minecraft:mob_kills":10,"minecraft:interact_with_anvil":2,"minecraft:interact_with_crafting_table":5,"minecraft:open_barrel":28,"minecraft:leave_game":10,"minecraft:time_since_death":47173,"minecraft:climb_one_cm":315,"minecraft:sprint_one_cm":322167,"minecraft:walk_one_cm":118531,"minecraft:damage_blocked_by_shield":100,"minecraft:drop":59,"minecraft:play_time":105499,"minecraft:deaths":4,"minecraft:sneak_time":2500,"minecraft:walk_under_water_one_cm":11692,"minecraft:jump":2359,"minecraft:walk_on_water_one_cm":8847,"minecraft:total_world_time":105499,"tombstone:raider_killed":7,"minecraft:sleep_in_bed":2,"minecraft:time_since_rest":37785,"minecraft:damage_taken":2015,"minecraft:damage_dealt":2771,"minecraft:swim_one_cm":15606,"minecraft:fly_one_cm":585357,"minecraft:open_chest":16,"minecraft:crouch_one_cm":5421,"minecraft:fall_one_cm":45853},"minecraft:dropped":{"minecraft:stone_hoe":1,"minecraft:iron_sword":1,"minecraft:wheat_seeds":1,"butchercraft:skinning_knife":1,"minecraft:cooked_beef":128,"butchercraft:gloves":1,"minecraft:glass_bottle":6,"butchercraft:apron":1,"butchercraft:gut_knife":1,"travelersbackpack:standard":4,"butchercraft:lamb_scraps":1,"tombstone:grave_key":1,"butchercraft:paper_hat":1,"minecraft:potion":325,"minecraft:wooden_sword":1,"butchercraft:boots":1,"minecraft:iron_pickaxe":1,"butchercraft:bone_saw":1,"minecraft:armor_stand":1,"alexsmobs:animal_dictionary":2,"minecraft:rotten_flesh":2,"minecraft:honey_bottle":208,"butchercraft:butcher_knife":1,"minecraft:spruce_fence":1,"butchercraft:mask":1,"minecraft:leather_leggings":1,"minecraft:lectern":1},"minecraft:used":{"minecraft:spruce_planks":93,"minecraft:shield":2,"minecraft:iron_sword":24,"minecraft:torch":97,"minecraft:anvil":1,"minecraft:tuff":5,"minecraft:snowball":60,"cataclysm:infernal_forge":3,"minecraft:iron_axe":92,"minecraft:snow":51,"tombstone:gift":2,"minecraft:cooked_beef":20,"minecraft:cobbled_deepslate":56,"minecraft:powder_snow_bucket":2,"minecraft:leather_leggings":1,"minecraft:snow_block":10,"minecraft:stone_pickaxe":128,"minecraft:wooden_pickaxe":8,"minecraft:blue_bed":1,"alexsmobs:spawn_egg_mimic_octopus":1,"minecraft:crafting_table":2,"minecraft:bread":3,"minecraft:iron_pickaxe":404,"minecraft:deepslate":5,"minecraft:stone_axe":12,"minecraft:wooden_sword":2,"minecraft:potion":32,"minecraft:cobblestone":8,"travelersbackpack:standard":4,"minecraft:smithing_table":1,"alexsmobs:animal_dictionary":2},"minecraft:crafted":{"minecraft:oak_planks":112,"minecraft:stone_pickaxe":2,"minecraft:stone_hoe":1,"minecraft:crafting_table":2,"minecraft:spruce_planks":212,"minecraft:wooden_pickaxe":1,"minecraft:stone_axe":1,"minecraft:air":0,"minecraft:stick":144,"minecraft:wooden_axe":1,"minecraft:torch":152},"minecraft:killed":{"alexsmobs:mimic_octopus":1,"minecraft:vindicator":6,"aquamirae:maw":1,"minecraft:pillager":1,"minecraft:zombie":1},"minecraft:broken":{"minecraft:iron_pickaxe":1},"minecraft:mined":{"minecraft:dark_oak_planks":2,"minecraft:tuff":69,"minecraft:spruce_planks":13,"minecraft:deepslate_diamond_ore":2,"minecraft:granite":4,"minecraft:spruce_fence":1,"minecraft:spruce_leaves":1,"minecraft:large_fern":1,"minecraft:iron_ore":1,"minecraft:fire":1,"minecraft:cobbled_deepslate":1,"minecraft:andesite":14,"minecraft:stripped_spruce_log":1,"minecraft:deepslate_lapis_ore":8,"create:asurine":7,"minecraft:bookshelf":13,"minecraft:deepslate_iron_ore":8,"minecraft:stone":127,"minecraft:spruce_slab":1,"minecraft:crafting_table":1,"minecraft:lectern":1,"minecraft:deepslate_gold_ore":30,"minecraft:diorite":1,"minecraft:blue_bed":2,"minecraft:wall_torch":6,"minecraft:dark_oak_slab":5,"minecraft:sweet_berry_bush":1,"minecraft:spruce_log":10,"minecraft:grass":4,"minecraft:coal_ore":55,"minecraft:oak_log":31,"minecraft:gravel":1,"minecraft:sand":2,"minecraft:dirt":6,"minecraft:oak_leaves":3,"minecraft:deepslate":206}},"DataVersion":3120}