{"stats":{"minecraft:used":{"minecraft:moss_block":33,"minecraft:moss_carpet":2,"minecraft:polished_deepslate":38,"deep_dark_regrowth:cobbled_grimstone":46,"minecraft:spruce_slab":4,"minecraft:shield":37,"minecraft:chest":75,"minecraft:iron_sword":99,"minecraft:deepslate_brick_slab":29,"minecraft:tuff":20,"minecraft:snowball":205,"minecraft:stripped_spruce_log":45,"minecraft:obsidian":14,"minecraft:glass":2,"cataclysm:infernal_forge":4,"minecraft:lava_bucket":1,"minecraft:lantern":6,"minecraft:dark_oak_slab":167,"minecraft:item_frame":36,"minecraft:deepslate_diamond_ore":1,"minecraft:birch_trapdoor":3,"minecraft:snow":51,"minecraft:deepslate_brick_wall":22,"minecraft:dark_oak_stairs":9,"minecraft:diorite":5,"minecraft:leather_leggings":1,"minecraft:damaged_anvil":1,"minecraft:diamond_boots":1,"minecraft:oak_planks":114,"minecraft:stone_pickaxe":128,"minecraft:wooden_pickaxe":8,"minecraft:sandstone":27,"minecraft:blue_bed":1,"minecraft:clay":22,"minecraft:golden_apple":47,"minecraft:dark_oak_trapdoor":15,"alexsmobs:spawn_egg_mimic_octopus":1,"minecraft:blast_furnace":9,"minecraft:dripstone_block":56,"minecraft:deepslate_brick_stairs":18,"waystones:waystone":4,"deep_dark_regrowth:ghost_jelly":3,"minecraft:crying_obsidian":1,"minecraft:mangrove_door":1,"minecraft:stone_button":7,"minecraft:bread":3,"minecraft:spore_blossom":2,"tombstone:grave_key":2,"minecraft:deepslate":71,"minecraft:diamond_sword":128,"minecraft:nether_wart_block":7,"minecraft:wooden_sword":2,"minecraft:grindstone":1,"minecraft:crimson_door":1,"minecraft:smithing_table":2,"minecraft:andesite":5,"minecraft:air":1,"minecraft:azalea":1,"minecraft:experience_bottle":2816,"minecraft:enchanting_table":1,"minecraft:spruce_planks":157,"minecraft:netherrack":280,"minecraft:torch":1208,"minecraft:anvil":7,"minecraft:spruce_stairs":45,"minecraft:diamond_helmet":1,"minecraft:granite":6,"minecraft:birch_door":1,"butchercraft:blood_fluid_bucket":1,"minecraft:dark_oak_planks":298,"minecraft:flowering_azalea":1,"minecraft:bookshelf":23,"minecraft:iron_axe":108,"minecraft:smooth_sandstone":24,"minecraft:barrel":13,"tombstone:gift":11,"minecraft:cooked_beef":137,"minecraft:cobbled_deepslate":1323,"minecraft:powder_snow_bucket":2,"minecraft:water_bucket":3338,"minecraft:snow_block":10,"minecraft:cobblestone_stairs":50,"minecraft:sandstone_stairs":10,"minecraft:glass_bottle":37,"minecraft:cartography_table":1,"minecraft:cut_sandstone":26,"minecraft:crafting_table":3,"minecraft:magenta_bed":2,"minecraft:campfire":4,"minecraft:dark_oak_door":4,"minecraft:smoker":9,"mowziesmobs:wrought_axe":566,"minecraft:diamond_pickaxe":1846,"minecraft:command_block":7,"minecraft:iron_pickaxe":574,"minecraft:spruce_trapdoor":17,"minecraft:stone_axe":12,"minecraft:cobblestone":590,"minecraft:potion":293,"travelersbackpack:standard":6,"minecraft:bucket":28,"alexsmobs:animal_dictionary":2,"minecraft:splash_potion":2},"minecraft:dropped":{"minecraft:nether_brick_stairs":1,"minecraft:iron_sword":1,"minecraft:moss_block":2,"minecraft:cooked_beef":128,"minecraft:ender_pearl":5,"minecraft:glass_bottle":116,"minecraft:diamond":4,"minecraft:spore_blossom":2,"cataclysm:the_incinerator":1,"minecraft:lantern":1,"butchercraft:meat_hook_item":65,"travelersbackpack:standard":4,"minecraft:leather_helmet":1,"minecraft:cod":14,"minecraft:flint":1,"minecraft:deepslate_tile_stairs":1,"minecraft:dirt":1,"minecraft:polished_blackstone_brick_stairs":1,"deep_dark_regrowth:smooth_deepslate":1,"create:copper_backtank":1,"minecraft:wooden_sword":1,"minecraft:sand":2,"create:goggles":1,"minecraft:iron_pickaxe":1,"butchercraft:bone_saw":1,"minecraft:bone":5,"minecraft:armor_stand":2,"minecraft:gravel":5,"minecraft:sugar_cane":10,"minecraft:ancient_debris":1,"minecraft:cobbled_deepslate":8,"alexsmobs:animal_dictionary":2,"minecraft:pointed_dripstone":5,"minecraft:rotten_flesh":2,"create:asurine":7,"minecraft:honey_bottle":304,"butchercraft:butcher_knife":1,"deep_dark_regrowth:rough_deepslate":1,"minecraft:leather_leggings":1,"minecraft:arrow":8,"cataclysm:infernal_forge":1,"minecraft:lectern":2,"alexsmobs:mosquito_proboscis":1,"minecraft:enchanted_book":36,"minecraft:stone_hoe":1,"minecraft:water_bucket":1,"minecraft:wheat_seeds":3,"butchercraft:skinning_knife":1,"butchercraft:gloves":1,"minecraft:deepslate_brick_wall":1,"minecraft:diamond_leggings":2,"butchercraft:apron":1,"minecraft:oak_fence":1,"minecraft:granite":4,"butchercraft:gut_knife":1,"cataclysm:burning_ashes":1,"minecraft:coal":32,"minecraft:golden_apple":111,"mowziesmobs:wrought_axe":3,"minecraft:stick":8,"butchercraft:lamb_scraps":1,"minecraft:deepslate_brick_stairs":4,"artifacts:snorkel":3,"minecraft:diorite":1,"minecraft:torch":298,"tombstone:grave_key":1,"butchercraft:paper_hat":1,"minecraft:diamond_helmet":2,"tombstone:grave_dust":1,"minecraft:potion":452,"minecraft:dried_kelp":320,"butchercraft:boots":1,"minecraft:string":5,"minecraft:smooth_basalt":1,"minecraft:moss_carpet":4,"cataclysm:ignitium_ingot":1,"minecraft:tuff":5,"minecraft:clay_ball":96,"minecraft:spruce_fence":1,"minecraft:polished_deepslate_stairs":2,"minecraft:diamond_sword":2,"minecraft:big_dripleaf":4,"butchercraft:mask":1,"minecraft:shield":1,"minecraft:diamond_chestplate":2,"minecraft:spruce_trapdoor":1,"minecraft:spruce_planks":1,"minecraft:diamond_pickaxe":3,"minecraft:andesite":69,"minecraft:oak_sapling":15,"minecraft:spider_eye":3,"minecraft:diamond_boots":2,"minecraft:slime_ball":3,"minecraft:bow":1,"minecraft:wooden_pickaxe":1,"minecraft:raw_gold":64},"minecraft:killed":{"minecraft:cave_spider":6,"minecraft:zombified_piglin":1,"minecraft:witch":2,"minecraft:spider":3,"deep_dark_regrowth:ghost_jellyfish":2,"minecraft:skeleton":23,"artifacts:mimic":2,"minecraft:piglin":4,"minecraft:zombie_villager":2,"minecraft:creeper":6,"alexsmobs:crimson_mosquito":45,"minecraft:pillager":28,"alexsmobs:flutter":4,"minecraft:zombie":31,"stalwart_dungeons:incomplete_wither":6,"cataclysm:deepling":2,"mowziesmobs:umvuthana_raptor":1,"minecraft:cow":3,"minecraft:blaze":3,"alexsmobs:mimic_octopus":1,"alexsmobs:tarantula_hawk":1,"minecraft:vindicator":20,"minecraft:slime":3,"mowziesmobs:ferrous_wroughtnaut":1,"minecraft:husk":2,"alexsmobs:guster":3,"aquamirae:maw":1,"stalwart_dungeons:reinforced_blaze":12,"mowziesmobs:umvuthana_follower_raptor":5,"minecraft:ravager":1,"minecraft:hoglin":2,"alexsmobs:cockroach":1,"cataclysm:ignis":3,"minecraft:enderman":1},"minecraft:custom":{"minecraft:interact_with_crafting_table":26,"minecraft:open_barrel":130,"minecraft:leave_game":18,"minecraft:time_since_death":12589,"minecraft:sprint_one_cm":1769945,"minecraft:damage_blocked_by_shield":2350,"minecraft:drop":244,"minecraft:talked_to_villager":6,"minecraft:play_time":608452,"minecraft:deaths":11,"minecraft:jump":10783,"minecraft:walk_on_water_one_cm":95891,"minecraft:enchant_item":63,"minecraft:interact_with_furnace":1,"minecraft:interact_with_cartography_table":3,"minecraft:sleep_in_bed":3,"minecraft:waystone_activated":6,"tombstone:sneak_grave":1,"minecraft:damage_dealt":84981,"minecraft:player_kills":1,"minecraft:crouch_one_cm":34165,"tombstone:undead_killed":64,"minecraft:interact_with_smithing_table":7,"minecraft:interact_with_anvil":27,"minecraft:mob_kills":249,"minecraft:damage_dealt_resisted":21,"minecraft:climb_one_cm":6997,"minecraft:walk_one_cm":671056,"minecraft:raid_win":1,"minecraft:sneak_time":17060,"minecraft:walk_under_water_one_cm":407855,"minecraft:interact_with_blast_furnace":2,"minecraft:total_world_time":608452,"spartanshields:shield_bash_hits":2,"tombstone:raider_killed":56,"minecraft:raid_trigger":1,"minecraft:interact_with_grindstone":10,"minecraft:time_since_rest":12008,"minecraft:damage_taken":15078,"minecraft:damage_absorbed":1461,"minecraft:trigger_trapped_chest":2,"minecraft:swim_one_cm":494494,"minecraft:fly_one_cm":3603432,"minecraft:open_chest":631,"minecraft:fall_one_cm":260429},"minecraft:broken":{"minecraft:iron_pickaxe":2},"minecraft:mined":{"minecraft:spruce_planks":14,"deep_dark_regrowth:smooth_deepslate":1,"paraglider:rito_goddess_statue":2,"minecraft:brewing_stand":2,"minecraft:obsidian":19,"minecraft:cave_vines_plant":2,"minecraft:granite":10,"deep_dark_regrowth:grimstone_gold_ore":14,"minecraft:deepslate_tile_stairs":2,"minecraft:spawner":4,"minecraft:weeping_vines_plant":1,"minecraft:iron_ore":172,"minecraft:cobbled_deepslate":10,"minecraft:fire":14,"minecraft:deepslate_lapis_ore":45,"create:asurine":7,"minecraft:pointed_dripstone":2,"minecraft:cave_vines":3,"minecraft:deepslate_brick_stairs":4,"minecraft:azalea":1,"minecraft:spruce_slab":2,"minecraft:deepslate_redstone_ore":58,"minecraft:polished_deepslate_stairs":2,"minecraft:deepslate_brick_wall":1,"deep_dark_regrowth:grimstone_redstone_ore":2,"minecraft:soul_fire":10,"minecraft:clay":2,"minecraft:torch":5,"minecraft:dead_bush":1,"minecraft:nether_quartz_ore":4,"minecraft:cobblestone":59,"minecraft:damaged_anvil":1,"minecraft:oak_planks":10,"minecraft:wall_torch":13,"deep_dark_regrowth:stone_tiles":3,"minecraft:dark_oak_slab":5,"minecraft:nether_wart_block":1,"paraglider:horned_statue":1,"minecraft:magenta_bed":1,"deep_dark_regrowth:grimstone":29,"minecraft:grass":14,"minecraft:oak_log":31,"deep_dark_regrowth:grimstone_9":20,"minecraft:dirt":6,"minecraft:sand":5,"minecraft:smooth_basalt":1,"minecraft:netherrack":197,"minecraft:ancient_debris":2,"minecraft:deepslate":369,"minecraft:oak_leaves":3,"minecraft:nether_gold_ore":1,"deep_dark_regrowth:grimstone_6":12,"minecraft:diamond_ore":7,"minecraft:tuff":78,"deep_dark_regrowth:grimstone_7":12,"deep_dark_regrowth:grimstone_5":9,"deep_dark_regrowth:grimstone_4":62,"stalwart_dungeons:soul_bricks":7,"minecraft:deepslate_diamond_ore":14,"deep_dark_regrowth:grimstone_8":66,"minecraft:nether_bricks":13,"minecraft:glow_lichen":1,"minecraft:spruce_fence":1,"deep_dark_regrowth:grimstone_lapislazuli_ore":24,"deep_dark_regrowth:grimstone_2":26,"minecraft:spruce_leaves":1,"minecraft:moss_block":6,"minecraft:large_fern":1,"minecraft:redstone_ore":31,"minecraft:oak_trapdoor":2,"minecraft:andesite":78,"minecraft:stripped_spruce_log":1,"minecraft:gold_block":2,"minecraft:bookshelf":18,"minecraft:shroomlight":1,"minecraft:deepslate_iron_ore":130,"minecraft:vine":1,"deep_dark_regrowth:cobbled_grimstone":3,"minecraft:lantern":1,"deep_dark_regrowth:grimstone_3":41,"minecraft:stone":192,"deep_dark_regrowth:rough_deepslate":2,"minecraft:flowering_azalea":3,"minecraft:smooth_sandstone":2,"minecraft:crafting_table":1,"deep_dark_regrowth:ghost_flowers":2,"minecraft:blackstone_slab":1,"minecraft:lectern":1,"minecraft:tall_grass":8,"minecraft:deepslate_coal_ore":10,"minecraft:lapis_ore":23,"minecraft:deepslate_gold_ore":141,"minecraft:diorite":10,"minecraft:blue_bed":2,"minecraft:polished_blackstone_stairs":4,"minecraft:sweet_berry_bush":1,"minecraft:spruce_log":11,"deep_dark_regrowth:moonstone_crystal_block":54,"minecraft:coal_ore":336,"minecraft:gravel":8,"minecraft:dripstone_block":10,"deep_dark_regrowth:grimstone_iron_ore":29,"minecraft:gold_ore":29,"minecraft:dark_oak_planks":6,"paraglider:goddess_statue":6,"deep_dark_regrowth:phantasmal_sprouts":4},"minecraft:killed_by":{"mowziesmobs:naga":1,"minecraft:vindicator":1,"minecraft:zombie":1,"minecraft:spider":1,"cataclysm:ignis":4},"minecraft:picked_up":{"cataclysm:monstrous_horn":1,"minecraft:flower_pot":1,"minecraft:suspicious_stew":1,"minecraft:diamond_sword":1,"minecraft:potion":155,"minecraft:enchanted_book":1,"minecraft:brewing_stand":2,"create:copper_diving_boots":1,"minecraft:golden_sword":1,"minecraft:polished_blackstone_brick_stairs":1,"paraglider:goddess_statue":6,"minecraft:string":10,"aquamirae:pirate_pouch":2,"minecraft:raw_copper":2,"minecraft:iron_leggings":1,"minecraft:armor_stand":2,"minecraft:shroomlight":2,"alexsmobs:blood_sac":28,"minecraft:gold_nugget":12,"minecraft:cobbled_deepslate":378,"minecraft:spruce_planks":15,"minecraft:written_book":1,"minecraft:azalea":2,"minecraft:dark_oak_door":1,"minecraft:polished_blackstone_brick_slab":6,"minecraft:stick":30,"minecraft:polished_blackstone_stairs":1,"minecraft:deepslate_brick_wall":1,"minecraft:big_dripleaf":13,"minecraft:polished_deepslate_stairs":2,"minecraft:oak_fence":1,"minecraft:torch":53,"minecraft:porkchop":5,"cataclysm:burning_ashes":1,"minecraft:pointed_dripstone":71,"tombstone:grave_dust":8,"minecraft:diorite":6,"minecraft:deepslate_tile_stairs":1,"deep_dark_regrowth:smooth_deepslate":1,"minecraft:golden_chestplate":1,"deep_dark_regrowth:moonstone_crystal_block":46,"minecraft:honey_bottle":96,"minecraft:rotten_flesh":63,"create:asurine":7,"minecraft:blaze_rod":24,"minecraft:deepslate_brick_stairs":4,"minecraft:obsidian":18,"minecraft:snowball":205,"minecraft:cobblestone":246,"minecraft:leather_chestplate":1,"minecraft:feather":2,"minecraft:water_bucket":1,"minecraft:andesite":74,"paraglider:spirit_orb":8,"minecraft:flint":1,"minecraft:tuff":78,"minecraft:magenta_bed":1,"minecraft:wither_skeleton_skull":1,"minecraft:map":1,"minecraft:lapis_lazuli":1095,"minecraft:dirt":6,"minecraft:lantern":1,"aquamirae:fin":2,"stalwart_dungeons:blaze_armor_scrap":8,"minecraft:bone":28,"minecraft:bow":2,"minecraft:wheat_seeds":9,"aquamirae:wisteria_niveis":1,"minecraft:raw_gold":253,"deep_dark_regrowth:ghost_flowers":2,"minecraft:fletching_table":1,"minecraft:bamboo":1,"minecraft:moss_block":6,"minecraft:stone_hoe":1,"minecraft:oak_planks":11,"minecraft:sand":4,"minecraft:stripped_spruce_log":1,"minecraft:nether_brick_stairs":1,"minecraft:ink_sac":1,"deep_dark_regrowth:cobbled_grimstone":246,"minecraft:trapped_chest":1,"minecraft:barrel":2,"alexsmobs:animal_dictionary":1,"minecraft:bundle":1,"alexsmobs:guster_eye":2,"minecraft:diamond":21,"waystones:waystone":1,"minecraft:crossbow":3,"minecraft:granite":10,"alexsmobs:tarantula_hawk_wing_fragment":1,"minecraft:golden_apple":45,"minecraft:emerald":21,"minecraft:chainmail_helmet":2,"minecraft:oak_sapling":15,"minecraft:netherrack":188,"minecraft:crimson_roots":21,"minecraft:diamond_pickaxe":2,"deep_dark_regrowth:between_gems":1,"minecraft:crafting_table":1,"minecraft:clay_ball":107,"minecraft:leather_leggings":1,"minecraft:gold_block":3,"stalwart_dungeons:soul_bricks":7,"minecraft:shield":3,"minecraft:oak_trapdoor":2,"minecraft:moss_carpet":19,"minecraft:iron_axe":2,"artifacts:power_glove":1,"minecraft:wooden_sword":1,"minecraft:item_frame":1,"deep_dark_regrowth:rough_deepslate":1,"minecraft:iron_shovel":1,"minecraft:polished_blackstone_wall":1,"paraglider:rito_goddess_statue":2,"minecraft:spruce_slab":2,"minecraft:lectern":2,"minecraft:sugar_cane":2,"minecraft:raw_iron":522,"minecraft:spruce_fence":1,"minecraft:stone_button":2,"create:copper_backtank":2,"minecraft:redstone":455,"minecraft:dark_oak_planks":6,"minecraft:tnt":1,"artifacts:snorkel":2,"cataclysm:dying_ember":1,"minecraft:arrow":21,"minecraft:weeping_vines":1,"minecraft:nether_bricks":9,"minecraft:totem_of_undying":1,"minecraft:saddle":1,"tombstone:essence_of_undeath":1,"deep_dark_regrowth:moonstone_crystal":1,"butchercraft:beef_scraps":7,"paraglider:horned_statue":1,"deep_dark_regrowth:ghost_jelly":3,"minecraft:clock":1,"minecraft:glow_ink_sac":3,"cataclysm:ignitium_ingot":13,"minecraft:leather":1,"minecraft:blackstone_slab":1,"minecraft:crimson_fungus":3,"waystones:sandy_waystone":2,"minecraft:oak_log":57,"minecraft:chainmail_chestplate":2,"minecraft:ancient_debris":3,"minecraft:gunpowder":2,"minecraft:nether_wart_block":8,"deep_dark_regrowth:stone_tiles":2,"mowziesmobs:wrought_axe":4,"alexsmobs:mosquito_proboscis":5,"minecraft:blue_bed":2,"minecraft:paper":14,"minecraft:white_banner":3,"tombstone:gift":1,"minecraft:smooth_sandstone":2,"cataclysm:infernal_forge":3,"alexsmobs:cockroach_wing_fragment":2,"minecraft:spore_blossom":4,"minecraft:glass_bottle":266,"minecraft:flowering_azalea":3,"minecraft:iron_sword":4,"minecraft:book":54,"minecraft:smooth_basalt":1,"minecraft:dark_oak_slab":4,"minecraft:quartz":10,"minecraft:dripstone_block":8,"minecraft:gravel":5,"mowziesmobs:wrought_helmet":1,"minecraft:spruce_sapling":11,"minecraft:spruce_log":54,"minecraft:crying_obsidian":1,"minecraft:spider_eye":10,"minecraft:leather_helmet":1,"create:copper_diving_helmet":1,"butchercraft:leather_scrap":3,"travelersbackpack:standard":1,"minecraft:slime_ball":3,"butchercraft:lamb_scraps":1,"cataclysm:the_incinerator":1,"tombstone:magic_scroll":3,"minecraft:damaged_anvil":1,"minecraft:coal":702,"minecraft:ender_pearl":1},"minecraft:crafted":{"minecraft:oak_planks":228,"minecraft:bookshelf":17,"minecraft:diamond_helmet":1,"minecraft:diamond_leggings":1,"tombstone:grave_key":2,"minecraft:stone_hoe":1,"minecraft:crafting_table":2,"minecraft:spruce_planks":212,"minecraft:wooden_pickaxe":1,"minecraft:diamond_pickaxe":1,"minecraft:shield":1,"minecraft:stick":172,"minecraft:stone_pickaxe":2,"minecraft:diamond_boots":2,"minecraft:diamond_sword":1,"minecraft:enchanting_table":1,"minecraft:bucket":1,"minecraft:stone_axe":1,"minecraft:air":0,"minecraft:wooden_axe":1,"minecraft:torch":460,"minecraft:diamond_chestplate":2}},"DataVersion":3120}