{"stats":{"minecraft:picked_up":{"minecraft:crafting_table":1,"minecraft:clay_ball":15,"minecraft:leather_leggings":1,"minecraft:potion":153,"minecraft:brewing_stand":1,"create:copper_diving_boots":1,"minecraft:moss_carpet":14,"minecraft:raw_copper":2,"minecraft:wooden_sword":1,"minecraft:armor_stand":2,"minecraft:gold_nugget":2,"minecraft:cobbled_deepslate":332,"minecraft:spruce_planks":14,"minecraft:written_book":1,"minecraft:azalea":1,"minecraft:spruce_slab":1,"minecraft:lectern":2,"minecraft:dark_oak_door":1,"minecraft:stick":22,"minecraft:raw_iron":68,"minecraft:big_dripleaf":9,"minecraft:torch":33,"minecraft:spruce_fence":1,"create:copper_backtank":2,"minecraft:pointed_dripstone":68,"minecraft:diorite":1,"minecraft:redstone":95,"minecraft:dark_oak_planks":2,"artifacts:snorkel":1,"minecraft:arrow":4,"minecraft:honey_bottle":96,"minecraft:rotten_flesh":8,"create:asurine":7,"minecraft:obsidian":4,"minecraft:snowball":205,"minecraft:cobblestone":180,"minecraft:andesite":68,"minecraft:tuff":72,"minecraft:oak_log":57,"minecraft:chainmail_chestplate":1,"minecraft:magenta_bed":1,"minecraft:lapis_lazuli":168,"minecraft:blue_bed":2,"minecraft:dirt":6,"minecraft:lantern":1,"aquamirae:fin":2,"minecraft:bone":5,"minecraft:bow":1,"minecraft:wheat_seeds":6,"minecraft:raw_gold":73,"minecraft:spore_blossom":1,"minecraft:moss_block":4,"minecraft:oak_planks":2,"minecraft:glass_bottle":61,"minecraft:flowering_azalea":1,"minecraft:stone_hoe":1,"minecraft:book":54,"minecraft:dark_oak_slab":4,"minecraft:dripstone_block":5,"minecraft:sand":2,"minecraft:stripped_spruce_log":1,"minecraft:spruce_sapling":11,"minecraft:ink_sac":1,"minecraft:spruce_log":53,"minecraft:spider_eye":1,"alexsmobs:animal_dictionary":1,"create:copper_diving_helmet":1,"travelersbackpack:standard":1,"minecraft:slime_ball":3,"minecraft:diamond":10,"butchercraft:lamb_scraps":1,"minecraft:granite":4,"minecraft:emerald":4,"minecraft:chainmail_helmet":1,"minecraft:oak_sapling":15,"minecraft:coal":109},"minecraft:killed_by":{"mowziesmobs:naga":1,"minecraft:spider":1,"minecraft:zombie":1},"minecraft:custom":{"minecraft:interact_with_smithing_table":5,"minecraft:mob_kills":41,"minecraft:interact_with_anvil":3,"minecraft:interact_with_crafting_table":19,"minecraft:open_barrel":32,"minecraft:leave_game":10,"minecraft:time_since_death":134946,"minecraft:climb_one_cm":1801,"minecraft:sprint_one_cm":651958,"minecraft:walk_one_cm":287324,"minecraft:damage_blocked_by_shield":510,"minecraft:drop":79,"minecraft:play_time":255499,"minecraft:deaths":5,"minecraft:sneak_time":7083,"minecraft:walk_under_water_one_cm":164019,"minecraft:jump":4138,"minecraft:interact_with_blast_furnace":1,"minecraft:walk_on_water_one_cm":50329,"minecraft:enchant_item":1,"minecraft:total_world_time":255499,"minecraft:interact_with_furnace":1,"tombstone:raider_killed":7,"minecraft:interact_with_cartography_table":2,"minecraft:interact_with_grindstone":1,"minecraft:sleep_in_bed":2,"minecraft:time_since_rest":134036,"minecraft:damage_taken":3025,"minecraft:damage_dealt":7629,"minecraft:swim_one_cm":53788,"minecraft:fly_one_cm":1494916,"minecraft:open_chest":44,"minecraft:crouch_one_cm":11634,"tombstone:undead_killed":17,"minecraft:fall_one_cm":86326},"minecraft:dropped":{"minecraft:stone_hoe":1,"minecraft:iron_sword":1,"minecraft:wheat_seeds":1,"butchercraft:skinning_knife":1,"minecraft:cooked_beef":128,"butchercraft:gloves":1,"minecraft:glass_bottle":6,"butchercraft:apron":1,"minecraft:lantern":1,"butchercraft:gut_knife":1,"butchercraft:meat_hook_item":65,"travelersbackpack:standard":4,"minecraft:coal":32,"butchercraft:lamb_scraps":1,"artifacts:snorkel":1,"minecraft:torch":297,"tombstone:grave_key":1,"butchercraft:paper_hat":1,"create:copper_backtank":1,"minecraft:potion":325,"minecraft:wooden_sword":1,"butchercraft:boots":1,"minecraft:iron_pickaxe":1,"butchercraft:bone_saw":1,"minecraft:bone":3,"minecraft:armor_stand":1,"alexsmobs:animal_dictionary":2,"minecraft:tuff":1,"minecraft:pointed_dripstone":2,"minecraft:rotten_flesh":2,"minecraft:honey_bottle":208,"butchercraft:butcher_knife":1,"minecraft:spruce_fence":1,"butchercraft:mask":1,"minecraft:andesite":54,"minecraft:leather_leggings":1,"minecraft:arrow":1,"minecraft:bow":1,"minecraft:lectern":1},"minecraft:used":{"minecraft:moss_block":27,"minecraft:enchanting_table":1,"minecraft:spruce_slab":4,"minecraft:chest":73,"minecraft:spruce_planks":157,"minecraft:shield":11,"minecraft:iron_sword":99,"minecraft:torch":814,"minecraft:anvil":7,"minecraft:spruce_stairs":45,"minecraft:tuff":20,"minecraft:snowball":60,"minecraft:stripped_spruce_log":45,"minecraft:birch_door":1,"minecraft:glass":2,"minecraft:dark_oak_planks":298,"cataclysm:infernal_forge":3,"minecraft:bookshelf":17,"minecraft:lantern":6,"minecraft:iron_axe":99,"minecraft:smooth_sandstone":24,"minecraft:dark_oak_slab":167,"minecraft:barrel":13,"minecraft:deepslate_diamond_ore":1,"minecraft:birch_trapdoor":3,"minecraft:snow":51,"tombstone:gift":2,"minecraft:cooked_beef":35,"minecraft:cobbled_deepslate":1189,"minecraft:powder_snow_bucket":2,"minecraft:dark_oak_stairs":9,"minecraft:water_bucket":3322,"minecraft:leather_leggings":1,"minecraft:cobblestone_stairs":50,"minecraft:sandstone_stairs":10,"minecraft:snow_block":10,"minecraft:stone_pickaxe":128,"minecraft:oak_planks":72,"minecraft:cartography_table":1,"minecraft:wooden_pickaxe":8,"minecraft:sandstone":27,"minecraft:cut_sandstone":26,"minecraft:clay":22,"minecraft:blue_bed":1,"minecraft:dark_oak_trapdoor":15,"alexsmobs:spawn_egg_mimic_octopus":1,"minecraft:crafting_table":3,"minecraft:blast_furnace":9,"minecraft:campfire":4,"minecraft:dripstone_block":48,"minecraft:smoker":9,"minecraft:dark_oak_door":4,"minecraft:diamond_pickaxe":285,"minecraft:mangrove_door":1,"minecraft:bread":3,"minecraft:iron_pickaxe":574,"minecraft:spore_blossom":1,"minecraft:spruce_trapdoor":17,"minecraft:deepslate":70,"minecraft:stone_axe":12,"minecraft:diamond_sword":21,"minecraft:wooden_sword":2,"minecraft:potion":60,"minecraft:cobblestone":101,"travelersbackpack:standard":4,"minecraft:grindstone":1,"minecraft:smithing_table":2,"minecraft:crimson_door":1,"minecraft:bucket":15,"alexsmobs:animal_dictionary":2},"minecraft:crafted":{"minecraft:oak_planks":228,"minecraft:bookshelf":17,"minecraft:stone_pickaxe":2,"minecraft:stone_hoe":1,"minecraft:diamond_sword":1,"minecraft:crafting_table":2,"minecraft:enchanting_table":1,"minecraft:spruce_planks":212,"minecraft:wooden_pickaxe":1,"minecraft:bucket":1,"minecraft:stone_axe":1,"minecraft:air":0,"minecraft:diamond_pickaxe":1,"minecraft:stick":144,"minecraft:wooden_axe":1,"minecraft:torch":268},"minecraft:killed":{"alexsmobs:mimic_octopus":1,"minecraft:vindicator":6,"minecraft:slime":3,"minecraft:skeleton":10,"artifacts:mimic":1,"aquamirae:maw":1,"minecraft:creeper":4,"minecraft:pillager":1,"alexsmobs:flutter":2,"minecraft:zombie":8},"minecraft:broken":{"minecraft:iron_pickaxe":2},"minecraft:mined":{"minecraft:dark_oak_planks":2,"minecraft:diamond_ore":2,"minecraft:tuff":71,"minecraft:spruce_planks":13,"minecraft:deepslate_diamond_ore":8,"minecraft:brewing_stand":1,"minecraft:obsidian":5,"minecraft:glow_lichen":1,"minecraft:granite":4,"minecraft:spruce_fence":1,"minecraft:spruce_leaves":1,"minecraft:moss_block":4,"minecraft:large_fern":1,"minecraft:redstone_ore":13,"minecraft:iron_ore":29,"minecraft:fire":1,"minecraft:cobbled_deepslate":2,"minecraft:andesite":70,"minecraft:stripped_spruce_log":1,"minecraft:deepslate_lapis_ore":25,"create:asurine":7,"minecraft:bookshelf":18,"minecraft:cave_vines":1,"minecraft:deepslate_iron_ore":40,"minecraft:lantern":1,"minecraft:stone":140,"minecraft:spruce_slab":1,"minecraft:deepslate_redstone_ore":9,"minecraft:flowering_azalea":1,"minecraft:clay":1,"minecraft:crafting_table":1,"minecraft:torch":1,"minecraft:lectern":1,"minecraft:cobblestone":41,"minecraft:tall_grass":6,"minecraft:deepslate_coal_ore":10,"minecraft:lapis_ore":3,"minecraft:deepslate_gold_ore":66,"minecraft:oak_planks":2,"minecraft:diorite":1,"minecraft:blue_bed":2,"minecraft:wall_torch":8,"minecraft:dark_oak_slab":5,"minecraft:sweet_berry_bush":1,"minecraft:magenta_bed":1,"minecraft:spruce_log":10,"minecraft:grass":7,"minecraft:coal_ore":84,"minecraft:oak_log":31,"minecraft:dripstone_block":7,"minecraft:gravel":2,"minecraft:sand":2,"minecraft:dirt":6,"minecraft:gold_ore":8,"minecraft:oak_leaves":3,"minecraft:deepslate":329}},"DataVersion":3120}