{"stats":{"minecraft:custom":{"minecraft:interact_with_smithing_table":1,"minecraft:interact_with_furnace":2,"minecraft:mob_kills":5,"minecraft:interact_with_crafting_table":9,"minecraft:leave_game":1,"minecraft:time_since_death":31977,"minecraft:sleep_in_bed":1,"minecraft:time_since_rest":6334,"minecraft:sprint_one_cm":69707,"minecraft:damage_taken":280,"minecraft:walk_one_cm":56261,"minecraft:damage_blocked_by_shield":60,"minecraft:drop":24,"minecraft:damage_dealt":1010,"minecraft:fly_one_cm":125879,"minecraft:crouch_one_cm":2781,"minecraft:play_time":31977,"minecraft:sneak_time":1210,"minecraft:walk_under_water_one_cm":209,"minecraft:jump":735,"minecraft:walk_on_water_one_cm":922,"minecraft:total_world_time":31977,"minecraft:fall_one_cm":17151},"minecraft:used":{"minecraft:stone_sword":2,"minecraft:stone_pickaxe":51,"minecraft:spruce_planks":1,"minecraft:wooden_pickaxe":10,"minecraft:shield":2,"minecraft:torch":34,"minecraft:dirt":2,"minecraft:crafting_table":5,"minecraft:wooden_axe":3,"minecraft:iron_axe":14,"minecraft:bread":9,"minecraft:iron_pickaxe":37,"minecraft:spruce_sapling":1,"minecraft:wooden_sword":5,"minecraft:potion":10,"travelersbackpack:standard":6,"minecraft:furnace":1,"minecraft:smithing_table":1,"minecraft:coarse_dirt":2},"minecraft:mined":{"create:zinc_ore":4,"minecraft:crafting_table":2,"minecraft:spruce_leaves":3,"minecraft:large_fern":1,"minecraft:coarse_dirt":2,"minecraft:furnace":1,"minecraft:iron_ore":24,"minecraft:spruce_log":7,"minecraft:grass":1,"minecraft:coal_ore":35,"minecraft:deepslate_iron_ore":9,"minecraft:vine":1,"minecraft:dirt":2,"minecraft:stone":22,"minecraft:deepslate":2,"minecraft:fern":1},"minecraft:broken":{"minecraft:wooden_axe":6},"minecraft:crafted":{"minecraft:crafting_table":4,"minecraft:spruce_planks":240,"minecraft:wooden_pickaxe":1,"minecraft:furnace":1,"minecraft:stone_axe":1,"minecraft:air":0,"minecraft:iron_axe":1,"minecraft:stick":80,"minecraft:iron_ingot":7,"minecraft:iron_pickaxe":1,"minecraft:stone_pickaxe":1,"minecraft:wooden_axe":6,"minecraft:stone_sword":1,"minecraft:torch":40},"minecraft:killed":{"minecraft:skeleton":1,"minecraft:zombie":4},"minecraft:dropped":{"minecraft:bread":32,"minecraft:rotten_flesh":1,"travelersbackpack:standard":3,"artifacts:snorkel":1,"minecraft:potion":1152},"minecraft:picked_up":{"minecraft:coarse_dirt":2,"minecraft:crafting_table":2,"create:raw_zinc":4,"minecraft:dirt":2,"minecraft:moss_carpet":1,"minecraft:bone":2,"butchercraft:salt_bunny_ears":1,"minecraft:wheat_seeds":1,"minecraft:cobbled_deepslate":2,"minecraft:iron_ingot":1,"minecraft:glass_bottle":6,"minecraft:furnace":1,"minecraft:stick":17,"minecraft:raw_iron":33,"minecraft:torch":1,"minecraft:spruce_sapling":12,"minecraft:spruce_log":570,"travelersbackpack:standard":1,"minecraft:arrow":1,"minecraft:rotten_flesh":2,"minecraft:tropical_fish":1,"minecraft:coal":40,"minecraft:cobblestone":22}},"DataVersion":3120}