{"stats":{"minecraft:mined":{"minecraft:dark_oak_planks":2,"minecraft:spruce_planks":3,"minecraft:spruce_fence":1,"minecraft:lectern":1,"minecraft:spruce_leaves":1,"minecraft:blue_bed":2,"minecraft:large_fern":1,"minecraft:dark_oak_slab":5,"minecraft:iron_ore":1,"minecraft:sweet_berry_bush":1,"minecraft:spruce_log":10,"minecraft:stripped_spruce_log":1,"minecraft:grass":3,"minecraft:bookshelf":13,"minecraft:coal_ore":55,"minecraft:sand":2,"minecraft:dirt":5,"minecraft:stone":36,"minecraft:spruce_slab":1},"minecraft:crafted":{"minecraft:crafting_table":1,"minecraft:spruce_planks":212,"minecraft:wooden_pickaxe":1,"minecraft:stone_axe":1,"minecraft:air":0,"minecraft:stick":48,"minecraft:stone_pickaxe":1,"minecraft:wooden_axe":1,"minecraft:torch":40,"minecraft:stone_hoe":1},"minecraft:custom":{"minecraft:interact_with_smithing_table":2,"minecraft:interact_with_anvil":2,"minecraft:mob_kills":10,"tombstone:raider_killed":7,"minecraft:interact_with_crafting_table":4,"minecraft:open_barrel":28,"minecraft:leave_game":9,"minecraft:time_since_death":16931,"minecraft:sleep_in_bed":2,"minecraft:climb_one_cm":315,"minecraft:time_since_rest":7543,"minecraft:sprint_one_cm":249602,"minecraft:damage_taken":1779,"minecraft:walk_one_cm":91510,"minecraft:damage_blocked_by_shield":40,"minecraft:drop":45,"minecraft:damage_dealt":2603,"minecraft:swim_one_cm":14061,"minecraft:fly_one_cm":516128,"minecraft:open_chest":16,"minecraft:crouch_one_cm":3566,"minecraft:play_time":75257,"minecraft:deaths":4,"minecraft:sneak_time":1618,"minecraft:walk_under_water_one_cm":9250,"minecraft:jump":1971,"minecraft:walk_on_water_one_cm":6646,"minecraft:total_world_time":75257,"minecraft:fall_one_cm":34639},"minecraft:dropped":{"minecraft:stone_hoe":1,"minecraft:iron_sword":1,"minecraft:wheat_seeds":1,"butchercraft:skinning_knife":1,"minecraft:cooked_beef":128,"alexsmobs:animal_dictionary":2,"butchercraft:gloves":1,"minecraft:glass_bottle":6,"butchercraft:apron":1,"minecraft:rotten_flesh":2,"butchercraft:gut_knife":1,"butchercraft:butcher_knife":1,"travelersbackpack:standard":4,"minecraft:spruce_fence":1,"butchercraft:lamb_scraps":1,"butchercraft:mask":1,"tombstone:grave_key":1,"butchercraft:paper_hat":1,"minecraft:potion":261,"minecraft:leather_leggings":1,"minecraft:wooden_sword":1,"butchercraft:boots":1,"minecraft:iron_pickaxe":1,"butchercraft:bone_saw":1,"minecraft:armor_stand":1,"minecraft:lectern":1},"minecraft:picked_up":{"minecraft:leather_leggings":1,"minecraft:potion":64,"minecraft:chainmail_chestplate":1,"minecraft:blue_bed":2,"minecraft:dirt":5,"aquamirae:fin":2,"minecraft:wooden_sword":1,"minecraft:armor_stand":2,"minecraft:wheat_seeds":1,"minecraft:gold_nugget":2,"minecraft:spruce_planks":4,"minecraft:written_book":1,"minecraft:spruce_slab":1,"minecraft:glass_bottle":20,"minecraft:lectern":2,"minecraft:stone_hoe":1,"minecraft:book":39,"minecraft:stick":7,"minecraft:raw_iron":1,"minecraft:dark_oak_slab":4,"minecraft:torch":3,"minecraft:spruce_fence":1,"minecraft:sand":2,"minecraft:stripped_spruce_log":1,"minecraft:spruce_sapling":11,"minecraft:ink_sac":1,"minecraft:spruce_log":53,"alexsmobs:animal_dictionary":1,"minecraft:dark_oak_planks":2,"travelersbackpack:standard":1,"minecraft:rotten_flesh":4,"butchercraft:lamb_scraps":1,"minecraft:emerald":4,"minecraft:chainmail_helmet":1,"minecraft:coal":54,"minecraft:snowball":205,"minecraft:cobblestone":37},"minecraft:used":{"minecraft:leather_leggings":1,"minecraft:snow_block":10,"minecraft:stone_pickaxe":75,"minecraft:spruce_planks":79,"minecraft:wooden_pickaxe":8,"minecraft:shield":1,"minecraft:iron_sword":22,"minecraft:blue_bed":1,"minecraft:torch":36,"minecraft:anvil":1,"alexsmobs:spawn_egg_mimic_octopus":1,"minecraft:crafting_table":1,"minecraft:snowball":60,"cataclysm:infernal_forge":3,"minecraft:iron_axe":40,"minecraft:bread":3,"minecraft:iron_pickaxe":11,"minecraft:stone_axe":12,"minecraft:snow":51,"minecraft:wooden_sword":2,"minecraft:cobblestone":8,"minecraft:potion":19,"travelersbackpack:standard":4,"minecraft:smithing_table":1,"tombstone:gift":2,"alexsmobs:animal_dictionary":2,"minecraft:cooked_beef":14,"minecraft:powder_snow_bucket":2},"minecraft:killed":{"alexsmobs:mimic_octopus":1,"aquamirae:maw":1,"minecraft:vindicator":6,"minecraft:pillager":1,"minecraft:zombie":1},"minecraft:killed_by":{"mowziesmobs:naga":1,"minecraft:spider":1}},"DataVersion":3120}