{"stats":{"minecraft:custom":{"minecraft:interact_with_smithing_table":1,"minecraft:mob_kills":79,"minecraft:interact_with_anvil":4,"minecraft:interact_with_crafting_table":23,"minecraft:open_barrel":33,"minecraft:leave_game":1,"minecraft:time_since_death":19979,"minecraft:climb_one_cm":1860,"minecraft:sprint_one_cm":311779,"minecraft:walk_one_cm":251915,"minecraft:damage_blocked_by_shield":1400,"minecraft:drop":83,"minecraft:deaths":3,"minecraft:play_time":163977,"minecraft:sneak_time":8906,"minecraft:walk_under_water_one_cm":4920,"minecraft:jump":3474,"minecraft:walk_on_water_one_cm":21502,"minecraft:enchant_item":6,"minecraft:total_world_time":163977,"minecraft:interact_with_furnace":62,"minecraft:interact_with_stonecutter":1,"minecraft:sleep_in_bed":1,"minecraft:time_since_rest":20008,"minecraft:damage_taken":4109,"minecraft:trigger_trapped_chest":2,"minecraft:damage_dealt":17742,"minecraft:player_kills":1,"minecraft:fly_one_cm":913170,"minecraft:swim_one_cm":3203,"minecraft:open_chest":14,"minecraft:crouch_one_cm":19015,"minecraft:fall_one_cm":89093},"minecraft:used":{"minecraft:enchanting_table":1,"minecraft:stone_sword":2,"minecraft:spruce_planks":115,"minecraft:shield":43,"minecraft:torch":204,"minecraft:dirt":2,"minecraft:wooden_axe":3,"minecraft:chipped_anvil":2,"minecraft:bookshelf":18,"minecraft:iron_axe":101,"minecraft:iron_helmet":1,"minecraft:iron_boots":2,"minecraft:stone_bricks":2,"minecraft:diamond_chestplate":1,"minecraft:furnace":13,"minecraft:cobbled_deepslate":59,"minecraft:iron_leggings":1,"minecraft:water_bucket":9,"minecraft:stone_pickaxe":51,"minecraft:wooden_pickaxe":10,"minecraft:diamond_axe":179,"minecraft:stripped_dark_oak_log":4,"minecraft:crafting_table":14,"minecraft:crossbow":7,"minecraft:diamond_pickaxe":56,"minecraft:bread":80,"minecraft:iron_pickaxe":460,"minecraft:spruce_sapling":1,"irons_spellbooks:magehunter":19,"minecraft:wooden_sword":5,"minecraft:cobblestone":48,"minecraft:potion":70,"travelersbackpack:standard":6,"minecraft:smithing_table":1,"minecraft:bucket":8,"minecraft:coarse_dirt":2,"minecraft:experience_bottle":129},"minecraft:killed_by":{"minecraft:vindicator":2,"irons_spellbooks:archevoker":1},"minecraft:mined":{"minecraft:dark_oak_planks":2,"create:zinc_ore":4,"minecraft:spruce_planks":1,"minecraft:deepslate_diamond_ore":5,"minecraft:obsidian":4,"minecraft:potted_dead_bush":1,"minecraft:coal_block":17,"minecraft:spruce_leaves":3,"minecraft:gilded_blackstone":35,"minecraft:large_fern":2,"minecraft:magma_block":9,"minecraft:furnace":5,"minecraft:iron_ore":33,"minecraft:cobbled_deepslate":6,"minecraft:andesite":1,"minecraft:moss_carpet":1,"minecraft:deepslate_lapis_ore":14,"minecraft:enchanting_table":1,"minecraft:bookshelf":31,"minecraft:vine":1,"minecraft:cave_vines":1,"minecraft:deepslate_iron_ore":38,"immersiveengineering:ore_lead":9,"minecraft:stone":96,"ad_astra:sky_stone":4,"immersiveengineering:ore_aluminum":4,"minecraft:deepslate_redstone_ore":1,"minecraft:basalt":3,"minecraft:crafting_table":11,"minecraft:torch":1,"minecraft:tall_grass":3,"minecraft:cobblestone":13,"minecraft:lapis_ore":8,"minecraft:deepslate_gold_ore":56,"minecraft:wall_torch":2,"minecraft:coarse_dirt":2,"minecraft:dark_oak_slab":1,"minecraft:spruce_log":7,"minecraft:grass":3,"minecraft:coal_ore":80,"minecraft:dirt":2,"minecraft:stone_bricks":3,"minecraft:gold_ore":3,"minecraft:chipped_anvil":3,"pots_and_mimics:treasure_pot":23,"minecraft:deepslate":94,"minecraft:fern":2},"minecraft:broken":{"irons_spellbooks:magehunter":1,"minecraft:iron_pickaxe":1,"minecraft:wooden_axe":6},"minecraft:crafted":{"minecraft:coal":81,"minecraft:furnace":5,"minecraft:bookshelf":33,"minecraft:iron_boots":1,"minecraft:iron_axe":1,"minecraft:stone_pickaxe":1,"minecraft:crafting_table":4,"minecraft:enchanting_table":1,"minecraft:spruce_planks":488,"minecraft:wooden_pickaxe":1,"minecraft:iron_helmet":1,"minecraft:bucket":1,"minecraft:stone_axe":1,"minecraft:air":0,"minecraft:golden_apple":4,"minecraft:iron_chestplate":1,"minecraft:diamond_pickaxe":1,"minecraft:raw_gold":54,"minecraft:stick":132,"minecraft:iron_ingot":37,"minecraft:iron_pickaxe":2,"minecraft:wooden_axe":6,"minecraft:stone_sword":1,"minecraft:iron_leggings":1,"minecraft:gold_ingot":93,"minecraft:torch":216},"minecraft:killed":{"minecraft:vex":2,"irons_spellbooks:summoned_zombie":4,"pots_and_mimics:pot_crab":3,"minecraft:vindicator":2,"minecraft:spider":7,"minecraft:skeleton":6,"minecraft:drowned":2,"minecraft:silverfish":2,"irons_spellbooks:archevoker":1,"minecraft:wolf":1,"minecraft:zombie_villager":2,"irons_spellbooks:necromancer":1,"minecraft:creeper":1,"minecraft:pillager":21,"irons_spellbooks:summoned_vex":1,"minecraft:zombie":16,"alexsmobs:cachalot_whale":1,"pots_and_mimics:poison_pot_crab":1,"minecraft:stray":1},"minecraft:dropped":{"minecraft:iron_ingot":5,"minecraft:bread":140,"minecraft:wheat_seeds":1,"minecraft:lapis_lazuli":30,"minecraft:glass_bottle":30,"minecraft:iron_helmet":1,"minecraft:crossbow":1,"minecraft:cobblestone":7,"minecraft:tropical_fish":2,"travelersbackpack:standard":3,"minecraft:dirt":1,"artifacts:snorkel":4,"minecraft:torch":1,"minecraft:potion":1408,"minecraft:iron_leggings":2,"minecraft:wooden_sword":1,"minecraft:gilded_blackstone":31,"minecraft:iron_axe":1,"tconstruct:sky_slime_ball":1,"minecraft:iron_pickaxe":4,"minecraft:chainmail_leggings":1,"minecraft:string":3,"irons_spellbooks:frozen_bone":1,"minecraft:stone_axe":1,"minecraft:goat_horn":1,"minecraft:stone_sword":1,"minecraft:cobbled_deepslate":9,"minecraft:raw_iron":4,"minecraft:rotten_flesh":1,"minecraft:iron_boots":1,"minecraft:potato":1,"minecraft:iron_chestplate":1,"minecraft:golden_leggings":2,"minecraft:spruce_log":192,"minecraft:arrow":1,"minecraft:bow":1,"minecraft:wooden_pickaxe":1,"minecraft:stone_pickaxe":1,"immersiveengineering:seed":1},"minecraft:picked_up":{"irons_spellbooks:scroll":7,"minecraft:crafting_table":14,"minecraft:coarse_dirt":3,"minecraft:flower_pot":1,"minecraft:potion":652,"minecraft:enchanted_book":6,"minecraft:gilded_blackstone":31,"ad_astra:sky_stone":3,"minecraft:shield":3,"minecraft:string":13,"minecraft:moss_carpet":5,"minecraft:raw_copper":7,"minecraft:iron_axe":1,"minecraft:iron_leggings":3,"minecraft:armor_stand":1,"irons_spellbooks:arcane_essence":2,"immersiveengineering:raw_lead":9,"irons_spellbooks:conjurers_talisman":3,"minecraft:gold_nugget":16,"minecraft:cobbled_deepslate":102,"minecraft:spruce_planks":11,"minecraft:poppy":2,"minecraft:coal_block":17,"minecraft:sugar_cane":2,"minecraft:iron_boots":3,"minecraft:furnace":14,"minecraft:tipped_arrow":1,"minecraft:raw_iron":258,"minecraft:stick":35,"minecraft:torch":110,"minecraft:goat_horn":5,"minecraft:dark_oak_planks":2,"artifacts:snorkel":1,"irons_spellbooks:evocation_rune":3,"tconstruct:sky_slime_ball":1,"minecraft:arrow":4,"minecraft:rotten_flesh":18,"minecraft:tropical_fish":3,"minecraft:gold_ingot":9,"minecraft:obsidian":4,"minecraft:cobblestone":182,"minecraft:enchanting_table":4,"minecraft:magma_block":8,"minecraft:basalt":6,"minecraft:water_bucket":3,"minecraft:andesite":1,"minecraft:golden_leggings":2,"create:raw_zinc":4,"minecraft:gunpowder":6,"minecraft:lapis_lazuli":150,"minecraft:dirt":3,"minecraft:white_banner":2,"minecraft:leather_boots":1,"minecraft:red_carpet":7,"butchercraft:salt_bunny_ears":1,"minecraft:bone":4,"minecraft:chipped_anvil":3,"minecraft:apple":8,"minecraft:stone_bricks":9,"minecraft:bow":1,"minecraft:wheat_seeds":5,"minecraft:raw_gold":65,"minecraft:iron_ingot":5,"minecraft:glass_bottle":93,"minecraft:moss_block":11,"minecraft:dark_oak_stairs":1,"minecraft:book":90,"minecraft:dark_oak_slab":1,"irons_spellbooks:frozen_bone":1,"irons_spellbooks:legendary_ink":3,"immersiveengineering:raw_aluminum":4,"minecraft:spruce_sapling":50,"minecraft:spruce_log":570,"minecraft:dead_bush":1,"minecraft:spider_eye":1,"travelersbackpack:standard":1,"irons_spellbooks:magehunter":1,"immersiveengineering:seed":5,"minecraft:diamond":5,"waystones:waystone":1,"minecraft:iron_helmet":3,"minecraft:diamond_axe":3,"butchercraft:lamb_scraps":4,"minecraft:crossbow":8,"minecraft:emerald":1,"minecraft:bread":49,"minecraft:stripped_dark_oak_log":4,"minecraft:coal":107,"minecraft:iron_chestplate":3,"minecraft:diamond_pickaxe":3}},"DataVersion":3120}