{"stats":{"minecraft:mined":{"minecraft:grass":1},"minecraft:custom":{"minecraft:time_since_rest":7850,"minecraft:crouch_one_cm":471,"minecraft:sprint_one_cm":52673,"minecraft:play_time":15330,"minecraft:damage_taken":560,"minecraft:deaths":2,"minecraft:walk_one_cm":33652,"minecraft:sneak_time":121,"minecraft:mob_kills":2,"minecraft:drop":4,"minecraft:jump":512,"minecraft:damage_dealt":425,"minecraft:leave_game":5,"minecraft:time_since_death":9358,"minecraft:total_world_time":15330,"minecraft:fall_one_cm":8287,"minecraft:fly_one_cm":155995},"minecraft:dropped":{"minecraft:rotten_flesh":2,"alexsmobs:animal_dictionary":1,"tombstone:grave_key":1},"minecraft:picked_up":{"minecraft:rotten_flesh":4,"minecraft:ink_sac":1,"minecraft:snowball":205,"alexsmobs:animal_dictionary":1},"minecraft:used":{"cataclysm:infernal_forge":3,"minecraft:snow":1,"alexsmobs:spawn_egg_mimic_octopus":1,"minecraft:snow_block":1,"tombstone:gift":2,"alexsmobs:animal_dictionary":1,"minecraft:snowball":60},"minecraft:killed_by":{"minecraft:spider":1},"minecraft:killed":{"alexsmobs:mimic_octopus":1,"minecraft:zombie":1}},"DataVersion":3120}