{"stats":{"minecraft:crafted":{"minecraft:bookshelf":17,"minecraft:diamond_helmet":1,"minecraft:diamond_leggings":1,"minecraft:stone_pickaxe":2,"minecraft:diamond_boots":2,"minecraft:enchanting_table":1,"minecraft:wooden_axe":1,"minecraft:oak_planks":228,"tombstone:grave_key":4,"minecraft:stone_hoe":1,"minecraft:crafting_table":2,"minecraft:spruce_planks":212,"minecraft:wooden_pickaxe":1,"minecraft:diamond_pickaxe":1,"minecraft:shield":1,"minecraft:stick":172,"minecraft:diamond_sword":1,"minecraft:bucket":1,"minecraft:stone_axe":1,"minecraft:air":0,"cataclysm:bulwark_of_the_flame":2,"minecraft:torch":460,"minecraft:diamond_chestplate":2},"minecraft:custom":{"minecraft:interact_with_crafting_table":38,"minecraft:open_barrel":131,"minecraft:leave_game":22,"minecraft:time_since_death":128883,"minecraft:damage_blocked_by_shield":5685,"minecraft:play_time":892049,"minecraft:deaths":14,"minecraft:jump":13952,"tombstone:kill_undead_boss":1,"minecraft:enchant_item":63,"minecraft:interact_with_furnace":1,"minecraft:interact_with_cartography_table":5,"minecraft:sleep_in_bed":3,"minecraft:waystone_activated":7,"tombstone:sneak_grave":1,"minecraft:damage_dealt":140633,"tombstone:undead_killed":108,"minecraft:interact_with_smithing_table":14,"minecraft:interact_with_anvil":61,"minecraft:sneak_time":24244,"minecraft:interact_with_blast_furnace":3,"minecraft:total_world_time":892049,"tombstone:raider_killed":57,"minecraft:time_since_rest":128612,"minecraft:swim_one_cm":692969,"minecraft:fly_one_cm":6048826,"minecraft:open_chest":651,"minecraft:fall_one_cm":482913,"minecraft:damage_resisted":11883,"minecraft:sprint_one_cm":2020549,"minecraft:drop":348,"minecraft:talked_to_villager":6,"minecraft:walk_on_water_one_cm":189485,"minecraft:player_kills":1,"minecraft:crouch_one_cm":43934,"minecraft:mob_kills":432,"minecraft:damage_dealt_resisted":21,"minecraft:climb_one_cm":13943,"minecraft:walk_one_cm":847976,"minecraft:raid_win":1,"minecraft:walk_under_water_one_cm":593251,"spartanshields:shield_bash_hits":2,"minecraft:raid_trigger":1,"minecraft:interact_with_grindstone":12,"minecraft:damage_taken":23918,"minecraft:damage_absorbed":12245,"minecraft:trigger_trapped_chest":2},"minecraft:picked_up":{"witherstormmod:infected_flesh_block":32,"minecraft:iron_chestplate":2,"minecraft:flower_pot":1,"minecraft:suspicious_stew":1,"minecraft:diamond_sword":1,"minecraft:wither_rose":6,"minecraft:enchanted_book":3,"create:copper_diving_boots":1,"minecraft:brewing_stand":2,"minecraft:golden_sword":1,"paraglider:goddess_statue":6,"minecraft:polished_blackstone_brick_stairs":1,"minecraft:string":10,"minecraft:shroomlight":2,"minecraft:diamond_leggings":1,"minecraft:gold_nugget":12,"minecraft:cobbled_deepslate":558,"minecraft:spruce_planks":15,"minecraft:written_book":1,"minecraft:dark_oak_door":1,"minecraft:polished_blackstone_brick_slab":6,"minecraft:polished_blackstone_stairs":1,"minecraft:big_dripleaf":16,"cataclysm:kobolediator_skull":1,"minecraft:deepslate_tile_stairs":1,"deep_dark_regrowth:smooth_deepslate":1,"minecraft:golden_chestplate":1,"aquamirae:abyssal_boots":1,"minecraft:honey_bottle":96,"minecraft:tropical_fish":44,"create:ochrum":32,"minecraft:blaze_rod":24,"minecraft:snowball":205,"minecraft:feather":4,"minecraft:water_bucket":1,"minecraft:flint":2,"minecraft:magenta_bed":1,"minecraft:map":1,"minecraft:lantern":1,"aquamirae:fin":2,"stalwart_dungeons:blaze_armor_scrap":8,"cataclysm:abyssal_egg":7,"minecraft:diamond_helmet":1,"minecraft:moss_block":8,"witherstormmod:super_tnt":1,"deep_dark_regrowth:sculk_remnants":1,"minecraft:stripped_spruce_log":1,"minecraft:ink_sac":4,"deep_dark_regrowth:cobbled_grimstone":246,"minecraft:trapped_chest":1,"minecraft:barrel":2,"alexsmobs:animal_dictionary":1,"minecraft:bundle":2,"alexsmobs:guster_eye":2,"witherstormmod:tainted_flesh_block":354,"minecraft:granite":13,"alexsmobs:tarantula_hawk_wing_fragment":1,"minecraft:chainmail_helmet":2,"minecraft:bread":1,"alexsmobs:maggot":2,"minecraft:crimson_roots":21,"minecraft:diamond_pickaxe":2,"minecraft:crafting_table":1,"minecraft:clay_ball":107,"minecraft:leather_leggings":1,"paraglider:heart_container":4,"artifacts:power_glove":1,"minecraft:iron_shovel":2,"minecraft:polished_blackstone_wall":1,"minecraft:jungle_sapling":2,"minecraft:iron_nugget":1,"minecraft:spruce_slab":2,"aquamirae:abyssal_brigantine":1,"aquamirae:abyssal_leggings":1,"minecraft:spruce_fence":1,"create:copper_backtank":2,"minecraft:redstone":455,"minecraft:tnt":2,"minecraft:diamond_chestplate":1,"minecraft:diamond_boots":1,"aquamirae:treasure_pouch":2,"tombstone:essence_of_undeath":1,"minecraft:totem_of_undying":1,"deep_dark_regrowth:moonstone_crystal":2,"butchercraft:beef_scraps":18,"witherstormmod:withered_bone":2,"minecraft:clock":2,"minecraft:blackstone_slab":1,"minecraft:filled_map":2,"cataclysm:void_jaw":1,"waystones:sandy_waystone":3,"minecraft:oak_log":59,"minecraft:ancient_debris":3,"deep_dark_regrowth:stone_tiles":2,"mowziesmobs:wrought_axe":4,"alexsmobs:mosquito_proboscis":5,"minecraft:blue_bed":2,"minecraft:paper":14,"tombstone:gift":2,"minecraft:white_banner":3,"alexsmobs:cockroach_wing_fragment":2,"minecraft:spore_blossom":4,"minecraft:glass_bottle":365,"minecraft:iron_sword":4,"minecraft:flowering_azalea":4,"minecraft:smooth_basalt":1,"minecraft:dark_oak_slab":4,"minecraft:gravel":5,"minecraft:spruce_sapling":11,"minecraft:spruce_log":54,"minecraft:crying_obsidian":1,"minecraft:leather_helmet":1,"butchercraft:leather_scrap":3,"travelersbackpack:standard":2,"minecraft:slime_ball":3,"butchercraft:lamb_scraps":1,"minecraft:ender_pearl":18,"cataclysm:monstrous_horn":1,"minecraft:potion":159,"butchercraft:pork_scraps":1,"minecraft:raw_copper":35,"aquamirae:pirate_pouch":2,"minecraft:iron_leggings":2,"minecraft:armor_stand":2,"minecraft:netherite_ingot":1,"alexsmobs:blood_sac":28,"alexsmobs:banana":4,"minecraft:azalea":2,"deep_dark_regrowth:reinforced_lamp":2,"minecraft:iron_boots":1,"aquamirae:frozen_key":1,"minecraft:stick":36,"minecraft:deepslate_brick_wall":1,"minecraft:polished_deepslate_stairs":2,"mowziesmobs:sol_visage":1,"minecraft:oak_fence":1,"minecraft:torch":63,"deep_dark_regrowth:anniversary_boombox_item":1,"minecraft:porkchop":5,"minecraft:villager_spawn_egg":1,"cataclysm:burning_ashes":2,"minecraft:pointed_dripstone":103,"tombstone:grave_dust":8,"minecraft:diorite":22,"cataclysm:coral_chunk":1,"deep_dark_regrowth:moonstone_crystal_block":46,"minecraft:rotten_flesh":67,"butchercraft:rabbit_scraps":1,"create:asurine":7,"minecraft:deepslate_brick_stairs":4,"minecraft:obsidian":18,"minecraft:cobblestone":448,"minecraft:leather_chestplate":1,"tombstone:soul_receptacle":1,"create:fluid_tank":2,"minecraft:andesite":74,"aquamirae:three_bolt_helmet":1,"paraglider:spirit_orb":8,"minecraft:tuff":79,"deep_dark_regrowth:mossy_fluorite":4,"minecraft:wither_skeleton_skull":1,"cataclysm:gauntlet_of_guard":1,"minecraft:lapis_lazuli":1095,"minecraft:dirt":104,"minecraft:name_tag":1,"minecraft:glass":1,"minecraft:bone":29,"minecraft:wheat_seeds":23,"minecraft:bow":2,"deep_dark_regrowth:aware_lens":1,"aquamirae:wisteria_niveis":1,"minecraft:deepslate_brick_slab":3,"minecraft:raw_gold":253,"deep_dark_regrowth:ghost_flowers":2,"minecraft:fletching_table":2,"minecraft:bamboo":267,"minecraft:oak_planks":12,"minecraft:stone_hoe":1,"witherstormmod:command_block_book":2,"minecraft:sand":13,"minecraft:nether_brick_stairs":1,"minecraft:grass_block":1,"minecraft:sugar":1,"cataclysm:tidal_claws":3,"minecraft:diamond":21,"waystones:waystone":1,"minecraft:crossbow":4,"minecraft:bone_meal":2,"minecraft:golden_apple":45,"minecraft:emerald":22,"minecraft:oak_sapling":25,"minecraft:netherrack":188,"minecraft:nether_star":2,"deep_dark_regrowth:between_gems":1,"minecraft:gold_block":3,"stalwart_dungeons:soul_bricks":7,"minecraft:shield":4,"minecraft:oak_trapdoor":2,"minecraft:moss_carpet":35,"minecraft:iron_axe":3,"minecraft:wooden_sword":1,"artifacts:feral_claws":1,"deep_dark_regrowth:rough_deepslate":1,"minecraft:item_frame":24,"deeperdarker:warden_carapace":1,"paraglider:rito_goddess_statue":2,"deep_dark_regrowth:plasmatic_sculk":2,"minecraft:lectern":2,"minecraft:sugar_cane":2,"deep_dark_regrowth:soul_of_the_depths":1,"minecraft:raw_iron":522,"minecraft:stone_button":3,"create:hand_crank":6,"create:zinc_ingot":1,"minecraft:dark_oak_planks":6,"artifacts:snorkel":2,"cataclysm:dying_ember":1,"minecraft:arrow":24,"minecraft:weeping_vines":1,"minecraft:nether_bricks":9,"minecraft:saddle":1,"paraglider:horned_statue":1,"deep_dark_regrowth:ghost_jelly":3,"artifacts:novelty_drinking_hat":1,"minecraft:glow_ink_sac":67,"cataclysm:ignitium_ingot":13,"minecraft:leather":2,"minecraft:crimson_fungus":3,"minecraft:chainmail_chestplate":2,"minecraft:nether_wart_block":8,"minecraft:gunpowder":2,"tombstone:voodoo_poppet":1,"aquamirae:abyssal_heaume":1,"minecraft:smooth_sandstone":2,"cataclysm:infernal_forge":3,"minecraft:iron_ingot":1,"deep_dark_regrowth:corrupted_matter":2,"minecraft:book":54,"artifacts:obsidian_skull":1,"minecraft:quartz":10,"minecraft:dripstone_block":15,"minecraft:amethyst_shard":1,"mowziesmobs:wrought_helmet":1,"cataclysm:remnant_skull":2,"minecraft:spider_eye":10,"create:copper_diving_helmet":1,"cataclysm:crystallized_coral_fragments":1,"cataclysm:ancient_metal_ingot":7,"cataclysm:the_incinerator":3,"tombstone:magic_scroll":3,"minecraft:damaged_anvil":1,"minecraft:coal":704},"minecraft:killed_by":{"minecraft:vindicator":1,"minecraft:zombie":1,"cataclysm:the_leviathan":1,"mowziesmobs:naga":1,"minecraft:player":2,"minecraft:spider":1,"cataclysm:ignis":4},"minecraft:used":{"minecraft:moss_block":33,"witherstormmod:withered_symbiont_spawn_egg":1,"deep_dark_regrowth:annihilator_spawn_egg":1,"aquamirae:abyssal_heaume":1,"minecraft:spruce_slab":4,"minecraft:chest":78,"deep_dark_regrowth:infection_spider_spawn_egg":1,"minecraft:soul_sand":25,"minecraft:deepslate_brick_slab":32,"aquamirae:captain_cornelia_spawn_egg":2,"minecraft:snowball":205,"minecraft:stripped_spruce_log":45,"minecraft:warden_spawn_egg":1,"dreadsteel:dreadsteel_scythe":67,"cataclysm:infernal_forge":4,"minecraft:lava_bucket":34,"cataclysm:the_baby_leviathan_spawn_egg":1,"minecraft:villager_spawn_egg":18,"minecraft:dark_oak_slab":167,"deep_dark_regrowth:tentacle_lamp_spawn_egg":2,"minecraft:bow":106,"minecraft:snow":51,"minecraft:deepslate_brick_wall":22,"minecraft:diorite":5,"minecraft:leather_leggings":1,"minecraft:damaged_anvil":1,"cataclysm:abyssal_egg":2,"minecraft:wooden_pickaxe":8,"minecraft:clay":22,"cataclysm:altar_of_abyss":2,"minecraft:golden_apple":51,"minecraft:dark_oak_trapdoor":15,"minecraft:blast_furnace":9,"minecraft:deepslate_brick_stairs":18,"cataclysm:deepling_spawn_egg":1,"deep_dark_regrowth:ghost_jelly":3,"minecraft:crying_obsidian":1,"minecraft:mangrove_door":1,"minecraft:stone_button":8,"minecraft:spore_blossom":2,"cataclysm:ignitium_helmet":1,"cataclysm:coralssus_spawn_egg":1,"minecraft:diamond_sword":128,"minecraft:nether_wart_block":7,"minecraft:wooden_sword":2,"minecraft:smithing_table":2,"minecraft:enchanting_table":1,"cataclysm:endermaptera_spawn_egg":1,"cataclysm:ender_golem_spawn_egg":1,"minecraft:netherrack":280,"minecraft:torch":1208,"minecraft:anvil":10,"witherstormmod:formidibomb":13,"deep_dark_regrowth:soul_key_awake_spawn_egg":1,"aquamirae:abyssal_brigantine":1,"minecraft:flowering_azalea":1,"minecraft:iron_axe":108,"aquamirae:abyssal_leggings":2,"minecraft:barrel":13,"cataclysm:void_forge":58,"cataclysm:the_watcher_spawn_egg":1,"tombstone:gift":13,"minecraft:cobbled_deepslate":1323,"minecraft:pointed_dripstone":4,"minecraft:water_bucket":3338,"minecraft:sandstone_stairs":10,"deeperdarker:stalker_spawn_egg":2,"minecraft:cartography_table":1,"minecraft:crafting_table":4,"deep_dark_regrowth:abomination_spawn_egg":1,"minecraft:campfire":4,"mowziesmobs:wrought_axe":566,"minecraft:diamond_pickaxe":1861,"minecraft:iron_pickaxe":574,"aquamirae:abyssal_boots":2,"minecraft:spruce_trapdoor":17,"cataclysm:kobolediator_spawn_egg":1,"minecraft:cobblestone":1113,"minecraft:potion":306,"travelersbackpack:standard":10,"minecraft:moss_carpet":2,"cataclysm:coral_golem_spawn_egg":1,"minecraft:polished_deepslate":38,"deep_dark_regrowth:cobbled_grimstone":46,"deep_dark_regrowth:observer_spawn_egg":1,"minecraft:shield":37,"minecraft:iron_sword":99,"minecraft:tuff":20,"deeperdarker:warden_pickaxe":2,"minecraft:obsidian":52,"minecraft:glass":2,"minecraft:lantern":6,"cataclysm:modern_remnant_spawn_egg":1,"minecraft:item_frame":36,"minecraft:deepslate_diamond_ore":1,"minecraft:birch_trapdoor":3,"cataclysm:the_leviathan_spawn_egg":3,"minecraft:dark_oak_stairs":9,"minecraft:diamond_boots":1,"minecraft:wither_skeleton_skull":19,"minecraft:stone_pickaxe":128,"minecraft:oak_planks":118,"minecraft:ender_pearl":82,"minecraft:sandstone":27,"dreadsteel:dreadsteel_shield":995,"minecraft:blue_bed":1,"alexsmobs:spawn_egg_mimic_octopus":1,"minecraft:dripstone_block":56,"witherstormmod:command_block_sword":2,"waystones:waystone":4,"cataclysm:ender_guardian_spawn_egg":1,"cataclysm:ignited_berserker_spawn_egg":1,"minecraft:bread":3,"witherstormmod:super_tnt":7,"tombstone:grave_key":3,"cataclysm:altar_of_fire":1,"minecraft:deepslate":733,"deep_dark_regrowth:sculk_parasite_spawn_egg":1,"minecraft:grindstone":1,"minecraft:crimson_door":1,"minecraft:andesite":5,"minecraft:air":1,"minecraft:experience_bottle":2816,"minecraft:azalea":1,"deep_dark_regrowth:stalker_spawn_egg":5,"minecraft:flint_and_steel":9,"minecraft:spruce_planks":157,"minecraft:dirt":1,"cataclysm:ancient_remnant_spawn_egg":1,"minecraft:spruce_stairs":45,"minecraft:diamond_helmet":1,"minecraft:granite":6,"minecraft:birch_door":1,"butchercraft:blood_fluid_bucket":1,"minecraft:dark_oak_planks":298,"cataclysm:ignited_revenant_spawn_egg":1,"minecraft:bookshelf":23,"cataclysm:ignitium_leggings":1,"minecraft:smooth_sandstone":24,"deep_dark_regrowth:spreader_spawn_egg":1,"witherstormmod:tainted_flesh_block":1,"minecraft:soul_soil":4,"cataclysm:deepling_brute_spawn_egg":2,"minecraft:netherite_pickaxe":4,"minecraft:cooked_beef":139,"minecraft:powder_snow_bucket":2,"minecraft:enchanted_golden_apple":153,"cataclysm:ignitium_boots":1,"minecraft:cobblestone_stairs":50,"deep_dark_regrowth:hunter_spawn_egg":2,"minecraft:snow_block":10,"minecraft:glass_bottle":38,"minecraft:cut_sandstone":26,"minecraft:magenta_bed":2,"cataclysm:bulwark_of_the_flame":1,"minecraft:smoker":9,"minecraft:dark_oak_door":4,"cataclysm:wadjet_spawn_egg":1,"minecraft:command_block":12,"waystones:mossy_waystone":1,"mowziesmobs:umvuthi_spawn_egg":1,"cataclysm:netherite_monstrosity_spawn_egg":1,"minecraft:stone_axe":12,"minecraft:bucket":28,"minecraft:wither_rose":1,"alexsmobs:animal_dictionary":2,"minecraft:splash_potion":2},"minecraft:dropped":{"minecraft:iron_sword":1,"minecraft:cooked_beef":128,"minecraft:glow_ink_sac":64,"minecraft:glass_bottle":208,"minecraft:diamond":4,"minecraft:spore_blossom":2,"minecraft:fletching_table":1,"butchercraft:meat_hook_item":65,"minecraft:leather_helmet":1,"cataclysm:bulwark_of_the_flame":2,"minecraft:gold_block":1,"minecraft:dirt":1,"create:copper_backtank":1,"minecraft:wooden_sword":1,"minecraft:bone_meal":1,"minecraft:sand":2,"create:goggles":1,"minecraft:iron_pickaxe":1,"butchercraft:bone_saw":1,"minecraft:bone":5,"minecraft:sugar_cane":10,"minecraft:ancient_debris":1,"artifacts:power_glove":1,"minecraft:iron_nugget":1,"minecraft:cobbled_deepslate":11,"alexsmobs:animal_dictionary":2,"minecraft:obsidian":128,"tombstone:gift":1,"dreadsteel:dreadsteel_scythe":1,"minecraft:rotten_flesh":2,"minecraft:enchanted_golden_apple":64,"create:asurine":7,"aquamirae:abyssal_heaume":1,"deep_dark_regrowth:rough_deepslate":1,"minecraft:leather_leggings":1,"cataclysm:infernal_forge":1,"aquamirae:abyssal_brigantine":1,"cataclysm:ignitium_boots":1,"minecraft:lectern":2,"alexsmobs:mosquito_proboscis":1,"minecraft:enchanted_book":36,"cataclysm:ignitium_leggings":1,"minecraft:wheat_seeds":3,"butchercraft:skinning_knife":1,"minecraft:deepslate_brick_wall":1,"minecraft:dripstone_block":1,"minecraft:oak_fence":1,"minecraft:cobblestone":48,"minecraft:granite":4,"minecraft:coal":32,"minecraft:golden_apple":111,"butchercraft:lamb_scraps":1,"artifacts:snorkel":3,"minecraft:diamond_helmet":2,"minecraft:potion":583,"minecraft:dried_kelp":320,"minecraft:iron_shovel":1,"minecraft:string":5,"minecraft:moss_carpet":20,"witherstormmod:command_block_book":1,"minecraft:deepslate":385,"minecraft:clay_ball":96,"minecraft:iron_boots":1,"minecraft:spruce_fence":1,"minecraft:polished_deepslate_stairs":2,"minecraft:diamond_sword":2,"minecraft:big_dripleaf":7,"minecraft:bundle":1,"minecraft:spruce_trapdoor":1,"minecraft:spruce_planks":1,"create:zinc_ingot":1,"minecraft:diamond_pickaxe":3,"create:hand_crank":6,"minecraft:spider_eye":3,"minecraft:bamboo":17,"minecraft:bow":1,"minecraft:nether_brick_stairs":1,"butchercraft:beef_scraps":6,"minecraft:soul_sand":256,"minecraft:moss_block":4,"minecraft:ender_pearl":19,"minecraft:nether_star":1,"cataclysm:the_incinerator":3,"minecraft:lantern":1,"travelersbackpack:standard":4,"minecraft:cod":14,"minecraft:flint":1,"minecraft:deepslate_tile_stairs":1,"artifacts:novelty_drinking_hat":2,"minecraft:polished_blackstone_brick_stairs":1,"deep_dark_regrowth:smooth_deepslate":1,"minecraft:armor_stand":2,"witherstormmod:tainted_flesh_block":562,"cataclysm:remnant_skull":1,"minecraft:gravel":5,"minecraft:pointed_dripstone":28,"butchercraft:butcher_knife":1,"minecraft:honey_bottle":304,"aquamirae:abyssal_leggings":1,"cataclysm:ignitium_helmet":1,"aquamirae:abyssal_boots":1,"minecraft:arrow":8,"minecraft:stone_hoe":1,"minecraft:water_bucket":1,"butchercraft:gloves":1,"minecraft:diamond_leggings":2,"butchercraft:apron":1,"butchercraft:gut_knife":1,"cataclysm:burning_ashes":1,"minecraft:tropical_fish":13,"mowziesmobs:wrought_axe":3,"minecraft:stick":12,"minecraft:deepslate_brick_stairs":4,"minecraft:diorite":1,"cataclysm:coral_chunk":1,"minecraft:torch":307,"tombstone:grave_key":1,"butchercraft:paper_hat":1,"artifacts:obsidian_skull":2,"tombstone:grave_dust":1,"minecraft:wither_rose":1,"butchercraft:boots":1,"artifacts:feral_claws":2,"minecraft:smooth_basalt":1,"alexsmobs:maggot":2,"cataclysm:ignitium_ingot":1,"minecraft:tuff":5,"witherstormmod:withered_bone":2,"minecraft:villager_spawn_egg":1,"butchercraft:mask":1,"minecraft:shield":2,"butchercraft:rabbit_scraps":1,"cataclysm:ignitium_chestplate":1,"minecraft:diamond_chestplate":2,"minecraft:iron_chestplate":2,"minecraft:andesite":69,"artifacts:steadfast_spikes":1,"minecraft:oak_sapling":24,"cataclysm:abyssal_egg":3,"minecraft:diamond_boots":2,"artifacts:cross_necklace":1,"minecraft:slime_ball":3,"minecraft:wooden_pickaxe":1,"minecraft:raw_gold":64},"minecraft:killed":{"minecraft:cave_spider":6,"minecraft:skeleton":35,"deep_dark_regrowth:ghost_jellyfish":2,"minecraft:chicken":1,"alexsmobs:capuchin_monkey":1,"cataclysm:endermaptera":1,"cataclysm:kobolediator":1,"minecraft:tropical_fish":8,"cataclysm:wadjet":1,"minecraft:pillager":28,"minecraft:goat":7,"alexsmobs:flutter":6,"minecraft:zombie":52,"stalwart_dungeons:incomplete_wither":6,"cataclysm:deepling":3,"minecraft:glow_squid":1,"deep_dark_regrowth:tentacle_lamp":1,"minecraft:cow":5,"alexsmobs:mimic_octopus":1,"minecraft:endermite":1,"minecraft:vindicator":20,"mowziesmobs:ferrous_wroughtnaut":1,"deep_dark_regrowth:abomination":1,"minecraft:warden":1,"minecraft:husk":2,"alexsmobs:guster":3,"cataclysm:the_watcher":1,"witherstormmod:wither_storm":1,"minecraft:ravager":1,"witherstormmod:withered_symbiont":2,"cataclysm:ignis":3,"minecraft:enderman":9,"minecraft:zombified_piglin":1,"minecraft:witch":3,"mowziesmobs:umvuthi":1,"minecraft:spider":8,"minecraft:wither":1,"minecraft:axolotl":3,"cataclysm:modern_remnant":1,"artifacts:mimic":2,"minecraft:piglin":4,"minecraft:pig":3,"minecraft:zombie_villager":2,"minecraft:creeper":26,"alexsmobs:crimson_mosquito":45,"minecraft:sheep":1,"cataclysm:ender_guardian":1,"witherstormmod:sickened_creeper":1,"alexsmobs:fly":9,"mowziesmobs:umvuthana_raptor":1,"minecraft:blaze":3,"cataclysm:ignited_revenant":1,"alexsmobs:tarantula_hawk":1,"minecraft:slime":3,"deep_dark_regrowth:spreader":1,"cataclysm:the_leviathan":3,"cataclysm:the_baby_leviathan":1,"deep_dark_regrowth:stalker":4,"aquamirae:maw":1,"stalwart_dungeons:reinforced_blaze":12,"minecraft:bat":13,"witherstormmod:sickened_skeleton":2,"mowziesmobs:umvuthana_follower_raptor":5,"minecraft:hoglin":2,"minecraft:squid":3,"alexsmobs:cockroach":1,"witherstormmod:sickened_zombie":1},"minecraft:broken":{"minecraft:iron_pickaxe":2},"minecraft:mined":{"minecraft:dark_oak_planks":6,"deep_dark_regrowth:smooth_deepslate":1,"minecraft:obsidian":19,"minecraft:granite":13,"minecraft:deepslate_tile_stairs":2,"minecraft:spawner":4,"minecraft:weeping_vines_plant":1,"witherstormmod:super_tnt":1,"minecraft:cobbled_deepslate":10,"minecraft:fire":27,"minecraft:deepslate_lapis_ore":45,"minecraft:cave_vines":3,"minecraft:deepslate_brick_stairs":4,"minecraft:deepslate_brick_wall":1,"deep_dark_regrowth:grimstone_redstone_ore":2,"minecraft:soul_fire":10,"minecraft:torch":5,"minecraft:dead_bush":1,"minecraft:damaged_anvil":1,"deep_dark_regrowth:stone_tiles":3,"paraglider:horned_statue":1,"minecraft:magenta_bed":1,"minecraft:grass":14,"minecraft:smooth_basalt":1,"minecraft:deepslate":389,"deep_dark_regrowth:grimstone_6":12,"deep_dark_regrowth:grimstone_4":62,"stalwart_dungeons:soul_bricks":7,"deep_dark_regrowth:grimstone_8":66,"minecraft:nether_bricks":13,"minecraft:spruce_fence":1,"deep_dark_regrowth:grimstone_lapislazuli_ore":24,"deep_dark_regrowth:grimstone_2":26,"minecraft:moss_block":6,"minecraft:redstone_ore":31,"minecraft:andesite":78,"minecraft:vine":1,"cataclysm:abyssal_egg":1,"deep_dark_regrowth:rough_deepslate":2,"minecraft:smooth_sandstone":2,"minecraft:tall_grass":9,"minecraft:deepslate_gold_ore":141,"minecraft:diorite":10,"witherstormmod:tainted_flesh_block":3,"minecraft:spruce_log":11,"minecraft:birch_leaves":1,"deep_dark_regrowth:moonstone_crystal_block":54,"minecraft:gravel":8,"minecraft:dripstone_block":17,"deep_dark_regrowth:grimstone_iron_ore":29,"minecraft:gold_ore":29,"deep_dark_regrowth:phantasmal_sprouts":4,"minecraft:spruce_planks":14,"paraglider:rito_goddess_statue":2,"minecraft:brewing_stand":2,"minecraft:cave_vines_plant":2,"deep_dark_regrowth:grimstone_gold_ore":14,"minecraft:iron_ore":172,"create:asurine":7,"minecraft:pointed_dripstone":2,"minecraft:azalea":1,"minecraft:spruce_slab":2,"minecraft:deepslate_redstone_ore":58,"minecraft:polished_deepslate_stairs":2,"minecraft:clay":2,"minecraft:nether_quartz_ore":4,"minecraft:cobblestone":60,"minecraft:oak_planks":10,"minecraft:wall_torch":13,"minecraft:dark_oak_slab":5,"minecraft:nether_wart_block":1,"deep_dark_regrowth:grimstone":29,"minecraft:oak_log":31,"deep_dark_regrowth:grimstone_9":20,"minecraft:sand":5,"minecraft:dirt":7,"minecraft:netherrack":197,"minecraft:ancient_debris":2,"minecraft:oak_leaves":3,"minecraft:nether_gold_ore":1,"minecraft:diamond_ore":7,"minecraft:tuff":78,"deep_dark_regrowth:grimstone_7":12,"deep_dark_regrowth:grimstone_5":9,"minecraft:deepslate_diamond_ore":14,"minecraft:glow_lichen":1,"minecraft:spruce_leaves":1,"minecraft:large_fern":1,"minecraft:deepslate_brick_slab":3,"minecraft:oak_trapdoor":2,"minecraft:stripped_spruce_log":1,"minecraft:gold_block":2,"minecraft:bookshelf":18,"minecraft:deepslate_iron_ore":130,"minecraft:shroomlight":1,"deep_dark_regrowth:cobbled_grimstone":3,"minecraft:lantern":1,"deep_dark_regrowth:grimstone_3":41,"minecraft:stone":209,"minecraft:flowering_azalea":3,"minecraft:crafting_table":1,"deep_dark_regrowth:ghost_flowers":2,"minecraft:blackstone_slab":1,"minecraft:lectern":1,"minecraft:deepslate_coal_ore":10,"minecraft:lapis_ore":23,"minecraft:blue_bed":2,"minecraft:polished_blackstone_stairs":4,"minecraft:sweet_berry_bush":1,"minecraft:coal_ore":339,"paraglider:goddess_statue":6}},"DataVersion":3120}