{"stats":{"minecraft:picked_up":{"minecraft:crafting_table":1,"minecraft:clay_ball":11,"minecraft:leather_leggings":1,"minecraft:potion":153,"minecraft:moss_carpet":3,"minecraft:raw_copper":2,"minecraft:wooden_sword":1,"minecraft:armor_stand":2,"minecraft:gold_nugget":2,"minecraft:cobbled_deepslate":304,"minecraft:spruce_planks":14,"minecraft:written_book":1,"minecraft:spruce_slab":1,"minecraft:lectern":2,"minecraft:stick":22,"minecraft:raw_iron":22,"minecraft:big_dripleaf":9,"minecraft:torch":14,"minecraft:spruce_fence":1,"minecraft:pointed_dripstone":25,"minecraft:diorite":1,"minecraft:dark_oak_planks":2,"minecraft:arrow":3,"minecraft:honey_bottle":96,"minecraft:rotten_flesh":8,"create:asurine":7,"minecraft:snowball":205,"minecraft:cobblestone":137,"minecraft:andesite":14,"minecraft:tuff":70,"minecraft:oak_log":57,"minecraft:chainmail_chestplate":1,"minecraft:lapis_lazuli":45,"minecraft:blue_bed":2,"minecraft:dirt":6,"aquamirae:fin":2,"minecraft:bone":2,"minecraft:wheat_seeds":3,"minecraft:raw_gold":37,"minecraft:spore_blossom":1,"minecraft:glass_bottle":40,"minecraft:stone_hoe":1,"minecraft:book":39,"minecraft:dark_oak_slab":4,"minecraft:sand":2,"minecraft:stripped_spruce_log":1,"minecraft:spruce_sapling":11,"minecraft:ink_sac":1,"minecraft:spruce_log":53,"minecraft:spider_eye":1,"alexsmobs:animal_dictionary":1,"travelersbackpack:standard":1,"minecraft:diamond":2,"butchercraft:lamb_scraps":1,"minecraft:granite":4,"minecraft:emerald":4,"minecraft:chainmail_helmet":1,"minecraft:oak_sapling":12,"minecraft:coal":76},"minecraft:killed_by":{"mowziesmobs:naga":1,"minecraft:spider":1,"minecraft:zombie":1},"minecraft:custom":{"minecraft:interact_with_smithing_table":2,"minecraft:mob_kills":32,"minecraft:interact_with_anvil":2,"minecraft:interact_with_crafting_table":5,"minecraft:open_barrel":28,"minecraft:leave_game":10,"minecraft:time_since_death":20946,"minecraft:climb_one_cm":1301,"minecraft:sprint_one_cm":415806,"minecraft:walk_one_cm":147037,"minecraft:damage_blocked_by_shield":350,"minecraft:drop":64,"minecraft:play_time":141499,"minecraft:deaths":5,"minecraft:sneak_time":4419,"minecraft:walk_under_water_one_cm":20286,"minecraft:jump":3020,"minecraft:walk_on_water_one_cm":19863,"minecraft:total_world_time":141499,"tombstone:raider_killed":7,"minecraft:sleep_in_bed":2,"minecraft:time_since_rest":20036,"minecraft:damage_taken":2583,"minecraft:damage_dealt":6066,"minecraft:swim_one_cm":24070,"minecraft:fly_one_cm":1084641,"minecraft:open_chest":16,"minecraft:crouch_one_cm":7299,"tombstone:undead_killed":13,"minecraft:fall_one_cm":58155},"minecraft:dropped":{"minecraft:stone_hoe":1,"minecraft:iron_sword":1,"minecraft:wheat_seeds":1,"butchercraft:skinning_knife":1,"minecraft:cooked_beef":128,"butchercraft:gloves":1,"minecraft:glass_bottle":6,"butchercraft:apron":1,"butchercraft:gut_knife":1,"travelersbackpack:standard":4,"butchercraft:lamb_scraps":1,"minecraft:torch":297,"tombstone:grave_key":1,"butchercraft:paper_hat":1,"minecraft:potion":325,"minecraft:wooden_sword":1,"butchercraft:boots":1,"minecraft:iron_pickaxe":1,"butchercraft:bone_saw":1,"minecraft:armor_stand":1,"alexsmobs:animal_dictionary":2,"minecraft:rotten_flesh":2,"minecraft:honey_bottle":208,"butchercraft:butcher_knife":1,"minecraft:spruce_fence":1,"butchercraft:mask":1,"minecraft:leather_leggings":1,"minecraft:lectern":1},"minecraft:used":{"minecraft:spruce_planks":93,"minecraft:shield":6,"minecraft:iron_sword":95,"minecraft:torch":703,"minecraft:anvil":1,"minecraft:tuff":5,"minecraft:snowball":60,"cataclysm:infernal_forge":3,"minecraft:iron_axe":92,"minecraft:snow":51,"tombstone:gift":2,"minecraft:cooked_beef":26,"minecraft:cobbled_deepslate":1017,"minecraft:powder_snow_bucket":2,"minecraft:water_bucket":29,"minecraft:leather_leggings":1,"minecraft:snow_block":10,"minecraft:stone_pickaxe":128,"minecraft:wooden_pickaxe":8,"minecraft:blue_bed":1,"alexsmobs:spawn_egg_mimic_octopus":1,"minecraft:crafting_table":2,"minecraft:bread":3,"minecraft:iron_pickaxe":555,"minecraft:spore_blossom":1,"minecraft:deepslate":5,"minecraft:stone_axe":12,"minecraft:wooden_sword":2,"minecraft:potion":39,"minecraft:cobblestone":8,"travelersbackpack:standard":4,"minecraft:smithing_table":1,"minecraft:bucket":1,"alexsmobs:animal_dictionary":2},"minecraft:crafted":{"minecraft:oak_planks":112,"minecraft:stone_pickaxe":2,"minecraft:stone_hoe":1,"minecraft:crafting_table":2,"minecraft:spruce_planks":212,"minecraft:wooden_pickaxe":1,"minecraft:stone_axe":1,"minecraft:air":0,"minecraft:stick":144,"minecraft:wooden_axe":1,"minecraft:torch":196},"minecraft:killed":{"alexsmobs:mimic_octopus":1,"minecraft:vindicator":6,"minecraft:skeleton":7,"aquamirae:maw":1,"minecraft:creeper":4,"minecraft:pillager":1,"alexsmobs:flutter":1,"minecraft:zombie":7},"minecraft:broken":{"minecraft:iron_pickaxe":2},"minecraft:mined":{"minecraft:dark_oak_planks":2,"minecraft:tuff":69,"minecraft:spruce_planks":13,"minecraft:deepslate_diamond_ore":2,"minecraft:granite":4,"minecraft:spruce_fence":1,"minecraft:spruce_leaves":1,"minecraft:large_fern":1,"minecraft:iron_ore":15,"minecraft:fire":1,"minecraft:cobbled_deepslate":1,"minecraft:andesite":15,"minecraft:stripped_spruce_log":1,"minecraft:deepslate_lapis_ore":8,"create:asurine":7,"minecraft:bookshelf":13,"minecraft:cave_vines":1,"minecraft:deepslate_iron_ore":8,"minecraft:stone":137,"minecraft:spruce_slab":1,"minecraft:flowering_azalea":1,"minecraft:crafting_table":1,"minecraft:lectern":1,"minecraft:tall_grass":4,"minecraft:deepslate_gold_ore":37,"minecraft:diorite":1,"minecraft:blue_bed":2,"minecraft:wall_torch":7,"minecraft:dark_oak_slab":5,"minecraft:sweet_berry_bush":1,"minecraft:spruce_log":10,"minecraft:grass":6,"minecraft:coal_ore":77,"minecraft:oak_log":31,"minecraft:gravel":2,"minecraft:sand":2,"minecraft:dirt":6,"minecraft:oak_leaves":3,"minecraft:deepslate":300}},"DataVersion":3120}