{"stats":{"minecraft:picked_up":{"minecraft:crafting_table":1,"minecraft:flower_pot":1,"minecraft:clay_ball":107,"minecraft:leather_leggings":1,"minecraft:potion":153,"minecraft:brewing_stand":1,"create:copper_diving_boots":1,"minecraft:string":7,"minecraft:moss_carpet":19,"minecraft:raw_copper":2,"minecraft:iron_axe":1,"artifacts:power_glove":1,"minecraft:wooden_sword":1,"minecraft:iron_shovel":1,"deep_dark_regrowth:rough_deepslate":1,"minecraft:armor_stand":2,"minecraft:gold_nugget":2,"minecraft:cobbled_deepslate":369,"minecraft:spruce_planks":14,"minecraft:written_book":1,"minecraft:azalea":2,"minecraft:spruce_slab":1,"minecraft:lectern":2,"minecraft:dark_oak_door":1,"minecraft:stick":29,"minecraft:raw_iron":203,"minecraft:big_dripleaf":13,"minecraft:oak_fence":1,"minecraft:torch":44,"minecraft:spruce_fence":1,"tombstone:grave_dust":1,"create:copper_backtank":2,"minecraft:pointed_dripstone":71,"minecraft:diorite":1,"minecraft:redstone":300,"minecraft:dark_oak_planks":2,"artifacts:snorkel":2,"minecraft:arrow":10,"minecraft:honey_bottle":96,"minecraft:rotten_flesh":37,"create:asurine":7,"minecraft:deepslate_brick_stairs":3,"minecraft:obsidian":4,"minecraft:snowball":205,"minecraft:cobblestone":220,"minecraft:glow_ink_sac":3,"minecraft:andesite":72,"mowziesmobs:wrought_axe":1,"minecraft:flint":1,"minecraft:tuff":78,"minecraft:oak_log":57,"minecraft:chainmail_chestplate":1,"minecraft:magenta_bed":1,"deep_dark_regrowth:stone_tiles":2,"minecraft:lapis_lazuli":251,"minecraft:blue_bed":2,"minecraft:dirt":6,"minecraft:lantern":1,"aquamirae:fin":2,"minecraft:bone":8,"minecraft:bamboo":1,"minecraft:fletching_table":1,"minecraft:bow":2,"minecraft:wheat_seeds":8,"minecraft:raw_gold":128,"minecraft:spore_blossom":2,"minecraft:moss_block":6,"minecraft:oak_planks":11,"minecraft:glass_bottle":110,"minecraft:flowering_azalea":2,"minecraft:stone_hoe":1,"minecraft:book":54,"minecraft:smooth_basalt":1,"minecraft:dark_oak_slab":4,"minecraft:gravel":5,"minecraft:dripstone_block":5,"minecraft:sand":2,"mowziesmobs:wrought_helmet":1,"minecraft:stripped_spruce_log":1,"minecraft:spruce_sapling":11,"minecraft:ink_sac":1,"minecraft:spruce_log":53,"minecraft:barrel":2,"minecraft:trapped_chest":1,"minecraft:spider_eye":10,"alexsmobs:animal_dictionary":1,"create:copper_diving_helmet":1,"travelersbackpack:standard":1,"minecraft:slime_ball":3,"minecraft:diamond":17,"butchercraft:lamb_scraps":1,"minecraft:granite":5,"minecraft:emerald":8,"minecraft:chainmail_helmet":2,"minecraft:oak_sapling":15,"minecraft:coal":151},"minecraft:killed_by":{"mowziesmobs:naga":1,"minecraft:spider":1,"minecraft:zombie":1},"minecraft:custom":{"minecraft:interact_with_smithing_table":7,"minecraft:mob_kills":79,"minecraft:interact_with_anvil":14,"minecraft:interact_with_crafting_table":21,"minecraft:open_barrel":70,"minecraft:leave_game":10,"minecraft:time_since_death":242946,"minecraft:climb_one_cm":5751,"minecraft:sprint_one_cm":1117514,"minecraft:walk_one_cm":417004,"minecraft:damage_blocked_by_shield":610,"minecraft:drop":170,"minecraft:play_time":363499,"minecraft:deaths":5,"minecraft:sneak_time":9488,"minecraft:walk_under_water_one_cm":166751,"minecraft:jump":5805,"minecraft:interact_with_blast_furnace":2,"minecraft:walk_on_water_one_cm":61117,"minecraft:enchant_item":59,"minecraft:total_world_time":363499,"minecraft:interact_with_furnace":1,"spartanshields:shield_bash_hits":2,"tombstone:raider_killed":7,"minecraft:interact_with_cartography_table":2,"minecraft:interact_with_grindstone":5,"minecraft:sleep_in_bed":2,"minecraft:time_since_rest":242036,"minecraft:damage_taken":6154,"minecraft:trigger_trapped_chest":2,"minecraft:damage_dealt":15223,"minecraft:swim_one_cm":72724,"minecraft:fly_one_cm":1746710,"minecraft:open_chest":339,"minecraft:crouch_one_cm":17337,"tombstone:undead_killed":42,"minecraft:fall_one_cm":132305},"minecraft:dropped":{"minecraft:stone_hoe":1,"minecraft:iron_sword":1,"minecraft:moss_block":2,"minecraft:wheat_seeds":3,"butchercraft:skinning_knife":1,"minecraft:cooked_beef":128,"butchercraft:gloves":1,"minecraft:spore_blossom":1,"minecraft:glass_bottle":8,"minecraft:oak_fence":1,"butchercraft:apron":1,"minecraft:lantern":1,"minecraft:granite":4,"butchercraft:gut_knife":1,"butchercraft:meat_hook_item":65,"travelersbackpack:standard":4,"minecraft:coal":32,"minecraft:cod":14,"minecraft:flint":1,"butchercraft:lamb_scraps":1,"minecraft:dirt":1,"minecraft:deepslate_brick_stairs":3,"artifacts:snorkel":3,"minecraft:diorite":1,"minecraft:torch":298,"tombstone:grave_key":1,"butchercraft:paper_hat":1,"create:copper_backtank":1,"tombstone:grave_dust":1,"minecraft:potion":326,"minecraft:wooden_sword":1,"minecraft:sand":2,"butchercraft:boots":1,"minecraft:iron_pickaxe":1,"minecraft:string":5,"butchercraft:bone_saw":1,"minecraft:smooth_basalt":1,"minecraft:bone":5,"minecraft:armor_stand":2,"minecraft:gravel":5,"minecraft:moss_carpet":4,"minecraft:sugar_cane":10,"minecraft:cobbled_deepslate":8,"alexsmobs:animal_dictionary":2,"minecraft:tuff":5,"minecraft:pointed_dripstone":5,"minecraft:rotten_flesh":2,"minecraft:clay_ball":96,"create:asurine":7,"minecraft:honey_bottle":304,"butchercraft:butcher_knife":1,"minecraft:spruce_fence":1,"deep_dark_regrowth:rough_deepslate":1,"minecraft:big_dripleaf":4,"butchercraft:mask":1,"minecraft:spruce_trapdoor":1,"minecraft:andesite":69,"minecraft:oak_sapling":15,"minecraft:leather_leggings":1,"minecraft:spider_eye":3,"minecraft:slime_ball":3,"minecraft:wooden_pickaxe":1,"minecraft:arrow":4,"minecraft:bow":1,"minecraft:raw_gold":64,"minecraft:lectern":2,"minecraft:enchanted_book":36},"minecraft:used":{"minecraft:moss_block":32,"minecraft:moss_carpet":2,"minecraft:enchanting_table":1,"minecraft:spruce_slab":4,"minecraft:chest":73,"minecraft:spruce_planks":157,"minecraft:shield":15,"minecraft:iron_sword":99,"minecraft:torch":1143,"minecraft:anvil":7,"minecraft:spruce_stairs":45,"minecraft:tuff":20,"minecraft:granite":1,"minecraft:snowball":60,"minecraft:stripped_spruce_log":45,"minecraft:birch_door":1,"minecraft:glass":2,"minecraft:dark_oak_planks":298,"cataclysm:infernal_forge":3,"minecraft:flowering_azalea":1,"minecraft:lava_bucket":1,"minecraft:bookshelf":23,"minecraft:lantern":6,"minecraft:iron_axe":108,"minecraft:smooth_sandstone":24,"minecraft:dark_oak_slab":167,"minecraft:barrel":13,"minecraft:deepslate_diamond_ore":1,"minecraft:birch_trapdoor":3,"minecraft:snow":51,"tombstone:gift":2,"minecraft:cooked_beef":76,"minecraft:cobbled_deepslate":1250,"minecraft:powder_snow_bucket":2,"minecraft:dark_oak_stairs":9,"minecraft:water_bucket":3325,"minecraft:leather_leggings":1,"minecraft:cobblestone_stairs":50,"minecraft:sandstone_stairs":10,"minecraft:snow_block":10,"minecraft:stone_pickaxe":128,"minecraft:oak_planks":113,"minecraft:cartography_table":1,"minecraft:wooden_pickaxe":8,"minecraft:sandstone":27,"minecraft:cut_sandstone":26,"minecraft:clay":22,"minecraft:blue_bed":1,"minecraft:dark_oak_trapdoor":15,"alexsmobs:spawn_egg_mimic_octopus":1,"minecraft:crafting_table":3,"minecraft:blast_furnace":9,"minecraft:campfire":4,"minecraft:dripstone_block":53,"minecraft:smoker":9,"minecraft:dark_oak_door":4,"mowziesmobs:wrought_axe":1,"minecraft:diamond_pickaxe":689,"minecraft:mangrove_door":1,"minecraft:bread":3,"minecraft:iron_pickaxe":574,"minecraft:spore_blossom":1,"minecraft:spruce_trapdoor":17,"minecraft:deepslate":70,"minecraft:stone_axe":12,"minecraft:diamond_sword":128,"minecraft:wooden_sword":2,"minecraft:potion":110,"minecraft:cobblestone":179,"travelersbackpack:standard":4,"minecraft:grindstone":1,"minecraft:andesite":3,"minecraft:smithing_table":2,"minecraft:crimson_door":1,"minecraft:bucket":17,"alexsmobs:animal_dictionary":2,"minecraft:experience_bottle":2816,"minecraft:azalea":1},"minecraft:crafted":{"minecraft:oak_planks":228,"minecraft:bookshelf":17,"minecraft:stone_pickaxe":2,"minecraft:stone_hoe":1,"minecraft:diamond_sword":1,"minecraft:crafting_table":2,"minecraft:enchanting_table":1,"minecraft:spruce_planks":212,"minecraft:wooden_pickaxe":1,"minecraft:bucket":1,"minecraft:stone_axe":1,"minecraft:air":0,"minecraft:diamond_pickaxe":1,"minecraft:stick":172,"minecraft:wooden_axe":1,"minecraft:torch":460},"minecraft:killed":{"alexsmobs:mimic_octopus":1,"minecraft:cave_spider":6,"minecraft:spider":3,"minecraft:vindicator":6,"minecraft:slime":3,"minecraft:skeleton":18,"mowziesmobs:ferrous_wroughtnaut":1,"artifacts:mimic":2,"aquamirae:maw":1,"minecraft:zombie_villager":1,"minecraft:creeper":5,"minecraft:pillager":1,"alexsmobs:flutter":2,"minecraft:zombie":24},"minecraft:broken":{"minecraft:iron_pickaxe":2},"minecraft:mined":{"minecraft:dark_oak_planks":2,"minecraft:diamond_ore":7,"minecraft:tuff":78,"minecraft:spruce_planks":13,"minecraft:deepslate_diamond_ore":10,"minecraft:brewing_stand":1,"minecraft:obsidian":5,"minecraft:cave_vines_plant":2,"minecraft:glow_lichen":1,"minecraft:granite":5,"minecraft:spruce_fence":1,"minecraft:deepslate_tile_stairs":1,"minecraft:spruce_leaves":1,"minecraft:moss_block":6,"minecraft:large_fern":1,"minecraft:redstone_ore":31,"minecraft:iron_ore":96,"minecraft:fire":9,"minecraft:cobbled_deepslate":2,"minecraft:andesite":75,"minecraft:stripped_spruce_log":1,"minecraft:deepslate_lapis_ore":31,"minecraft:pointed_dripstone":2,"create:asurine":7,"minecraft:vine":1,"minecraft:bookshelf":18,"minecraft:cave_vines":2,"minecraft:deepslate_iron_ore":101,"minecraft:lantern":1,"minecraft:deepslate_brick_stairs":3,"minecraft:azalea":1,"minecraft:stone":173,"minecraft:spruce_slab":1,"deep_dark_regrowth:rough_deepslate":1,"minecraft:deepslate_redstone_ore":36,"minecraft:flowering_azalea":2,"minecraft:clay":2,"minecraft:crafting_table":1,"minecraft:torch":4,"minecraft:lectern":1,"minecraft:cobblestone":48,"minecraft:tall_grass":7,"minecraft:deepslate_coal_ore":10,"minecraft:lapis_ore":3,"minecraft:deepslate_gold_ore":121,"minecraft:oak_planks":10,"minecraft:diorite":3,"minecraft:blue_bed":2,"minecraft:wall_torch":11,"deep_dark_regrowth:stone_tiles":3,"minecraft:dark_oak_slab":5,"minecraft:sweet_berry_bush":1,"minecraft:magenta_bed":1,"minecraft:spruce_log":10,"minecraft:grass":10,"minecraft:coal_ore":126,"minecraft:oak_log":31,"minecraft:dripstone_block":7,"minecraft:gravel":8,"minecraft:sand":2,"minecraft:dirt":6,"minecraft:smooth_basalt":1,"minecraft:gold_ore":8,"minecraft:oak_leaves":3,"minecraft:deepslate":368}},"DataVersion":3120}