{"stats":{"minecraft:custom":{"minecraft:interact_with_smithing_table":1,"minecraft:mob_kills":44,"minecraft:interact_with_anvil":2,"minecraft:interact_with_crafting_table":17,"minecraft:open_barrel":14,"minecraft:leave_game":1,"minecraft:time_since_death":103977,"minecraft:climb_one_cm":574,"minecraft:sprint_one_cm":241231,"minecraft:walk_one_cm":165169,"minecraft:damage_blocked_by_shield":630,"minecraft:drop":59,"minecraft:play_time":103977,"minecraft:sneak_time":7487,"minecraft:walk_under_water_one_cm":2164,"minecraft:jump":2578,"minecraft:walk_on_water_one_cm":17209,"minecraft:total_world_time":103977,"minecraft:interact_with_furnace":23,"minecraft:interact_with_stonecutter":1,"minecraft:sleep_in_bed":1,"minecraft:time_since_rest":78334,"minecraft:damage_taken":2324,"minecraft:trigger_trapped_chest":2,"minecraft:damage_dealt":8795,"minecraft:fly_one_cm":691917,"minecraft:swim_one_cm":1687,"minecraft:open_chest":7,"minecraft:crouch_one_cm":16523,"minecraft:fall_one_cm":73277},"minecraft:used":{"minecraft:stone_sword":2,"minecraft:spruce_planks":106,"minecraft:shield":27,"minecraft:torch":166,"minecraft:dirt":2,"minecraft:wooden_axe":3,"minecraft:chipped_anvil":1,"minecraft:iron_axe":101,"minecraft:furnace":7,"minecraft:cobbled_deepslate":59,"minecraft:water_bucket":6,"minecraft:stone_pickaxe":51,"minecraft:wooden_pickaxe":10,"minecraft:diamond_axe":36,"minecraft:crafting_table":11,"minecraft:crossbow":1,"minecraft:diamond_pickaxe":28,"minecraft:bread":55,"minecraft:iron_pickaxe":460,"minecraft:spruce_sapling":1,"minecraft:wooden_sword":5,"minecraft:cobblestone":23,"minecraft:potion":53,"travelersbackpack:standard":6,"minecraft:smithing_table":1,"minecraft:bucket":7,"minecraft:coarse_dirt":2,"minecraft:experience_bottle":1},"minecraft:mined":{"create:zinc_ore":4,"minecraft:spruce_planks":1,"minecraft:deepslate_diamond_ore":4,"minecraft:obsidian":4,"minecraft:potted_dead_bush":1,"minecraft:coal_block":17,"minecraft:spruce_leaves":3,"minecraft:gilded_blackstone":35,"minecraft:large_fern":1,"minecraft:magma_block":9,"minecraft:furnace":1,"minecraft:iron_ore":33,"minecraft:cobbled_deepslate":6,"minecraft:andesite":1,"minecraft:moss_carpet":1,"minecraft:deepslate_lapis_ore":14,"minecraft:vine":1,"minecraft:cave_vines":1,"minecraft:deepslate_iron_ore":37,"immersiveengineering:ore_lead":9,"minecraft:stone":96,"ad_astra:sky_stone":4,"immersiveengineering:ore_aluminum":4,"minecraft:deepslate_redstone_ore":1,"minecraft:basalt":3,"minecraft:crafting_table":7,"minecraft:torch":1,"minecraft:tall_grass":3,"minecraft:cobblestone":3,"minecraft:lapis_ore":8,"minecraft:deepslate_gold_ore":56,"minecraft:wall_torch":1,"minecraft:coarse_dirt":2,"minecraft:spruce_log":7,"minecraft:grass":1,"minecraft:coal_ore":80,"minecraft:dirt":2,"minecraft:gold_ore":3,"minecraft:chipped_anvil":2,"pots_and_mimics:treasure_pot":18,"minecraft:deepslate":92,"minecraft:fern":1},"minecraft:broken":{"minecraft:iron_pickaxe":1,"minecraft:wooden_axe":6},"minecraft:crafted":{"minecraft:furnace":2,"minecraft:iron_boots":1,"minecraft:iron_axe":1,"minecraft:stone_pickaxe":1,"minecraft:crafting_table":4,"minecraft:enchanting_table":1,"minecraft:spruce_planks":240,"minecraft:wooden_pickaxe":1,"minecraft:iron_helmet":1,"minecraft:bucket":1,"minecraft:stone_axe":1,"minecraft:air":0,"minecraft:iron_chestplate":1,"minecraft:diamond_pickaxe":1,"minecraft:stick":132,"minecraft:iron_ingot":37,"minecraft:iron_pickaxe":2,"minecraft:wooden_axe":6,"minecraft:stone_sword":1,"minecraft:iron_leggings":1,"minecraft:gold_ingot":10,"minecraft:torch":184},"minecraft:killed":{"irons_spellbooks:summoned_zombie":4,"pots_and_mimics:pot_crab":1,"minecraft:spider":5,"minecraft:skeleton":4,"minecraft:silverfish":2,"minecraft:zombie_villager":2,"irons_spellbooks:necromancer":1,"minecraft:pillager":6,"minecraft:zombie":14,"pots_and_mimics:poison_pot_crab":1,"minecraft:stray":1},"minecraft:dropped":{"minecraft:iron_ingot":5,"minecraft:bread":140,"minecraft:glass_bottle":15,"minecraft:cobblestone":7,"minecraft:tropical_fish":2,"travelersbackpack:standard":3,"minecraft:dirt":1,"artifacts:snorkel":2,"minecraft:torch":1,"minecraft:potion":1408,"minecraft:wooden_sword":1,"minecraft:gilded_blackstone":31,"tconstruct:sky_slime_ball":1,"minecraft:iron_pickaxe":1,"minecraft:chainmail_leggings":1,"minecraft:string":3,"irons_spellbooks:frozen_bone":1,"minecraft:stone_axe":1,"minecraft:stone_sword":1,"minecraft:cobbled_deepslate":9,"minecraft:raw_iron":4,"minecraft:rotten_flesh":1,"minecraft:potato":1,"minecraft:spruce_log":192,"minecraft:arrow":1,"minecraft:bow":1,"minecraft:wooden_pickaxe":1,"minecraft:stone_pickaxe":1,"immersiveengineering:seed":1},"minecraft:picked_up":{"irons_spellbooks:scroll":1,"minecraft:crafting_table":8,"minecraft:coarse_dirt":3,"minecraft:flower_pot":1,"minecraft:potion":191,"minecraft:enchanted_book":5,"minecraft:gilded_blackstone":31,"ad_astra:sky_stone":3,"minecraft:string":11,"minecraft:moss_carpet":5,"minecraft:raw_copper":5,"irons_spellbooks:arcane_essence":2,"immersiveengineering:raw_lead":9,"minecraft:gold_nugget":16,"minecraft:cobbled_deepslate":100,"minecraft:spruce_planks":3,"minecraft:coal_block":17,"minecraft:sugar_cane":2,"minecraft:furnace":1,"minecraft:tipped_arrow":1,"minecraft:raw_iron":81,"minecraft:stick":17,"minecraft:torch":2,"tconstruct:sky_slime_ball":1,"minecraft:arrow":4,"minecraft:rotten_flesh":17,"minecraft:tropical_fish":3,"minecraft:obsidian":4,"minecraft:cobblestone":98,"minecraft:magma_block":8,"minecraft:basalt":6,"minecraft:andesite":1,"create:raw_zinc":4,"minecraft:gunpowder":3,"minecraft:lapis_lazuli":150,"minecraft:dirt":3,"minecraft:leather_boots":1,"butchercraft:salt_bunny_ears":1,"minecraft:bone":4,"minecraft:chipped_anvil":2,"minecraft:apple":2,"minecraft:bow":1,"minecraft:wheat_seeds":3,"minecraft:raw_gold":63,"minecraft:iron_ingot":5,"minecraft:glass_bottle":55,"minecraft:moss_block":11,"irons_spellbooks:frozen_bone":1,"immersiveengineering:raw_aluminum":4,"minecraft:spruce_sapling":12,"minecraft:spruce_log":570,"minecraft:dead_bush":1,"minecraft:spider_eye":1,"travelersbackpack:standard":1,"immersiveengineering:seed":1,"minecraft:diamond":4,"waystones:waystone":1,"butchercraft:lamb_scraps":4,"minecraft:coal":90}},"DataVersion":3120}