{"stats":{"minecraft:mined":{"minecraft:iron_ore":1,"minecraft:spruce_log":10,"minecraft:stripped_spruce_log":1,"minecraft:grass":1,"minecraft:coal_ore":46,"minecraft:dirt":5,"minecraft:spruce_leaves":1,"minecraft:stone":36},"minecraft:crafted":{"minecraft:crafting_table":1,"minecraft:spruce_planks":212,"minecraft:stick":48,"minecraft:wooden_pickaxe":1,"minecraft:stone_pickaxe":1,"minecraft:wooden_axe":1,"minecraft:torch":40,"minecraft:stone_hoe":1,"minecraft:stone_axe":1},"minecraft:custom":{"minecraft:time_since_rest":4271,"minecraft:sprint_one_cm":129463,"minecraft:damage_taken":978,"minecraft:walk_one_cm":55234,"minecraft:interact_with_anvil":1,"minecraft:mob_kills":2,"minecraft:drop":16,"minecraft:damage_dealt":523,"minecraft:interact_with_crafting_table":4,"minecraft:fly_one_cm":276563,"minecraft:crouch_one_cm":1145,"minecraft:play_time":38779,"minecraft:deaths":3,"minecraft:sneak_time":550,"minecraft:jump":1016,"minecraft:walk_on_water_one_cm":208,"minecraft:leave_game":6,"minecraft:time_since_death":6670,"minecraft:total_world_time":38779,"minecraft:fall_one_cm":15601},"minecraft:dropped":{"minecraft:stone_hoe":1,"minecraft:iron_sword":1,"minecraft:cooked_beef":64,"alexsmobs:animal_dictionary":1,"tombstone:grave_key":1,"minecraft:potion":260,"minecraft:rotten_flesh":2,"minecraft:iron_pickaxe":1},"minecraft:picked_up":{"minecraft:stick":7,"minecraft:raw_iron":1,"minecraft:stripped_spruce_log":1,"minecraft:spruce_sapling":11,"minecraft:ink_sac":1,"minecraft:spruce_log":53,"minecraft:dirt":5,"alexsmobs:animal_dictionary":1,"minecraft:rotten_flesh":4,"butchercraft:lamb_scraps":1,"minecraft:stone_hoe":1,"minecraft:coal":45,"minecraft:snowball":205,"minecraft:cobblestone":36},"minecraft:used":{"cataclysm:infernal_forge":3,"minecraft:snow_block":10,"minecraft:stone_pickaxe":75,"minecraft:bread":3,"minecraft:wooden_pickaxe":8,"minecraft:stone_axe":12,"minecraft:torch":19,"minecraft:wooden_sword":2,"minecraft:anvil":1,"minecraft:cobblestone":8,"minecraft:snow":51,"alexsmobs:spawn_egg_mimic_octopus":1,"minecraft:crafting_table":1,"alexsmobs:animal_dictionary":2,"tombstone:gift":2,"minecraft:snowball":60,"minecraft:powder_snow_bucket":2},"minecraft:killed":{"alexsmobs:mimic_octopus":1,"minecraft:zombie":1},"minecraft:killed_by":{"mowziesmobs:naga":1,"minecraft:spider":1}},"DataVersion":3120}