{"stats":{"minecraft:mined":{"minecraft:spruce_log":10,"minecraft:stripped_spruce_log":1,"minecraft:grass":1,"minecraft:coal_ore":25,"minecraft:dirt":5,"minecraft:spruce_leaves":1,"minecraft:stone":31},"minecraft:crafted":{"minecraft:crafting_table":1,"minecraft:spruce_planks":212,"minecraft:stick":48,"minecraft:wooden_pickaxe":1,"minecraft:stone_pickaxe":1,"minecraft:wooden_axe":1,"minecraft:torch":40,"minecraft:stone_hoe":1,"minecraft:stone_axe":1},"minecraft:custom":{"minecraft:time_since_rest":19850,"minecraft:sprint_one_cm":94316,"minecraft:damage_taken":560,"minecraft:walk_one_cm":40397,"minecraft:mob_kills":2,"minecraft:drop":5,"minecraft:damage_dealt":425,"minecraft:interact_with_crafting_table":4,"minecraft:fly_one_cm":214652,"minecraft:crouch_one_cm":937,"minecraft:play_time":27330,"minecraft:deaths":2,"minecraft:sneak_time":385,"minecraft:jump":778,"minecraft:leave_game":5,"minecraft:time_since_death":21358,"minecraft:total_world_time":27330,"minecraft:fall_one_cm":10344},"minecraft:dropped":{"minecraft:stone_hoe":1,"alexsmobs:animal_dictionary":1,"tombstone:grave_key":1,"minecraft:rotten_flesh":2},"minecraft:picked_up":{"minecraft:stick":7,"minecraft:stripped_spruce_log":1,"minecraft:spruce_sapling":11,"minecraft:ink_sac":1,"minecraft:spruce_log":53,"alexsmobs:animal_dictionary":1,"minecraft:dirt":5,"minecraft:rotten_flesh":4,"minecraft:stone_hoe":1,"minecraft:coal":25,"minecraft:snowball":205,"minecraft:cobblestone":31},"minecraft:used":{"cataclysm:infernal_forge":3,"minecraft:snow_block":10,"minecraft:bread":2,"minecraft:stone_pickaxe":48,"minecraft:wooden_pickaxe":8,"minecraft:stone_axe":12,"minecraft:torch":8,"minecraft:cobblestone":7,"minecraft:snow":51,"alexsmobs:spawn_egg_mimic_octopus":1,"minecraft:crafting_table":1,"tombstone:gift":2,"alexsmobs:animal_dictionary":2,"minecraft:snowball":60,"minecraft:powder_snow_bucket":2},"minecraft:killed_by":{"minecraft:spider":1},"minecraft:killed":{"alexsmobs:mimic_octopus":1,"minecraft:zombie":1}},"DataVersion":3120}