{
  "immersiveengineering:recipes/immersiveengineering/crafting/alu_wallmount": {
    "criteria": {
      "has_aluminum_ingot": "2024-07-08 23:58:04 +0000"
    },
    "done": true
  },
  "minecraft:recipes/tools/fishing_rod": {
    "criteria": {
      "has_string": "2024-07-08 23:44:08 +0000"
    },
    "done": true
  },
  "minecraft:recipes/decorations/smoker": {
    "criteria": {
      "has_furnace": "2024-07-08 23:54:27 +0000"
    },
    "done": true
  },
  "create:recipes/create.base/crafting/kinetics/clutch": {
    "criteria": {
      "has_item": "2024-07-08 23:57:16 +0000"
    },
    "done": true
  },
  "create:recipes/create.base/blasting/zinc_ingot_from_raw_ore": {
    "criteria": {
      "has_item": "2024-07-08 23:54:57 +0000"
    },
    "done": true
  },
  "immersiveengineering:recipes/immersiveengineering/crafting/storage_aluminum_to_ingot_aluminum": {
    "criteria": {
      "has_storage_aluminum": "2024-07-08 23:58:04 +0000"
    },
    "done": true
  },
  "minecraft:recipes/redstone/lever": {
    "criteria": {
      "has_cobblestone": "2024-07-08 23:15:17 +0000"
    },
    "done": true
  },
  "tconstruct:recipes/tconstruct/world/world/wood/skyroot/pressure_plate": {
    "criteria": {
      "has_planks": "2024-07-08 23:35:11 +0000"
    },
    "done": true
  },
  "minecraft:recipes/building_blocks/cobblestone_stairs_from_cobblestone_stonecutting": {
    "criteria": {
      "has_cobblestone": "2024-07-08 23:15:17 +0000"
    },
    "done": true
  },
  "create:recipes/create.base/crafting/kinetics/mechanical_bearing": {
    "criteria": {
      "has_item": "2024-07-08 23:57:16 +0000"
    },
    "done": true
  },
  "minecraft:recipes/combat/iron_sword": {
    "criteria": {
      "has_iron_ingot": "2024-07-08 23:53:10 +0000"
    },
    "done": true
  },
  "create:recipes/create.palettes/cut_andesite_slab_from_stone_types_andesite_stonecutting": {
    "criteria": {
      "has_stone_types_andesite": "2024-07-08 23:55:07 +0000"
    },
    "done": true
  },
  "tconstruct:recipes/tconstruct/world/world/wood/skyroot/trapdoor": {
    "criteria": {
      "has_planks": "2024-07-08 23:35:11 +0000"
    },
    "done": true
  },
  "tconstruct:recipes/tconstruct/world/world/wood/skyroot/stairs": {
    "criteria": {
      "has_planks": "2024-07-08 23:35:11 +0000"
    },
    "done": true
  },
  "tconstruct:tools/materials_and_you": {
    "criteria": {
      "crafted_book": "2024-07-08 23:02:02 +0000"
    },
    "done": true
  },
  "minecraft:recipes/redstone/spruce_door": {
    "criteria": {
      "has_planks": "2024-07-08 23:14:13 +0000"
    },
    "done": true
  },
  "tconstruct:internal/starting_book": {
    "criteria": {
      "tick": "2024-07-08 23:02:02 +0000"
    },
    "done": true
  },
  "minecraft:recipes/building_blocks/polished_andesite_stairs_from_andesite_stonecutting": {
    "criteria": {
      "has_andesite": "2024-07-08 23:55:07 +0000"
    },
    "done": true
  },
  "create:recipes/create.base/crafting/kinetics/gantry_carriage": {
    "criteria": {
      "has_item": "2024-07-08 23:57:16 +0000"
    },
    "done": true
  },
  "create:recipes/create.base/crafting/kinetics/gearshift": {
    "criteria": {
      "has_item": "2024-07-08 23:57:16 +0000"
    },
    "done": true
  },
  "immersiveengineering:recipes/immersiveengineering/crafting/shield": {
    "criteria": {
      "has_shield": "2024-07-08 23:03:09 +0000"
    },
    "done": true
  },
  "minecraft:recipes/tools/iron_pickaxe": {
    "criteria": {
      "has_iron_ingot": "2024-07-08 23:53:10 +0000"
    },
    "done": true
  },
  "butchercraft:recipes/butchercraft.items/gut_knife": {
    "criteria": {
      "has_iron": "2024-07-08 23:53:10 +0000"
    },
    "done": true
  },
  "minecraft:recipes/redstone/spruce_fence_gate": {
    "criteria": {
      "has_planks": "2024-07-08 23:14:13 +0000"
    },
    "done": true
  },
  "minecraft:recipes/decorations/crafting_table": {
    "criteria": {
      "has_planks": "2024-07-08 23:14:13 +0000"
    },
    "done": true
  },
  "minecraft:recipes/decorations/campfire": {
    "criteria": {
      "has_stick": "2024-07-08 23:14:21 +0000"
    },
    "done": true
  },
  "minecraft:recipes/decorations/candle": {
    "criteria": {
      "has_string": "2024-07-08 23:44:08 +0000"
    },
    "done": true
  },
  "create:recipes/create.base/crafting/kinetics/mechanical_piston": {
    "criteria": {
      "has_item": "2024-07-08 23:57:16 +0000"
    },
    "done": true
  },
  "minecraft:recipes/decorations/ladder": {
    "criteria": {
      "has_stick": "2024-07-08 23:14:21 +0000"
    },
    "done": true
  },
  "minecraft:recipes/misc/iron_nugget": {
    "criteria": {
      "has_iron_ingot": "2024-07-08 23:53:10 +0000"
    },
    "done": true
  },
  "minecraft:recipes/building_blocks/dark_oak_slab": {
    "criteria": {
      "has_planks": "2024-07-08 23:50:22 +0000"
    },
    "done": true
  },
  "minecraft:recipes/decorations/chest": {
    "criteria": {
      "has_lots_of_items": "2024-07-08 23:12:09 +0000"
    },
    "done": true
  },
  "immersiveengineering:recipes/immersiveengineering/crafting/stick_iron": {
    "criteria": {
      "has_iron_ingot": "2024-07-08 23:53:10 +0000"
    },
    "done": true
  },
  "minecraft:recipes/decorations/black_bed_from_white_bed": {
    "criteria": {
      "has_bed": "2024-07-08 23:57:23 +0000"
    },
    "done": true
  },
  "minecraft:recipes/transportation/mangrove_boat": {
    "criteria": {
      "in_water": "2024-07-08 23:31:33 +0000"
    },
    "done": true
  },
  "minecraft:recipes/redstone/spruce_button": {
    "criteria": {
      "has_planks": "2024-07-08 23:14:13 +0000"
    },
    "done": true
  },
  "travelersbackpack:recipes/travelersbackpack/wolf": {
    "criteria": {
      "has_bone": "2024-07-08 23:44:39 +0000"
    },
    "done": true
  },
  "minecraft:recipes/tools/wooden_shovel": {
    "criteria": {
      "has_stick": "2024-07-08 23:14:21 +0000"
    },
    "done": true
  },
  "immersiveengineering:recipes/decorations/crafting/torch": {
    "criteria": {
      "has_stick": "2024-07-08 23:14:21 +0000"
    },
    "done": true
  },
  "minecraft:recipes/decorations/torch": {
    "criteria": {
      "has_stone_pickaxe": "2024-07-08 23:51:55 +0000"
    },
    "done": true
  },
  "travelersbackpack:recipes/travelersbackpack/spider": {
    "criteria": {
      "has_string": "2024-07-08 23:44:08 +0000"
    },
    "done": true
  },
  "create:recipes/create.palettes/industrial_iron_block_from_ingots_iron_stonecutting": {
    "criteria": {
      "has_ingots_iron": "2024-07-08 23:53:10 +0000"
    },
    "done": true
  },
  "create:recipes/create.base/crafting/kinetics/weighted_ejector": {
    "criteria": {
      "has_item": "2024-07-08 23:57:16 +0000"
    },
    "done": true
  },
  "minecraft:recipes/redstone/dark_oak_button": {
    "criteria": {
      "has_planks": "2024-07-08 23:50:22 +0000"
    },
    "done": true
  },
  "create:recipes/create.base/crafting/kinetics/analog_lever": {
    "criteria": {
      "has_item": "2024-07-08 23:56:43 +0000"
    },
    "done": true
  },
  "minecraft:recipes/tools/shears": {
    "criteria": {
      "has_iron_ingot": "2024-07-08 23:53:10 +0000"
    },
    "done": true
  },
  "minecraft:recipes/misc/stick": {
    "criteria": {
      "has_planks": "2024-07-08 23:14:13 +0000"
    },
    "done": true
  },
  "minecraft:recipes/transportation/spruce_boat": {
    "criteria": {
      "in_water": "2024-07-08 23:31:33 +0000"
    },
    "done": true
  },
  "create:recipes/create.base/crafting/kinetics/sticky_mechanical_piston": {
    "criteria": {
      "has_item": "2024-07-08 23:56:43 +0000"
    },
    "done": true
  },
  "create:recipes/create.base/crafting/kinetics/mechanical_plough": {
    "criteria": {
      "has_item": "2024-07-08 23:57:16 +0000"
    },
    "done": true
  },
  "butchercraft:recipes/butchercraft.items/boots": {
    "criteria": {
      "has_boots": "2024-07-08 23:03:09 +0000"
    },
    "done": true
  },
  "immersiveengineering:recipes/immersiveengineering/crafting/metal_ladder_none": {
    "criteria": {
      "has_metal_rod": "2024-07-08 23:58:03 +0000"
    },
    "done": true
  },
  "minecraft:recipes/building_blocks/dark_oak_planks": {
    "criteria": {
      "has_log": "2024-07-08 23:49:22 +0000"
    },
    "done": true
  },
  "tconstruct:recipes/tconstruct/world/world/wood/skyroot/slab": {
    "criteria": {
      "has_planks": "2024-07-08 23:35:11 +0000"
    },
    "done": true
  },
  "minecraft:recipes/combat/iron_leggings": {
    "criteria": {
      "has_iron_ingot": "2024-07-08 23:53:10 +0000"
    },
    "done": true
  },
  "create:recipes/create.palettes/ornate_iron_window": {
    "criteria": {
      "has_ingredient": "2024-07-08 23:56:37 +0000"
    },
    "done": true
  },
  "minecraft:recipes/redstone/dark_oak_door": {
    "criteria": {
      "has_planks": "2024-07-08 23:50:22 +0000"
    },
    "done": true
  },
  "minecraft:husbandry/balanced_diet": {
    "criteria": {
      "bread": "2024-07-08 23:30:47 +0000"
    },
    "done": false
  },
  "minecraft:recipes/tools/wooden_hoe": {
    "criteria": {
      "has_stick": "2024-07-08 23:14:21 +0000"
    },
    "done": true
  },
  "minecraft:recipes/combat/shield": {
    "criteria": {
      "has_iron_ingot": "2024-07-08 23:53:10 +0000"
    },
    "done": true
  },
  "minecraft:recipes/building_blocks/cobblestone_slab": {
    "criteria": {
      "has_cobblestone": "2024-07-08 23:15:17 +0000"
    },
    "done": true
  },
  "immersiveengineering:recipes/immersiveengineering/crafting/voltmeter": {
    "criteria": {
      "has_treated_sticks": "2024-07-08 23:58:09 +0000"
    },
    "done": true
  },
  "create:recipes/create.base/crafting/kinetics/metal_bracket": {
    "criteria": {
      "has_item": "2024-07-08 23:56:43 +0000"
    },
    "done": true
  },
  "travelersbackpack:recipes/travelersbackpack/iron_tier_upgrade": {
    "criteria": {
      "has_iron_ingot": "2024-07-08 23:53:10 +0000"
    },
    "done": true
  },
  "minecraft:recipes/misc/bucket": {
    "criteria": {
      "has_iron_ingot": "2024-07-08 23:53:10 +0000"
    },
    "done": true
  },
  "create:recipes/create.palettes/andesite_bars_from_andesite_alloy_stonecutting": {
    "criteria": {
      "has_andesite_alloy": "2024-07-08 23:56:43 +0000"
    },
    "done": true
  },
  "tconstruct:recipes/tools/common/slime/lead": {
    "criteria": {
      "has_slime_ball": "2024-07-08 23:34:01 +0000"
    },
    "done": true
  },
  "minecraft:recipes/building_blocks/cobblestone_stairs": {
    "criteria": {
      "has_cobblestone": "2024-07-08 23:15:17 +0000"
    },
    "done": true
  },
  "minecraft:recipes/redstone/hopper": {
    "criteria": {
      "has_iron_ingot": "2024-07-08 23:53:10 +0000"
    },
    "done": true
  },
  "butchercraft:recipes/butchercraft.items/grinder_tip": {
    "criteria": {
      "has_iron": "2024-07-08 23:53:10 +0000"
    },
    "done": true
  },
  "minecraft:recipes/decorations/yellow_bed_from_white_bed": {
    "criteria": {
      "has_bed": "2024-07-08 23:57:23 +0000"
    },
    "done": true
  },
  "create:recipes/building_blocks/andesite_from_stone_types_andesite_stonecutting": {
    "criteria": {
      "has_stone_types_andesite": "2024-07-08 23:55:07 +0000"
    },
    "done": true
  },
  "tconstruct:recipes/tconstruct/world/world/wood/skyroot/button": {
    "criteria": {
      "has_planks": "2024-07-08 23:35:11 +0000"
    },
    "done": true
  },
  "immersiveengineering:recipes/immersiveengineering/crafting/alu_fence": {
    "criteria": {
      "has_alu_ingot": "2024-07-08 23:58:04 +0000"
    },
    "done": true
  },
  "create:recipes/create.base/crafting/kinetics/basin": {
    "criteria": {
      "has_item": "2024-07-08 23:56:43 +0000"
    },
    "done": true
  },
  "immersiveengineering:recipes/immersiveengineering/crafting/earmuffs": {
    "criteria": {
      "has_iron_rod": "2024-07-08 23:58:03 +0000"
    },
    "done": true
  },
  "create:recipes/create.palettes/layered_andesite_from_stone_types_andesite_stonecutting": {
    "criteria": {
      "has_stone_types_andesite": "2024-07-08 23:55:07 +0000"
    },
    "done": true
  },
  "create:recipes/create.palettes/andesite_ladder_from_andesite_alloy_stonecutting": {
    "criteria": {
      "has_andesite_alloy": "2024-07-08 23:56:43 +0000"
    },
    "done": true
  },
  "create:recipes/create.base/crafting/kinetics/mechanical_mixer": {
    "criteria": {
      "has_item": "2024-07-08 23:56:43 +0000"
    },
    "done": true
  },
  "immersiveengineering:recipes/immersiveengineering/crafting/wooden_grip": {
    "criteria": {
      "has_treated_sticks": "2024-07-08 23:58:09 +0000"
    },
    "done": true
  },
  "create:recipes/create.base/crafting/kinetics/mechanical_saw": {
    "criteria": {
      "has_item": "2024-07-08 23:57:16 +0000"
    },
    "done": true
  },
  "tconstruct:recipes/tconstruct/world/common/slime/earth/crystal_growing": {
    "criteria": {
      "has_dirt": "2024-07-08 23:36:35 +0000"
    },
    "done": true
  },
  "minecraft:recipes/combat/iron_helmet": {
    "criteria": {
      "has_iron_ingot": "2024-07-08 23:53:10 +0000"
    },
    "done": true
  },
  "minecraft:recipes/combat/bow": {
    "criteria": {
      "has_string": "2024-07-08 23:44:08 +0000"
    },
    "done": true
  },
  "minecraft:recipes/building_blocks/smooth_basalt": {
    "criteria": {
      "has_basalt": "2024-07-08 23:49:43 +0000"
    },
    "done": true
  },
  "create:recipes/create.palettes/cut_andesite_bricks_from_stone_types_andesite_stonecutting": {
    "criteria": {
      "has_stone_types_andesite": "2024-07-08 23:55:07 +0000"
    },
    "done": true
  },
  "minecraft:recipes/decorations/magenta_bed_from_white_bed": {
    "criteria": {
      "has_bed": "2024-07-08 23:57:23 +0000"
    },
    "done": true
  },
  "minecraft:recipes/building_blocks/andesite_stairs_from_andesite_stonecutting": {
    "criteria": {
      "has_andesite": "2024-07-08 23:55:07 +0000"
    },
    "done": true
  },
  "minecraft:recipes/decorations/iron_bars": {
    "criteria": {
      "has_iron_ingot": "2024-07-08 23:53:10 +0000"
    },
    "done": true
  },
  "immersiveengineering:recipes/immersiveengineering/crafting/hammer": {
    "criteria": {
      "has_iron_ingot": "2024-07-08 23:53:10 +0000"
    },
    "done": true
  },
  "minecraft:recipes/decorations/orange_bed_from_white_bed": {
    "criteria": {
      "has_bed": "2024-07-08 23:57:23 +0000"
    },
    "done": true
  },
  "create:recipes/create.base/crafting/kinetics/gantry_shaft": {
    "criteria": {
      "has_item": "2024-07-08 23:56:43 +0000"
    },
    "done": true
  },
  "immersiveengineering:recipes/immersiveengineering/crafting/coil_mv": {
    "criteria": {
      "has_iron_ingot": "2024-07-08 23:53:10 +0000"
    },
    "done": true
  },
  "travelersbackpack:recipes/travelersbackpack/skeleton": {
    "criteria": {
      "has_arrow": "2024-07-08 23:44:39 +0000"
    },
    "done": true
  },
  "create:recipes/create.base/crafting/kinetics/rope_pulley": {
    "criteria": {
      "has_item": "2024-07-08 23:56:43 +0000"
    },
    "done": true
  },
  "minecraft:story/mine_stone": {
    "criteria": {
      "get_stone": "2024-07-08 23:15:17 +0000"
    },
    "done": true
  },
  "create:recipes/create.base/crafting/kinetics/depot": {
    "criteria": {
      "has_item": "2024-07-08 23:57:16 +0000"
    },
    "done": true
  },
  "create:recipes/create.base/smelting/zinc_ingot_from_raw_ore": {
    "criteria": {
      "has_item": "2024-07-08 23:54:57 +0000"
    },
    "done": true
  },
  "minecraft:recipes/decorations/furnace": {
    "criteria": {
      "has_cobblestone": "2024-07-08 23:15:17 +0000"
    },
    "done": true
  },
  "minecraft:recipes/transportation/minecart": {
    "criteria": {
      "has_iron_ingot": "2024-07-08 23:53:10 +0000"
    },
    "done": true
  },
  "create:recipes/create.base/crafting/logistics/andesite_funnel": {
    "criteria": {
      "has_item": "2024-07-08 23:56:43 +0000"
    },
    "done": true
  },
  "create:andesite_casing": {
    "criteria": {
      "0": "2024-07-08 23:57:13 +0000"
    },
    "done": true
  },
  "minecraft:recipes/misc/charcoal": {
    "criteria": {
      "has_log": "2024-07-08 23:13:51 +0000"
    },
    "done": true
  },
  "minecraft:adventure/sleep_in_bed": {
    "criteria": {
      "slept_in_bed": "2024-07-08 23:58:22 +0000"
    },
    "done": true
  },
  "minecraft:recipes/building_blocks/andesite_stairs": {
    "criteria": {
      "has_andesite": "2024-07-08 23:55:07 +0000"
    },
    "done": true
  },
  "minecraft:recipes/building_blocks/spruce_planks": {
    "criteria": {
      "has_logs": "2024-07-08 23:13:51 +0000"
    },
    "done": true
  },
  "minecraft:recipes/tools/wooden_pickaxe": {
    "criteria": {
      "has_stick": "2024-07-08 23:14:21 +0000"
    },
    "done": true
  },
  "minecraft:recipes/tools/iron_hoe": {
    "criteria": {
      "has_iron_ingot": "2024-07-08 23:53:10 +0000"
    },
    "done": true
  },
  "minecraft:recipes/building_blocks/cobblestone_slab_from_cobblestone_stonecutting": {
    "criteria": {
      "has_cobblestone": "2024-07-08 23:15:17 +0000"
    },
    "done": true
  },
  "butchercraft:recipes/butchercraft.items/butcher_knife": {
    "criteria": {
      "has_iron": "2024-07-08 23:53:10 +0000"
    },
    "done": true
  },
  "create:recipes/create.base/crafting/kinetics/portable_storage_interface": {
    "criteria": {
      "has_item": "2024-07-08 23:57:16 +0000"
    },
    "done": true
  },
  "minecraft:husbandry/root": {
    "criteria": {
      "consumed_item": "2024-07-08 23:30:47 +0000"
    },
    "done": true
  },
  "minecraft:recipes/transportation/birch_boat": {
    "criteria": {
      "in_water": "2024-07-08 23:31:33 +0000"
    },
    "done": true
  },
  "minecraft:recipes/building_blocks/polished_andesite_slab_from_andesite_stonecutting": {
    "criteria": {
      "has_andesite": "2024-07-08 23:55:07 +0000"
    },
    "done": true
  },
  "immersiveengineering:recipes/immersiveengineering/crafting/coil_lv": {
    "criteria": {
      "has_iron_ingot": "2024-07-08 23:53:10 +0000"
    },
    "done": true
  },
  "minecraft:recipes/building_blocks/polished_andesite_from_andesite_stonecutting": {
    "criteria": {
      "has_andesite": "2024-07-08 23:55:07 +0000"
    },
    "done": true
  },
  "create:recipes/create.palettes/polished_cut_andesite_from_stone_types_andesite_stonecutting": {
    "criteria": {
      "has_stone_types_andesite": "2024-07-08 23:55:07 +0000"
    },
    "done": true
  },
  "minecraft:recipes/transportation/acacia_boat": {
    "criteria": {
      "in_water": "2024-07-08 23:31:33 +0000"
    },
    "done": true
  },
  "tconstruct:world/slime_collector": {
    "criteria": {
      "sky": "2024-07-08 23:34:01 +0000"
    },
    "done": false
  },
  "minecraft:recipes/misc/copper_ingot_from_blasting_raw_copper": {
    "criteria": {
      "has_raw_copper": "2024-07-08 23:52:00 +0000"
    },
    "done": true
  },
  "minecraft:recipes/tools/iron_shovel": {
    "criteria": {
      "has_iron_ingot": "2024-07-08 23:53:10 +0000"
    },
    "done": true
  },
  "butchercraft:recipes/butchercraft.items/extruder_tip": {
    "criteria": {
      "has_iron": "2024-07-08 23:53:10 +0000"
    },
    "done": true
  },
  "minecraft:recipes/redstone/iron_trapdoor": {
    "criteria": {
      "has_iron_ingot": "2024-07-08 23:53:10 +0000"
    },
    "done": true
  },
  "minecraft:recipes/building_blocks/dark_oak_wood": {
    "criteria": {
      "has_log": "2024-07-08 23:49:22 +0000"
    },
    "done": true
  },
  "minecraft:recipes/decorations/cyan_bed_from_white_bed": {
    "criteria": {
      "has_bed": "2024-07-08 23:57:23 +0000"
    },
    "done": true
  },
  "immersiveengineering:recipes/immersiveengineering/crafting/toolbox": {
    "criteria": {
      "has_iron_ingot": "2024-07-08 23:53:10 +0000"
    },
    "done": true
  },
  "minecraft:adventure/root": {
    "criteria": {
      "killed_something": "2024-07-08 23:34:34 +0000"
    },
    "done": true
  },
  "minecraft:recipes/building_blocks/polished_basalt_from_basalt_stonecutting": {
    "criteria": {
      "has_basalt": "2024-07-08 23:49:43 +0000"
    },
    "done": true
  },
  "immersiveengineering:recipes/immersiveengineering/crafting/connector_hv": {
    "criteria": {
      "has_aluminum_ingot": "2024-07-08 23:53:10 +0000"
    },
    "done": true
  },
  "immersiveengineering:recipes/immersiveengineering/crafting/component_iron": {
    "criteria": {
      "has_iron_ingot": "2024-07-08 23:53:10 +0000"
    },
    "done": true
  },
  "immersiveengineering:recipes/immersiveengineering/crafting/plate_iron_hammering": {
    "criteria": {
      "has_iron_ingot": "2024-07-08 23:53:10 +0000"
    },
    "done": true
  },
  "butchercraft:recipes/butchercraft.items/skinning_knife": {
    "criteria": {
      "has_iron": "2024-07-08 23:53:10 +0000"
    },
    "done": true
  },
  "minecraft:recipes/decorations/gray_bed_from_white_bed": {
    "criteria": {
      "has_bed": "2024-07-08 23:57:23 +0000"
    },
    "done": true
  },
  "tconstruct:recipes/tconstruct/general/common/tinkers_gadgetry": {
    "criteria": {
      "has_item": "2024-07-08 23:34:01 +0000"
    },
    "done": true
  },
  "minecraft:recipes/decorations/lime_bed_from_white_bed": {
    "criteria": {
      "has_bed": "2024-07-08 23:57:23 +0000"
    },
    "done": true
  },
  "minecraft:recipes/tools/stone_hoe": {
    "criteria": {
      "has_cobblestone": "2024-07-08 23:15:17 +0000"
    },
    "done": true
  },
  "minecraft:recipes/building_blocks/white_wool_from_string": {
    "criteria": {
      "has_string": "2024-07-08 23:44:08 +0000"
    },
    "done": true
  },
  "minecraft:recipes/decorations/spruce_fence": {
    "criteria": {
      "has_planks": "2024-07-08 23:14:13 +0000"
    },
    "done": true
  },
  "minecraft:recipes/food/baked_potato_from_smoking": {
    "criteria": {
      "has_potato": "2024-07-08 23:49:25 +0000"
    },
    "done": true
  },
  "create:recipes/create.palettes/small_andesite_brick_stairs_from_stone_types_andesite_stonecutting": {
    "criteria": {
      "has_stone_types_andesite": "2024-07-08 23:55:07 +0000"
    },
    "done": true
  },
  "travelersbackpack:recipes/travelersbackpack/standard_smithing": {
    "criteria": {
      "has_standard": "2024-07-08 23:12:08 +0000"
    },
    "done": true
  },
  "create:recipes/create.base/crafting/kinetics/piston_extension_pole": {
    "criteria": {
      "has_item": "2024-07-08 23:56:43 +0000"
    },
    "done": true
  },
  "minecraft:recipes/building_blocks/dark_oak_stairs": {
    "criteria": {
      "has_planks": "2024-07-08 23:50:22 +0000"
    },
    "done": true
  },
  "create:recipes/create.base/crafting/kinetics/water_wheel": {
    "criteria": {
      "has_item": "2024-07-08 23:56:43 +0000"
    },
    "done": true
  },
  "create:recipes/create.base/crafting/kinetics/wooden_bracket": {
    "criteria": {
      "has_item": "2024-07-08 23:56:43 +0000"
    },
    "done": true
  },
  "minecraft:recipes/decorations/green_bed_from_white_bed": {
    "criteria": {
      "has_bed": "2024-07-08 23:57:23 +0000"
    },
    "done": true
  },
  "create:recipes/create.palettes/crafting/materials/raw_zinc_block": {
    "criteria": {
      "has_item": "2024-07-08 23:54:57 +0000"
    },
    "done": true
  },
  "create:recipes/create.base/crafting/kinetics/contraption_controls": {
    "criteria": {
      "has_item": "2024-07-08 23:56:43 +0000"
    },
    "done": true
  },
  "create:recipes/create.palettes/cut_andesite_brick_slab_from_stone_types_andesite_stonecutting": {
    "criteria": {
      "has_stone_types_andesite": "2024-07-08 23:55:07 +0000"
    },
    "done": true
  },
  "create:recipes/create.base/crafting/kinetics/speedometer": {
    "criteria": {
      "has_item": "2024-07-08 23:56:43 +0000"
    },
    "done": true
  },
  "tconstruct:world/sky_island": {
    "criteria": {
      "found_island": "2024-07-08 23:33:54 +0000"
    },
    "done": true
  },
  "minecraft:recipes/food/baked_potato": {
    "criteria": {
      "has_potato": "2024-07-08 23:49:25 +0000"
    },
    "done": true
  },
  "create:recipes/create.base/crafting/materials/andesite_alloy_from_block": {
    "criteria": {
      "has_item": "2024-07-08 23:56:43 +0000"
    },
    "done": true
  },
  "minecraft:recipes/decorations/pink_bed_from_white_bed": {
    "criteria": {
      "has_bed": "2024-07-08 23:57:23 +0000"
    },
    "done": true
  },
  "minecraft:recipes/decorations/dark_oak_sign": {
    "criteria": {
      "has_planks": "2024-07-08 23:50:22 +0000"
    },
    "done": true
  },
  "minecraft:recipes/building_blocks/spruce_stairs": {
    "criteria": {
      "has_planks": "2024-07-08 23:14:13 +0000"
    },
    "done": true
  },
  "create:recipes/create.base/crafting/kinetics/radial_chassis": {
    "criteria": {
      "has_item": "2024-07-08 23:56:43 +0000"
    },
    "done": true
  },
  "create:recipes/create.base/crafting/kinetics/cart_assembler": {
    "criteria": {
      "has_item": "2024-07-08 23:56:43 +0000"
    },
    "done": true
  },
  "minecraft:recipes/redstone/dark_oak_fence_gate": {
    "criteria": {
      "has_planks": "2024-07-08 23:50:22 +0000"
    },
    "done": true
  },
  "create:recipes/create.base/crafting/kinetics/mechanical_press": {
    "criteria": {
      "has_item": "2024-07-08 23:57:16 +0000"
    },
    "done": true
  },
  "immersiveengineering:recipes/immersiveengineering/crafting/wirecutter": {
    "criteria": {
      "has_iron_ingot": "2024-07-08 23:53:10 +0000"
    },
    "done": true
  },
  "minecraft:recipes/misc/iron_nugget_from_smelting": {
    "criteria": {
      "has_iron_pickaxe": "2024-07-08 23:53:39 +0000"
    },
    "done": true
  },
  "create:root": {
    "criteria": {
      "0": "2024-07-08 23:02:02 +0000"
    },
    "done": true
  },
  "minecraft:recipes/decorations/chain": {
    "criteria": {
      "has_iron_ingot": "2024-07-08 23:53:10 +0000"
    },
    "done": true
  },
  "immersiveengineering:recipes/immersiveengineering/crafting/screwdriver": {
    "criteria": {
      "has_iron_ingot": "2024-07-08 23:53:10 +0000"
    },
    "done": true
  },
  "minecraft:story/upgrade_tools": {
    "criteria": {
      "stone_pickaxe": "2024-07-08 23:51:55 +0000"
    },
    "done": true
  },
  "create:recipes/create.palettes/cut_andesite_brick_wall_from_stone_types_andesite_stonecutting": {
    "criteria": {
      "has_stone_types_andesite": "2024-07-08 23:55:07 +0000"
    },
    "done": true
  },
  "tconstruct:recipes/tconstruct/general/common/iron_platform": {
    "criteria": {
      "has_bars": "2024-07-08 23:53:10 +0000"
    },
    "done": true
  },
  "minecraft:recipes/transportation/oak_boat": {
    "criteria": {
      "in_water": "2024-07-08 23:31:33 +0000"
    },
    "done": true
  },
  "create:recipes/create.base/crafting/appliances/clipboard": {
    "criteria": {
      "has_item": "2024-07-08 23:56:43 +0000"
    },
    "done": true
  },
  "tconstruct:recipes/tconstruct/world/world/wood/skyroot/log_to_wood": {
    "criteria": {
      "has_log": "2024-07-08 23:35:08 +0000"
    },
    "done": true
  },
  "immersiveengineering:recipes/immersiveengineering/crafting/connector_hv_relay": {
    "criteria": {
      "has_aluminum_ingot": "2024-07-08 23:53:10 +0000"
    },
    "done": true
  },
  "minecraft:recipes/decorations/blue_bed_from_white_bed": {
    "criteria": {
      "has_bed": "2024-07-08 23:57:23 +0000"
    },
    "done": true
  },
  "minecraft:recipes/food/baked_potato_from_campfire_cooking": {
    "criteria": {
      "has_potato": "2024-07-08 23:49:25 +0000"
    },
    "done": true
  },
  "travelersbackpack:standard_from_custom": {
    "criteria": {
      "has_backpack": "2024-07-08 23:12:08 +0000"
    },
    "done": true
  },
  "create:recipes/create.palettes/cut_andesite_from_stone_types_andesite_stonecutting": {
    "criteria": {
      "has_stone_types_andesite": "2024-07-08 23:55:07 +0000"
    },
    "done": true
  },
  "create:recipes/create.base/crafting/kinetics/shaft": {
    "criteria": {
      "has_item": "2024-07-08 23:56:43 +0000"
    },
    "done": true
  },
  "minecraft:recipes/building_blocks/raw_copper_block": {
    "criteria": {
      "has_raw_copper": "2024-07-08 23:52:00 +0000"
    },
    "done": true
  },
  "minecraft:recipes/tools/wooden_axe": {
    "criteria": {
      "has_stick": "2024-07-08 23:14:21 +0000"
    },
    "done": true
  },
  "deeperdarker:recipes/deeperdarker/echo_boat": {
    "criteria": {
      "in_water": "2024-07-08 23:31:33 +0000"
    },
    "done": true
  },
  "minecraft:recipes/decorations/spruce_sign": {
    "criteria": {
      "has_planks": "2024-07-08 23:14:13 +0000"
    },
    "done": true
  },
  "create:recipes/create.base/crafting/kinetics/mechanical_drill": {
    "criteria": {
      "has_item": "2024-07-08 23:57:16 +0000"
    },
    "done": true
  },
  "create:recipes/create.base/crafting/kinetics/goggles": {
    "criteria": {
      "has_item": "2024-07-08 23:56:43 +0000"
    },
    "done": true
  },
  "create:andesite_alloy": {
    "criteria": {
      "0": "2024-07-08 23:56:43 +0000"
    },
    "done": true
  },
  "minecraft:recipes/decorations/loom": {
    "criteria": {
      "has_string": "2024-07-08 23:44:08 +0000"
    },
    "done": true
  },
  "create:recipes/create.palettes/andesite_scaffolding_from_andesite_alloy_stonecutting": {
    "criteria": {
      "has_andesite_alloy": "2024-07-08 23:56:43 +0000"
    },
    "done": true
  },
  "aquamirae:adventure/root": {
    "criteria": {
      "crafting_table": "2024-07-08 23:14:15 +0000"
    },
    "done": true
  },
  "immersiveengineering:recipes/immersiveengineering/crafting/treated_scaffold": {
    "criteria": {
      "has_treated_sticks": "2024-07-08 23:58:09 +0000"
    },
    "done": true
  },
  "butchercraft:recipes/butchercraft.items/grinder": {
    "criteria": {
      "has_iron": "2024-07-08 23:53:10 +0000"
    },
    "done": true
  },
  "minecraft:recipes/building_blocks/iron_block": {
    "criteria": {
      "has_iron_ingot": "2024-07-08 23:53:10 +0000"
    },
    "done": true
  },
  "minecraft:recipes/building_blocks/andesite_slab_from_andesite_stonecutting": {
    "criteria": {
      "has_andesite": "2024-07-08 23:55:07 +0000"
    },
    "done": true
  },
  "minecraft:recipes/building_blocks/spruce_wood": {
    "criteria": {
      "has_log": "2024-07-08 23:13:51 +0000"
    },
    "done": true
  },
  "minecraft:recipes/building_blocks/coal_block": {
    "criteria": {
      "has_coal": "2024-07-08 23:49:56 +0000"
    },
    "done": true
  },
  "mowziesmobs:root": {
    "criteria": {
      "custom_test_name": "2024-07-08 23:02:02 +0000"
    },
    "done": true
  },
  "create:recipes/create.base/crafting/kinetics/cuckoo_clock": {
    "criteria": {
      "has_item": "2024-07-08 23:56:43 +0000"
    },
    "done": true
  },
  "tconstruct:recipes/tconstruct/world/common/slime/sky/crystal_growing": {
    "criteria": {
      "has_dirt": "2024-07-08 23:36:20 +0000"
    },
    "done": true
  },
  "create:recipes/create.base/crafting/materials/andesite_alloy": {
    "criteria": {
      "has_item": "2024-07-08 23:53:10 +0000"
    },
    "done": true
  },
  "create:recipes/create.base/crafting/kinetics/large_cogwheel_from_little": {
    "criteria": {
      "has_item": "2024-07-08 23:56:43 +0000"
    },
    "done": true
  },
  "minecraft:recipes/combat/wooden_sword": {
    "criteria": {
      "has_stick": "2024-07-08 23:14:21 +0000"
    },
    "done": true
  },
  "minecraft:recipes/tools/stone_shovel": {
    "criteria": {
      "has_cobblestone": "2024-07-08 23:15:17 +0000"
    },
    "done": true
  },
  "create:recipes/create.base/crafting/kinetics/large_cogwheel": {
    "criteria": {
      "has_item": "2024-07-08 23:56:43 +0000"
    },
    "done": true
  },
  "minecraft:recipes/building_blocks/spruce_slab": {
    "criteria": {
      "has_planks": "2024-07-08 23:14:13 +0000"
    },
    "done": true
  },
  "immersiveengineering:recipes/immersiveengineering/crafting/ingot_aluminum_to_storage_aluminum": {
    "criteria": {
      "has_ingot_aluminum": "2024-07-08 23:58:04 +0000"
    },
    "done": true
  },
  "travelersbackpack:recipes/travelersbackpack/crafting_upgrade": {
    "criteria": {
      "has_crafting_table": "2024-07-08 23:14:15 +0000"
    },
    "done": true
  },
  "irons_spellbooks:grant_patchouli": {
    "criteria": {
      "tick": "2024-07-08 23:02:02 +0000"
    },
    "done": true
  },
  "immersiveengineering:recipes/immersiveengineering/crafting/alu_scaffolding_standard": {
    "criteria": {
      "has_alu_ingot": "2024-07-08 23:58:04 +0000"
    },
    "done": true
  },
  "immersiveengineering:recipes/immersiveengineering/crafting/strip_curtain": {
    "criteria": {
      "has_metal_rod": "2024-07-08 23:58:03 +0000"
    },
    "done": true
  },
  "create:recipes/create.base/crafting/kinetics/millstone": {
    "criteria": {
      "has_item": "2024-07-08 23:57:16 +0000"
    },
    "done": true
  },
  "minecraft:recipes/tools/iron_axe": {
    "criteria": {
      "has_iron_ingot": "2024-07-08 23:53:10 +0000"
    },
    "done": true
  },
  "create:recipes/create.palettes/cut_andesite_stairs_from_stone_types_andesite_stonecutting": {
    "criteria": {
      "has_stone_types_andesite": "2024-07-08 23:55:07 +0000"
    },
    "done": true
  },
  "butchercraft:recipes/butchercraft.items/bone_saw": {
    "criteria": {
      "has_iron": "2024-07-08 23:53:10 +0000"
    },
    "done": true
  },
  "butchercraft:recipes/butchercraft.items/meat_hook": {
    "criteria": {
      "has_iron": "2024-07-08 23:53:10 +0000"
    },
    "done": true
  },
  "minecraft:recipes/redstone/tripwire_hook": {
    "criteria": {
      "has_string": "2024-07-08 23:44:08 +0000"
    },
    "done": true
  },
  "minecraft:recipes/combat/iron_boots": {
    "criteria": {
      "has_iron_ingot": "2024-07-08 23:53:10 +0000"
    },
    "done": true
  },
  "minecraft:recipes/misc/bone_meal": {
    "criteria": {
      "has_bone": "2024-07-08 23:44:39 +0000"
    },
    "done": true
  },
  "minecraft:story/iron_tools": {
    "criteria": {
      "iron_pickaxe": "2024-07-08 23:53:39 +0000"
    },
    "done": true
  },
  "create:recipes/create.base/crafting/kinetics/encased_chain_drive": {
    "criteria": {
      "has_item": "2024-07-08 23:57:16 +0000"
    },
    "done": true
  },
  "tconstruct:recipes/tconstruct/general/common/slime/sky/slimeball_from_congealed": {
    "criteria": {
      "has_item": "2024-07-08 23:36:01 +0000"
    },
    "done": true
  },
  "create:recipes/create.base/crafting/kinetics/turntable": {
    "criteria": {
      "has_item": "2024-07-08 23:56:43 +0000"
    },
    "done": true
  },
  "minecraft:recipes/building_blocks/polished_basalt": {
    "criteria": {
      "has_basalt": "2024-07-08 23:49:43 +0000"
    },
    "done": true
  },
  "create:recipes/create.base/crafting/logistics/andesite_tunnel": {
    "criteria": {
      "has_item": "2024-07-08 23:56:43 +0000"
    },
    "done": true
  },
  "travelersbackpack:recipes/travelersbackpack/coal": {
    "criteria": {
      "has_coal": "2024-07-08 23:49:56 +0000"
    },
    "done": true
  },
  "minecraft:story/root": {
    "criteria": {
      "crafting_table": "2024-07-08 23:14:15 +0000"
    },
    "done": true
  },
  "minecraft:recipes/combat/crossbow": {
    "criteria": {
      "has_stick": "2024-07-08 23:14:21 +0000"
    },
    "done": true
  },
  "minecraft:recipes/combat/iron_chestplate": {
    "criteria": {
      "has_iron_ingot": "2024-07-08 23:53:10 +0000"
    },
    "done": true
  },
  "create:recipes/create.base/crafting/kinetics/wrench": {
    "criteria": {
      "has_item": "2024-07-08 23:56:43 +0000"
    },
    "done": true
  },
  "create:recipes/create.palettes/polished_cut_andesite_stairs_from_stone_types_andesite_stonecutting": {
    "criteria": {
      "has_stone_types_andesite": "2024-07-08 23:55:07 +0000"
    },
    "done": true
  },
  "minecraft:recipes/redstone/spruce_pressure_plate": {
    "criteria": {
      "has_planks": "2024-07-08 23:14:13 +0000"
    },
    "done": true
  },
  "minecraft:recipes/misc/coal": {
    "criteria": {
      "has_coal_block": "2024-07-08 23:50:42 +0000"
    },
    "done": true
  },
  "minecraft:recipes/redstone/dark_oak_trapdoor": {
    "criteria": {
      "has_planks": "2024-07-08 23:50:22 +0000"
    },
    "done": true
  },
  "artifacts:amateur_archaeologist": {
    "criteria": {
      "find_artifact": "2024-07-08 23:12:55 +0000"
    },
    "done": true
  },
  "travelersbackpack:recipes/travelersbackpack/hose_nozzle": {
    "criteria": {
      "has_iron": "2024-07-08 23:53:10 +0000"
    },
    "done": true
  },
  "travelersbackpack:recipes/travelersbackpack/backpack_tank": {
    "criteria": {
      "has_iron": "2024-07-08 23:53:10 +0000"
    },
    "done": true
  },
  "tconstruct:recipes/tconstruct/world/world/wood/skyroot/fence": {
    "criteria": {
      "has_planks": "2024-07-08 23:35:11 +0000"
    },
    "done": true
  },
  "create:recipes/create.base/crafting/kinetics/empty_blaze_burner": {
    "criteria": {
      "has_item": "2024-07-08 23:53:10 +0000"
    },
    "done": true
  },
  "create:recipes/create.palettes/spruce_window": {
    "criteria": {
      "has_ingredient": "2024-07-08 23:14:13 +0000"
    },
    "done": true
  },
  "minecraft:recipes/decorations/light_blue_bed_from_white_bed": {
    "criteria": {
      "has_bed": "2024-07-08 23:57:23 +0000"
    },
    "done": true
  },
  "create:recipes/create.palettes/dark_oak_window": {
    "criteria": {
      "has_ingredient": "2024-07-08 23:50:22 +0000"
    },
    "done": true
  },
  "immersiveengineering:recipes/immersiveengineering/crafting/plate_aluminum_hammering": {
    "criteria": {
      "has_aluminum_ingot": "2024-07-08 23:58:04 +0000"
    },
    "done": true
  },
  "minecraft:recipes/misc/iron_nugget_from_blasting": {
    "criteria": {
      "has_iron_pickaxe": "2024-07-08 23:53:39 +0000"
    },
    "done": true
  },
  "create:recipes/create.base/crafting/kinetics/sticker": {
    "criteria": {
      "has_item": "2024-07-08 23:56:43 +0000"
    },
    "done": true
  },
  "create:recipes/create.base/crafting/kinetics/chute": {
    "criteria": {
      "has_item": "2024-07-08 23:56:43 +0000"
    },
    "done": true
  },
  "create:recipes/create.base/crafting/appliances/crafting_blueprint": {
    "criteria": {
      "has_item": "2024-07-08 23:14:15 +0000"
    },
    "done": true
  },
  "create:recipes/create.palettes/small_andesite_bricks_from_stone_types_andesite_stonecutting": {
    "criteria": {
      "has_stone_types_andesite": "2024-07-08 23:55:07 +0000"
    },
    "done": true
  },
  "create:recipes/create.palettes/crafting/kinetics/metal_girder": {
    "criteria": {
      "has_item": "2024-07-08 23:56:43 +0000"
    },
    "done": true
  },
  "minecraft:recipes/building_blocks/stone": {
    "criteria": {
      "has_cobblestone": "2024-07-08 23:15:17 +0000"
    },
    "done": true
  },
  "create:recipes/create.palettes/polished_cut_andesite_wall_from_stone_types_andesite_stonecutting": {
    "criteria": {
      "has_stone_types_andesite": "2024-07-08 23:55:07 +0000"
    },
    "done": true
  },
  "minecraft:recipes/building_blocks/polished_andesite": {
    "criteria": {
      "has_andesite": "2024-07-08 23:55:07 +0000"
    },
    "done": true
  },
  "minecraft:recipes/redstone/dark_oak_pressure_plate": {
    "criteria": {
      "has_planks": "2024-07-08 23:50:22 +0000"
    },
    "done": true
  },
  "create:recipes/create.palettes/andesite_pillar_from_stone_types_andesite_stonecutting": {
    "criteria": {
      "has_stone_types_andesite": "2024-07-08 23:55:07 +0000"
    },
    "done": true
  },
  "tconstruct:recipes/tconstruct/world/common/slime/sky/congealed": {
    "criteria": {
      "has_item": "2024-07-08 23:34:01 +0000"
    },
    "done": true
  },
  "minecraft:adventure/adventuring_time": {
    "criteria": {
      "minecraft:old_growth_pine_taiga": "2024-07-08 23:02:03 +0000",
      "minecraft:taiga": "2024-07-08 23:32:26 +0000",
      "minecraft:river": "2024-07-08 23:45:03 +0000",
      "minecraft:snowy_plains": "2024-07-08 23:46:44 +0000",
      "minecraft:forest": "2024-07-08 23:45:05 +0000"
    },
    "done": false
  },
  "minecraft:recipes/redstone/iron_door": {
    "criteria": {
      "has_iron_ingot": "2024-07-08 23:53:10 +0000"
    },
    "done": true
  },
  "minecraft:recipes/decorations/purple_bed_from_white_bed": {
    "criteria": {
      "has_bed": "2024-07-08 23:57:23 +0000"
    },
    "done": true
  },
  "create:recipes/create.base/crafting/kinetics/mechanical_harvester": {
    "criteria": {
      "has_item": "2024-07-08 23:57:16 +0000"
    },
    "done": true
  },
  "create:recipes/create.palettes/small_andesite_brick_wall_from_stone_types_andesite_stonecutting": {
    "criteria": {
      "has_stone_types_andesite": "2024-07-08 23:55:07 +0000"
    },
    "done": true
  },
  "create:recipes/create.palettes/crafting/kinetics/andesite_door": {
    "criteria": {
      "has_item": "2024-07-08 23:57:16 +0000"
    },
    "done": true
  },
  "minecraft:recipes/misc/copper_ingot_from_smelting_raw_copper": {
    "criteria": {
      "has_raw_copper": "2024-07-08 23:52:00 +0000"
    },
    "done": true
  },
  "immersiveengineering:recipes/immersiveengineering/crafting/stick_aluminum": {
    "criteria": {
      "has_alu_ingot": "2024-07-08 23:58:04 +0000"
    },
    "done": true
  },
  "create:recipes/create.base/crafting/kinetics/filter": {
    "criteria": {
      "has_item": "2024-07-08 23:56:43 +0000"
    },
    "done": true
  },
  "create:recipes/create.palettes/small_andesite_brick_slab_from_stone_types_andesite_stonecutting": {
    "criteria": {
      "has_stone_types_andesite": "2024-07-08 23:55:07 +0000"
    },
    "done": true
  },
  "minecraft:recipes/combat/stone_sword": {
    "criteria": {
      "has_cobblestone": "2024-07-08 23:15:17 +0000"
    },
    "done": true
  },
  "tconstruct:recipes/tconstruct/tools/tools/building/sky_staff": {
    "criteria": {
      "has_wood": "2024-07-08 23:35:08 +0000"
    },
    "done": true
  },
  "minecraft:recipes/decorations/barrel": {
    "criteria": {
      "has_planks": "2024-07-08 23:14:13 +0000"
    },
    "done": true
  },
  "minecraft:recipes/decorations/cobblestone_wall": {
    "criteria": {
      "has_cobblestone": "2024-07-08 23:15:17 +0000"
    },
    "done": true
  },
  "minecraft:recipes/misc/iron_ingot_from_smelting_raw_iron": {
    "criteria": {
      "has_the_recipe": "2024-07-08 23:53:10 +0000"
    },
    "done": true
  },
  "minecraft:recipes/tools/stone_pickaxe": {
    "criteria": {
      "has_cobblestone": "2024-07-08 23:15:17 +0000"
    },
    "done": true
  },
  "travelersbackpack:recipes/travelersbackpack/iron": {
    "criteria": {
      "has_iron_ingot": "2024-07-08 23:53:10 +0000"
    },
    "done": true
  },
  "minecraft:recipes/misc/iron_ingot_from_nuggets": {
    "criteria": {
      "has_iron_nugget": "2024-07-08 23:56:37 +0000"
    },
    "done": true
  },
  "minecraft:recipes/decorations/smithing_table": {
    "criteria": {
      "has_iron_ingot": "2024-07-08 23:53:10 +0000"
    },
    "done": true
  },
  "tconstruct:recipes/tconstruct/world/common/slime/sky/slimeblock": {
    "criteria": {
      "has_item": "2024-07-08 23:34:01 +0000"
    },
    "done": true
  },
  "create:recipes/create.base/crafting/kinetics/display_board": {
    "criteria": {
      "has_item": "2024-07-08 23:56:43 +0000"
    },
    "done": true
  },
  "minecraft:recipes/transportation/jungle_boat": {
    "criteria": {
      "in_water": "2024-07-08 23:31:33 +0000"
    },
    "done": true
  },
  "create:recipes/create.palettes/cut_andesite_wall_from_stone_types_andesite_stonecutting": {
    "criteria": {
      "has_stone_types_andesite": "2024-07-08 23:55:07 +0000"
    },
    "done": true
  },
  "minecraft:recipes/decorations/cobblestone_wall_from_cobblestone_stonecutting": {
    "criteria": {
      "has_cobblestone": "2024-07-08 23:15:17 +0000"
    },
    "done": true
  },
  "create:recipes/create.palettes/polished_cut_andesite_slab_from_stone_types_andesite_stonecutting": {
    "criteria": {
      "has_stone_types_andesite": "2024-07-08 23:55:07 +0000"
    },
    "done": true
  },
  "tconstruct:recipes/tconstruct/general/tables/pattern": {
    "criteria": {
      "has_item": "2024-07-08 23:14:21 +0000"
    },
    "done": true
  },
  "tconstruct:recipes/tconstruct/world/world/wood/skyroot/door": {
    "criteria": {
      "has_planks": "2024-07-08 23:35:11 +0000"
    },
    "done": true
  },
  "create:recipes/create.base/crafting/kinetics/cogwheel": {
    "criteria": {
      "has_item": "2024-07-08 23:56:43 +0000"
    },
    "done": true
  },
  "minecraft:recipes/redstone/heavy_weighted_pressure_plate": {
    "criteria": {
      "has_iron_ingot": "2024-07-08 23:53:10 +0000"
    },
    "done": true
  },
  "minecraft:recipes/transportation/dark_oak_boat": {
    "criteria": {
      "in_water": "2024-07-08 23:31:33 +0000"
    },
    "done": true
  },
  "create:recipes/create.base/crafting/kinetics/windmill_bearing": {
    "criteria": {
      "has_item": "2024-07-08 23:56:43 +0000"
    },
    "done": true
  },
  "minecraft:recipes/transportation/carrot_on_a_stick": {
    "criteria": {
      "has_carrot": "2024-07-08 23:49:23 +0000"
    },
    "done": true
  },
  "minecraft:recipes/decorations/andesite_wall_from_andesite_stonecutting": {
    "criteria": {
      "has_andesite": "2024-07-08 23:55:07 +0000"
    },
    "done": true
  },
  "tconstruct:recipes/tconstruct/world/world/wood/skyroot/sign": {
    "criteria": {
      "has_planks": "2024-07-08 23:35:11 +0000"
    },
    "done": true
  },
  "minecraft:recipes/decorations/brown_bed_from_white_bed": {
    "criteria": {
      "has_bed": "2024-07-08 23:57:23 +0000"
    },
    "done": true
  },
  "immersiveengineering:recipes/immersiveengineering/crafting/wirecoil_redstone": {
    "criteria": {
      "has_aluminum_ingot": "2024-07-08 23:58:04 +0000"
    },
    "done": true
  },
  "immersiveengineering:recipes/immersiveengineering/crafting/drillhead_iron": {
    "criteria": {
      "has_iron_ingot": "2024-07-08 23:53:10 +0000"
    },
    "done": true
  },
  "create:recipes/create.base/crafting/kinetics/belt_connector": {
    "criteria": {
      "has_item": "2024-07-08 23:56:43 +0000"
    },
    "done": true
  },
  "minecraft:recipes/decorations/lantern": {
    "criteria": {
      "has_iron_ingot": "2024-07-08 23:53:10 +0000"
    },
    "done": true
  },
  "create:recipes/create.base/crafting/kinetics/white_sail": {
    "criteria": {
      "has_item": "2024-07-08 23:56:43 +0000"
    },
    "done": true
  },
  "minecraft:recipes/redstone/spruce_trapdoor": {
    "criteria": {
      "has_planks": "2024-07-08 23:14:13 +0000"
    },
    "done": true
  },
  "create:recipes/create.palettes/crafting/materials/andesite_alloy_block": {
    "criteria": {
      "has_item": "2024-07-08 23:56:43 +0000"
    },
    "done": true
  },
  "create:recipes/create.base/crafting/kinetics/hand_crank": {
    "criteria": {
      "has_item": "2024-07-08 23:56:43 +0000"
    },
    "done": true
  },
  "tconstruct:recipes/tconstruct/world/world/wood/skyroot/planks": {
    "criteria": {
      "has_log": "2024-07-08 23:35:08 +0000"
    },
    "done": true
  },
  "minecraft:recipes/decorations/dark_oak_fence": {
    "criteria": {
      "has_planks": "2024-07-08 23:50:22 +0000"
    },
    "done": true
  },
  "immersiveengineering:recipes/immersiveengineering/crafting/wire_aluminum": {
    "criteria": {
      "has_aluminum_ingot": "2024-07-08 23:58:04 +0000"
    },
    "done": true
  },
  "create:recipes/create.base/crafting/kinetics/mechanical_roller": {
    "criteria": {
      "has_item": "2024-07-08 23:57:16 +0000"
    },
    "done": true
  },
  "tconstruct:recipes/redstone/common/slime/sticky_piston": {
    "criteria": {
      "has_slime_ball": "2024-07-08 23:34:01 +0000"
    },
    "done": true
  },
  "create:recipes/create.base/crafting/curiosities/minecart_coupling": {
    "criteria": {
      "has_item": "2024-07-08 23:56:43 +0000"
    },
    "done": true
  },
  "minecraft:recipes/decorations/andesite_wall": {
    "criteria": {
      "has_andesite": "2024-07-08 23:55:07 +0000"
    },
    "done": true
  },
  "immersiveengineering:recipes/immersiveengineering/crafting/treated_fence": {
    "criteria": {
      "has_treated_sticks": "2024-07-08 23:58:09 +0000"
    },
    "done": true
  },
  "minecraft:recipes/decorations/red_bed_from_white_bed": {
    "criteria": {
      "has_bed": "2024-07-08 23:57:23 +0000"
    },
    "done": true
  },
  "minecraft:recipes/building_blocks/andesite_slab": {
    "criteria": {
      "has_andesite": "2024-07-08 23:55:07 +0000"
    },
    "done": true
  },
  "minecraft:recipes/decorations/soul_campfire": {
    "criteria": {
      "has_stick": "2024-07-08 23:14:21 +0000"
    },
    "done": true
  },
  "minecraft:story/smelt_iron": {
    "criteria": {
      "iron": "2024-07-08 23:53:10 +0000"
    },
    "done": true
  },
  "minecraft:recipes/tools/stone_axe": {
    "criteria": {
      "has_cobblestone": "2024-07-08 23:15:17 +0000"
    },
    "done": true
  },
  "tconstruct:recipes/tconstruct/world/world/wood/skyroot/fence_gate": {
    "criteria": {
      "has_planks": "2024-07-08 23:35:11 +0000"
    },
    "done": true
  },
  "minecraft:recipes/decorations/light_gray_bed_from_white_bed": {
    "criteria": {
      "has_bed": "2024-07-08 23:57:23 +0000"
    },
    "done": true
  },
  "create:recipes/create.palettes/cut_andesite_brick_stairs_from_stone_types_andesite_stonecutting": {
    "criteria": {
      "has_stone_types_andesite": "2024-07-08 23:55:07 +0000"
    },
    "done": true
  },
  "create:recipes/create.base/crafting/kinetics/linear_chassis": {
    "criteria": {
      "has_item": "2024-07-08 23:56:43 +0000"
    },
    "done": true
  },
  "DataVersion": 3120
}