{
  "minecraft:recipes/decorations/smoker": {
    "criteria": {
      "has_furnace": "2024-07-08 23:22:49 +0000"
    },
    "done": true
  },
  "minecraft:recipes/building_blocks/purple_wool": {
    "criteria": {
      "has_white_wool": "2024-07-08 23:26:24 +0000"
    },
    "done": true
  },
  "minecraft:recipes/redstone/lever": {
    "criteria": {
      "has_cobblestone": "2024-07-08 23:20:34 +0000"
    },
    "done": true
  },
  "minecraft:recipes/building_blocks/cobblestone_stairs_from_cobblestone_stonecutting": {
    "criteria": {
      "has_cobblestone": "2024-07-08 23:20:34 +0000"
    },
    "done": true
  },
  "travelersbackpack:recipes/travelersbackpack/white_sleeping_bag": {
    "criteria": {
      "has_white_wool": "2024-07-08 23:26:24 +0000"
    },
    "done": true
  },
  "minecraft:recipes/combat/iron_sword": {
    "criteria": {
      "has_iron_ingot": "2024-07-08 23:53:01 +0000"
    },
    "done": true
  },
  "tconstruct:tools/materials_and_you": {
    "criteria": {
      "crafted_book": "2024-07-08 23:04:54 +0000"
    },
    "done": true
  },
  "minecraft:recipes/redstone/spruce_door": {
    "criteria": {
      "has_planks": "2024-07-08 23:18:49 +0000"
    },
    "done": true
  },
  "tconstruct:internal/starting_book": {
    "criteria": {
      "tick": "2024-07-08 23:04:54 +0000"
    },
    "done": true
  },
  "minecraft:recipes/decorations/white_bed": {
    "criteria": {
      "has_white_wool": "2024-07-08 23:26:24 +0000"
    },
    "done": true
  },
  "travelersbackpack:recipes/travelersbackpack/gold": {
    "criteria": {
      "has_gold_ingot": "2024-07-09 00:14:35 +0000"
    },
    "done": true
  },
  "immersiveengineering:recipes/immersiveengineering/crafting/shield": {
    "criteria": {
      "has_shield": "2024-07-08 23:05:33 +0000"
    },
    "done": true
  },
  "minecraft:recipes/tools/iron_pickaxe": {
    "criteria": {
      "has_iron_ingot": "2024-07-08 23:53:01 +0000"
    },
    "done": true
  },
  "butchercraft:recipes/butchercraft.items/gut_knife": {
    "criteria": {
      "has_iron": "2024-07-08 23:53:01 +0000"
    },
    "done": true
  },
  "minecraft:recipes/redstone/spruce_fence_gate": {
    "criteria": {
      "has_planks": "2024-07-08 23:18:49 +0000"
    },
    "done": true
  },
  "minecraft:recipes/decorations/crafting_table": {
    "criteria": {
      "has_planks": "2024-07-08 23:18:49 +0000"
    },
    "done": true
  },
  "minecraft:recipes/decorations/campfire": {
    "criteria": {
      "has_stick": "2024-07-08 23:20:29 +0000"
    },
    "done": true
  },
  "minecraft:recipes/building_blocks/magenta_wool": {
    "criteria": {
      "has_white_wool": "2024-07-08 23:26:24 +0000"
    },
    "done": true
  },
  "create:recipes/create.palettes/crafting/kinetics/light_gray_seat": {
    "criteria": {
      "has_wool": "2024-07-08 23:26:24 +0000"
    },
    "done": true
  },
  "minecraft:recipes/tools/golden_hoe": {
    "criteria": {
      "has_gold_ingot": "2024-07-09 00:14:35 +0000"
    },
    "done": true
  },
  "minecraft:recipes/decorations/ladder": {
    "criteria": {
      "has_stick": "2024-07-08 23:20:29 +0000"
    },
    "done": true
  },
  "minecraft:recipes/misc/iron_nugget": {
    "criteria": {
      "has_iron_ingot": "2024-07-08 23:53:01 +0000"
    },
    "done": true
  },
  "minecraft:recipes/decorations/chest": {
    "criteria": {
      "has_lots_of_items": "2024-07-08 23:07:24 +0000"
    },
    "done": true
  },
  "immersiveengineering:recipes/immersiveengineering/crafting/stick_iron": {
    "criteria": {
      "has_iron_ingot": "2024-07-08 23:53:01 +0000"
    },
    "done": true
  },
  "minecraft:recipes/combat/golden_sword": {
    "criteria": {
      "has_gold_ingot": "2024-07-09 00:14:35 +0000"
    },
    "done": true
  },
  "create:recipes/create.palettes/crafting/kinetics/blue_seat": {
    "criteria": {
      "has_wool": "2024-07-08 23:26:24 +0000"
    },
    "done": true
  },
  "minecraft:recipes/transportation/mangrove_boat": {
    "criteria": {
      "in_water": "2024-07-08 23:26:50 +0000"
    },
    "done": true
  },
  "minecraft:recipes/redstone/spruce_button": {
    "criteria": {
      "has_planks": "2024-07-08 23:18:49 +0000"
    },
    "done": true
  },
  "minecraft:recipes/tools/wooden_shovel": {
    "criteria": {
      "has_stick": "2024-07-08 23:20:29 +0000"
    },
    "done": true
  },
  "immersiveengineering:recipes/decorations/crafting/torch": {
    "criteria": {
      "has_stick": "2024-07-08 23:20:29 +0000"
    },
    "done": true
  },
  "minecraft:recipes/decorations/torch": {
    "criteria": {
      "has_stone_pickaxe": "2024-07-08 23:22:16 +0000"
    },
    "done": true
  },
  "create:recipes/create.palettes/industrial_iron_block_from_ingots_iron_stonecutting": {
    "criteria": {
      "has_ingots_iron": "2024-07-08 23:53:01 +0000"
    },
    "done": true
  },
  "minecraft:recipes/building_blocks/cyan_wool": {
    "criteria": {
      "has_white_wool": "2024-07-08 23:26:24 +0000"
    },
    "done": true
  },
  "butchercraft:recipes/butchercraft.items/mutton_scrap_to_ground_mutton": {
    "criteria": {
      "has_mutton_scrap": "2024-07-08 23:26:24 +0000"
    },
    "done": true
  },
  "minecraft:recipes/tools/shears": {
    "criteria": {
      "has_iron_ingot": "2024-07-08 23:53:01 +0000"
    },
    "done": true
  },
  "minecraft:recipes/misc/stick": {
    "criteria": {
      "has_planks": "2024-07-08 23:18:49 +0000"
    },
    "done": true
  },
  "minecraft:recipes/transportation/spruce_boat": {
    "criteria": {
      "in_water": "2024-07-08 23:26:50 +0000"
    },
    "done": true
  },
  "create:recipes/create.palettes/crafting/kinetics/yellow_seat": {
    "criteria": {
      "has_wool": "2024-07-08 23:26:24 +0000"
    },
    "done": true
  },
  "butchercraft:recipes/butchercraft.items/boots": {
    "criteria": {
      "has_boots": "2024-07-08 23:05:33 +0000"
    },
    "done": true
  },
  "minecraft:recipes/building_blocks/gray_wool": {
    "criteria": {
      "has_white_wool": "2024-07-08 23:26:24 +0000"
    },
    "done": true
  },
  "butchercraft:recipes/butchercraft.items/lamb_block": {
    "criteria": {
      "has_lamb": "2024-07-08 23:26:24 +0000"
    },
    "done": true
  },
  "minecraft:recipes/misc/gold_nugget": {
    "criteria": {
      "has_gold_ingot": "2024-07-09 00:14:35 +0000"
    },
    "done": true
  },
  "minecraft:recipes/misc/sugar_from_sugar_cane": {
    "criteria": {
      "has_sugar_cane": "2024-07-08 23:28:35 +0000"
    },
    "done": true
  },
  "minecraft:recipes/combat/iron_leggings": {
    "criteria": {
      "has_iron_ingot": "2024-07-08 23:53:01 +0000"
    },
    "done": true
  },
  "create:recipes/create.palettes/ornate_iron_window": {
    "criteria": {
      "has_ingredient": "2024-07-08 23:46:36 +0000"
    },
    "done": true
  },
  "minecraft:husbandry/balanced_diet": {
    "criteria": {
      "bread": "2024-07-08 23:26:45 +0000"
    },
    "done": false
  },
  "minecraft:recipes/brewing/golden_carrot": {
    "criteria": {
      "has_gold_nugget": "2024-07-08 23:46:34 +0000"
    },
    "done": true
  },
  "minecraft:recipes/tools/wooden_hoe": {
    "criteria": {
      "has_stick": "2024-07-08 23:20:29 +0000"
    },
    "done": true
  },
  "minecraft:recipes/combat/shield": {
    "criteria": {
      "has_iron_ingot": "2024-07-08 23:53:01 +0000"
    },
    "done": true
  },
  "minecraft:recipes/building_blocks/cobblestone_slab": {
    "criteria": {
      "has_cobblestone": "2024-07-08 23:20:34 +0000"
    },
    "done": true
  },
  "travelersbackpack:recipes/travelersbackpack/iron_tier_upgrade": {
    "criteria": {
      "has_iron_ingot": "2024-07-08 23:53:01 +0000"
    },
    "done": true
  },
  "minecraft:recipes/misc/bucket": {
    "criteria": {
      "has_iron_ingot": "2024-07-08 23:53:01 +0000"
    },
    "done": true
  },
  "tconstruct:recipes/tools/common/slime/lead": {
    "criteria": {
      "has_slime_ball": "2024-07-08 23:35:16 +0000"
    },
    "done": true
  },
  "minecraft:recipes/redstone/trapped_chest": {
    "criteria": {
      "has_tripwire_hook": "2024-07-09 00:11:21 +0000"
    },
    "done": true
  },
  "minecraft:recipes/building_blocks/cobblestone_stairs": {
    "criteria": {
      "has_cobblestone": "2024-07-08 23:20:34 +0000"
    },
    "done": true
  },
  "minecraft:recipes/redstone/hopper": {
    "criteria": {
      "has_iron_ingot": "2024-07-08 23:53:01 +0000"
    },
    "done": true
  },
  "butchercraft:recipes/butchercraft.items/grinder_tip": {
    "criteria": {
      "has_iron": "2024-07-08 23:53:01 +0000"
    },
    "done": true
  },
  "travelersbackpack:recipes/travelersbackpack/sheep": {
    "criteria": {
      "has_white_wool": "2024-07-08 23:26:24 +0000"
    },
    "done": true
  },
  "create:recipes/create.palettes/crafting/kinetics/lime_seat": {
    "criteria": {
      "has_wool": "2024-07-08 23:26:24 +0000"
    },
    "done": true
  },
  "minecraft:recipes/decorations/white_banner": {
    "criteria": {
      "has_white_wool": "2024-07-08 23:26:24 +0000"
    },
    "done": true
  },
  "minecraft:recipes/misc/gold_ingot_from_smelting_raw_gold": {
    "criteria": {
      "has_raw_gold": "2024-07-08 23:53:58 +0000"
    },
    "done": true
  },
  "minecraft:recipes/combat/iron_helmet": {
    "criteria": {
      "has_iron_ingot": "2024-07-08 23:53:01 +0000"
    },
    "done": true
  },
  "create:recipes/create.palettes/crafting/kinetics/white_seat": {
    "criteria": {
      "has_wool": "2024-07-08 23:26:24 +0000"
    },
    "done": true
  },
  "minecraft:recipes/tools/golden_shovel": {
    "criteria": {
      "has_gold_ingot": "2024-07-09 00:14:35 +0000"
    },
    "done": true
  },
  "minecraft:recipes/building_blocks/smooth_basalt": {
    "criteria": {
      "has_basalt": "2024-07-08 23:49:29 +0000"
    },
    "done": true
  },
  "travelersbackpack:recipes/travelersbackpack/gold_tier_upgrade": {
    "criteria": {
      "has_gold_ingot": "2024-07-09 00:14:35 +0000"
    },
    "done": true
  },
  "minecraft:recipes/decorations/iron_bars": {
    "criteria": {
      "has_iron_ingot": "2024-07-08 23:53:01 +0000"
    },
    "done": true
  },
  "immersiveengineering:recipes/immersiveengineering/crafting/hammer": {
    "criteria": {
      "has_iron_ingot": "2024-07-08 23:53:01 +0000"
    },
    "done": true
  },
  "immersiveengineering:recipes/immersiveengineering/crafting/coil_mv": {
    "criteria": {
      "has_iron_ingot": "2024-07-08 23:53:01 +0000"
    },
    "done": true
  },
  "minecraft:recipes/building_blocks/blue_wool": {
    "criteria": {
      "has_white_wool": "2024-07-08 23:26:24 +0000"
    },
    "done": true
  },
  "minecraft:recipes/building_blocks/gold_block": {
    "criteria": {
      "has_gold_ingot": "2024-07-09 00:14:35 +0000"
    },
    "done": true
  },
  "travelersbackpack:recipes/travelersbackpack/skeleton": {
    "criteria": {
      "has_arrow": "2024-07-09 00:16:57 +0000"
    },
    "done": true
  },
  "minecraft:story/mine_stone": {
    "criteria": {
      "get_stone": "2024-07-08 23:20:34 +0000"
    },
    "done": true
  },
  "minecraft:recipes/decorations/furnace": {
    "criteria": {
      "has_cobblestone": "2024-07-08 23:20:34 +0000"
    },
    "done": true
  },
  "minecraft:recipes/transportation/minecart": {
    "criteria": {
      "has_iron_ingot": "2024-07-08 23:53:01 +0000"
    },
    "done": true
  },
  "butchercraft:recipes/butchercraft.items/cooked_lamb_scraps_from_smoking": {
    "criteria": {
      "has_lamb_scraps": "2024-07-08 23:26:24 +0000"
    },
    "done": true
  },
  "minecraft:adventure/sleep_in_bed": {
    "criteria": {
      "slept_in_bed": "2024-07-08 23:23:47 +0000"
    },
    "done": true
  },
  "minecraft:recipes/misc/charcoal": {
    "criteria": {
      "has_log": "2024-07-08 23:18:26 +0000"
    },
    "done": true
  },
  "minecraft:recipes/building_blocks/spruce_planks": {
    "criteria": {
      "has_logs": "2024-07-08 23:18:26 +0000"
    },
    "done": true
  },
  "minecraft:recipes/building_blocks/orange_wool": {
    "criteria": {
      "has_white_wool": "2024-07-08 23:26:24 +0000"
    },
    "done": true
  },
  "minecraft:recipes/tools/iron_hoe": {
    "criteria": {
      "has_iron_ingot": "2024-07-08 23:53:01 +0000"
    },
    "done": true
  },
  "minecraft:recipes/tools/wooden_pickaxe": {
    "criteria": {
      "has_the_recipe": "2024-07-08 23:20:27 +0000"
    },
    "done": true
  },
  "minecraft:recipes/building_blocks/cobblestone_slab_from_cobblestone_stonecutting": {
    "criteria": {
      "has_cobblestone": "2024-07-08 23:20:34 +0000"
    },
    "done": true
  },
  "butchercraft:recipes/butchercraft.items/butcher_knife": {
    "criteria": {
      "has_iron": "2024-07-08 23:53:01 +0000"
    },
    "done": true
  },
  "create:recipes/create.palettes/crafting/kinetics/green_seat": {
    "criteria": {
      "has_wool": "2024-07-08 23:26:24 +0000"
    },
    "done": true
  },
  "minecraft:husbandry/root": {
    "criteria": {
      "consumed_item": "2024-07-08 23:06:19 +0000"
    },
    "done": true
  },
  "create:recipes/create.palettes/crafting/kinetics/red_seat": {
    "criteria": {
      "has_wool": "2024-07-08 23:26:24 +0000"
    },
    "done": true
  },
  "minecraft:recipes/transportation/birch_boat": {
    "criteria": {
      "in_water": "2024-07-08 23:26:50 +0000"
    },
    "done": true
  },
  "minecraft:recipes/food/golden_apple": {
    "criteria": {
      "has_gold_ingot": "2024-07-09 00:14:35 +0000"
    },
    "done": true
  },
  "minecraft:recipes/misc/gold_ingot_from_blasting_raw_gold": {
    "criteria": {
      "has_raw_gold": "2024-07-08 23:53:58 +0000"
    },
    "done": true
  },
  "immersiveengineering:recipes/immersiveengineering/crafting/coil_lv": {
    "criteria": {
      "has_iron_ingot": "2024-07-08 23:53:01 +0000"
    },
    "done": true
  },
  "tconstruct:world/slime_collector": {
    "criteria": {
      "sky": "2024-07-08 23:35:16 +0000"
    },
    "done": false
  },
  "minecraft:recipes/tools/iron_shovel": {
    "criteria": {
      "has_iron_ingot": "2024-07-08 23:53:01 +0000"
    },
    "done": true
  },
  "minecraft:recipes/transportation/acacia_boat": {
    "criteria": {
      "in_water": "2024-07-08 23:26:50 +0000"
    },
    "done": true
  },
  "butchercraft:recipes/butchercraft.items/extruder_tip": {
    "criteria": {
      "has_iron": "2024-07-08 23:53:01 +0000"
    },
    "done": true
  },
  "create:recipes/create.palettes/crafting/kinetics/purple_seat": {
    "criteria": {
      "has_wool": "2024-07-08 23:26:24 +0000"
    },
    "done": true
  },
  "minecraft:recipes/redstone/iron_trapdoor": {
    "criteria": {
      "has_iron_ingot": "2024-07-08 23:53:01 +0000"
    },
    "done": true
  },
  "immersiveengineering:recipes/immersiveengineering/crafting/toolbox": {
    "criteria": {
      "has_iron_ingot": "2024-07-08 23:53:01 +0000"
    },
    "done": true
  },
  "minecraft:adventure/root": {
    "criteria": {
      "killed_something": "2024-07-08 23:26:24 +0000"
    },
    "done": true
  },
  "minecraft:recipes/building_blocks/polished_basalt_from_basalt_stonecutting": {
    "criteria": {
      "has_basalt": "2024-07-08 23:49:29 +0000"
    },
    "done": true
  },
  "immersiveengineering:recipes/immersiveengineering/crafting/connector_hv": {
    "criteria": {
      "has_aluminum_ingot": "2024-07-08 23:53:01 +0000"
    },
    "done": true
  },
  "immersiveengineering:recipes/immersiveengineering/crafting/component_iron": {
    "criteria": {
      "has_iron_ingot": "2024-07-08 23:53:01 +0000"
    },
    "done": true
  },
  "immersiveengineering:recipes/immersiveengineering/crafting/plate_iron_hammering": {
    "criteria": {
      "has_iron_ingot": "2024-07-08 23:53:01 +0000"
    },
    "done": true
  },
  "butchercraft:recipes/butchercraft.items/skinning_knife": {
    "criteria": {
      "has_iron": "2024-07-08 23:53:01 +0000"
    },
    "done": true
  },
  "tconstruct:recipes/tconstruct/general/common/tinkers_gadgetry": {
    "criteria": {
      "has_item": "2024-07-08 23:35:16 +0000"
    },
    "done": true
  },
  "minecraft:recipes/tools/stone_hoe": {
    "criteria": {
      "has_cobblestone": "2024-07-08 23:20:34 +0000"
    },
    "done": true
  },
  "minecraft:recipes/decorations/spruce_fence": {
    "criteria": {
      "has_planks": "2024-07-08 23:18:49 +0000"
    },
    "done": true
  },
  "travelersbackpack:recipes/travelersbackpack/standard_smithing": {
    "criteria": {
      "has_standard": "2024-07-08 23:07:46 +0000"
    },
    "done": true
  },
  "minecraft:adventure/kill_all_mobs": {
    "criteria": {
      "minecraft:spider": "2024-07-09 00:01:40 +0000"
    },
    "done": false
  },
  "create:recipes/create.palettes/crafting/kinetics/light_blue_seat": {
    "criteria": {
      "has_wool": "2024-07-08 23:26:24 +0000"
    },
    "done": true
  },
  "tconstruct:world/sky_island": {
    "criteria": {
      "found_island": "2024-07-08 23:34:10 +0000"
    },
    "done": true
  },
  "minecraft:recipes/decorations/white_carpet": {
    "criteria": {
      "has_white_wool": "2024-07-08 23:26:24 +0000"
    },
    "done": true
  },
  "minecraft:recipes/building_blocks/spruce_stairs": {
    "criteria": {
      "has_planks": "2024-07-08 23:18:49 +0000"
    },
    "done": true
  },
  "immersiveengineering:recipes/immersiveengineering/crafting/wirecutter": {
    "criteria": {
      "has_iron_ingot": "2024-07-08 23:53:01 +0000"
    },
    "done": true
  },
  "minecraft:recipes/misc/iron_nugget_from_smelting": {
    "criteria": {
      "has_iron_pickaxe": "2024-07-08 23:53:18 +0000"
    },
    "done": true
  },
  "create:root": {
    "criteria": {
      "0": "2024-07-08 23:04:54 +0000"
    },
    "done": true
  },
  "butchercraft:recipes/butchercraft.items/cooked_lamb_scraps_from_campfire_cooking": {
    "criteria": {
      "has_lamb_scraps": "2024-07-08 23:26:24 +0000"
    },
    "done": true
  },
  "minecraft:recipes/misc/gold_ingot_from_nuggets": {
    "criteria": {
      "has_gold_nugget": "2024-07-08 23:46:34 +0000"
    },
    "done": true
  },
  "minecraft:recipes/decorations/chain": {
    "criteria": {
      "has_iron_nugget": "2024-07-08 23:46:36 +0000"
    },
    "done": true
  },
  "immersiveengineering:recipes/immersiveengineering/crafting/screwdriver": {
    "criteria": {
      "has_iron_ingot": "2024-07-08 23:53:01 +0000"
    },
    "done": true
  },
  "minecraft:story/upgrade_tools": {
    "criteria": {
      "stone_pickaxe": "2024-07-08 23:22:16 +0000"
    },
    "done": true
  },
  "alexsmobs:alexsmobs/root": {
    "criteria": {
      "useitem": "2024-07-08 23:06:19 +0000"
    },
    "done": true
  },
  "tconstruct:recipes/tconstruct/general/common/iron_platform": {
    "criteria": {
      "has_bars": "2024-07-08 23:53:01 +0000"
    },
    "done": true
  },
  "minecraft:recipes/transportation/oak_boat": {
    "criteria": {
      "in_water": "2024-07-08 23:26:50 +0000"
    },
    "done": true
  },
  "immersiveengineering:recipes/immersiveengineering/crafting/connector_hv_relay": {
    "criteria": {
      "has_aluminum_ingot": "2024-07-08 23:53:01 +0000"
    },
    "done": true
  },
  "travelersbackpack:standard_from_custom": {
    "criteria": {
      "has_backpack": "2024-07-08 23:07:46 +0000"
    },
    "done": true
  },
  "minecraft:recipes/combat/golden_boots": {
    "criteria": {
      "has_gold_ingot": "2024-07-09 00:14:35 +0000"
    },
    "done": true
  },
  "minecraft:recipes/tools/wooden_axe": {
    "criteria": {
      "has_stick": "2024-07-08 23:20:29 +0000"
    },
    "done": true
  },
  "deeperdarker:recipes/deeperdarker/echo_boat": {
    "criteria": {
      "in_water": "2024-07-08 23:26:50 +0000"
    },
    "done": true
  },
  "minecraft:recipes/decorations/spruce_sign": {
    "criteria": {
      "has_planks": "2024-07-08 23:18:49 +0000"
    },
    "done": true
  },
  "minecraft:recipes/building_blocks/lime_wool": {
    "criteria": {
      "has_white_wool": "2024-07-08 23:26:24 +0000"
    },
    "done": true
  },
  "minecraft:recipes/misc/paper": {
    "criteria": {
      "has_reeds": "2024-07-08 23:28:35 +0000"
    },
    "done": true
  },
  "tconstruct:recipes/tconstruct/general/common/gold_platform": {
    "criteria": {
      "has_gold": "2024-07-09 00:14:35 +0000"
    },
    "done": true
  },
  "minecraft:recipes/building_blocks/black_wool": {
    "criteria": {
      "has_white_wool": "2024-07-08 23:26:24 +0000"
    },
    "done": true
  },
  "create:recipes/create.palettes/crafting/kinetics/gray_seat": {
    "criteria": {
      "has_wool": "2024-07-08 23:26:24 +0000"
    },
    "done": true
  },
  "minecraft:recipes/combat/golden_chestplate": {
    "criteria": {
      "has_gold_ingot": "2024-07-09 00:14:35 +0000"
    },
    "done": true
  },
  "minecraft:recipes/building_blocks/green_wool": {
    "criteria": {
      "has_white_wool": "2024-07-08 23:26:24 +0000"
    },
    "done": true
  },
  "butchercraft:recipes/butchercraft.items/lamb_block_to_scraps": {
    "criteria": {
      "has_lamb": "2024-07-08 23:26:24 +0000"
    },
    "done": true
  },
  "minecraft:recipes/building_blocks/brown_wool": {
    "criteria": {
      "has_white_wool": "2024-07-08 23:26:24 +0000"
    },
    "done": true
  },
  "alexsmobs:alexsmobs/banana_slug": {
    "criteria": {
      "killed": "2024-07-08 23:31:03 +0000"
    },
    "done": true
  },
  "aquamirae:adventure/root": {
    "criteria": {
      "crafting_table": "2024-07-08 23:20:17 +0000"
    },
    "done": true
  },
  "butchercraft:recipes/butchercraft.items/grinder": {
    "criteria": {
      "has_iron": "2024-07-08 23:53:01 +0000"
    },
    "done": true
  },
  "butchercraft:recipes/butchercraft.items/cooked_lamb_scraps_from_smelting": {
    "criteria": {
      "has_lamb_scraps": "2024-07-08 23:26:24 +0000"
    },
    "done": true
  },
  "minecraft:recipes/building_blocks/iron_block": {
    "criteria": {
      "has_iron_ingot": "2024-07-08 23:53:01 +0000"
    },
    "done": true
  },
  "minecraft:recipes/decorations/painting": {
    "criteria": {
      "has_wool": "2024-07-08 23:26:24 +0000"
    },
    "done": true
  },
  "tconstruct:recipes/tconstruct/gadgets/gadgets/frame/gold": {
    "criteria": {
      "has_item": "2024-07-08 23:46:34 +0000"
    },
    "done": true
  },
  "minecraft:recipes/building_blocks/spruce_wood": {
    "criteria": {
      "has_log": "2024-07-08 23:18:26 +0000"
    },
    "done": true
  },
  "minecraft:recipes/building_blocks/coal_block": {
    "criteria": {
      "has_coal": "2024-07-08 23:30:24 +0000"
    },
    "done": true
  },
  "mowziesmobs:root": {
    "criteria": {
      "custom_test_name": "2024-07-08 23:04:54 +0000"
    },
    "done": true
  },
  "minecraft:recipes/redstone/light_weighted_pressure_plate": {
    "criteria": {
      "has_gold_ingot": "2024-07-09 00:14:35 +0000"
    },
    "done": true
  },
  "minecraft:recipes/misc/gold_nugget_from_blasting": {
    "criteria": {
      "has_golden_leggings": "2024-07-08 23:46:31 +0000"
    },
    "done": true
  },
  "create:recipes/create.palettes/crafting/kinetics/cyan_seat": {
    "criteria": {
      "has_wool": "2024-07-08 23:26:24 +0000"
    },
    "done": true
  },
  "immersiveengineering:recipes/immersiveengineering/crafting/raw_block_aluminum_to_raw_aluminum": {
    "criteria": {
      "has_raw_block_aluminum": "2024-07-08 23:49:42 +0000"
    },
    "done": true
  },
  "create:recipes/create.base/crafting/materials/andesite_alloy": {
    "criteria": {
      "has_item": "2024-07-08 23:53:01 +0000"
    },
    "done": true
  },
  "immersiveengineering:recipes/immersiveengineering/crafting/raw_aluminum_to_raw_block_aluminum": {
    "criteria": {
      "has_raw_aluminum": "2024-07-08 23:49:42 +0000"
    },
    "done": true
  },
  "minecraft:recipes/building_blocks/light_blue_wool": {
    "criteria": {
      "has_white_wool": "2024-07-08 23:26:24 +0000"
    },
    "done": true
  },
  "minecraft:recipes/combat/wooden_sword": {
    "criteria": {
      "has_stick": "2024-07-08 23:20:29 +0000"
    },
    "done": true
  },
  "minecraft:recipes/tools/stone_shovel": {
    "criteria": {
      "has_cobblestone": "2024-07-08 23:20:34 +0000"
    },
    "done": true
  },
  "minecraft:recipes/building_blocks/spruce_slab": {
    "criteria": {
      "has_planks": "2024-07-08 23:18:49 +0000"
    },
    "done": true
  },
  "travelersbackpack:recipes/travelersbackpack/crafting_upgrade": {
    "criteria": {
      "has_crafting_table": "2024-07-08 23:20:17 +0000"
    },
    "done": true
  },
  "create:recipes/create.palettes/crafting/kinetics/brown_seat": {
    "criteria": {
      "has_wool": "2024-07-08 23:26:24 +0000"
    },
    "done": true
  },
  "irons_spellbooks:grant_patchouli": {
    "criteria": {
      "tick": "2024-07-08 23:04:54 +0000"
    },
    "done": true
  },
  "minecraft:recipes/tools/golden_axe": {
    "criteria": {
      "has_gold_ingot": "2024-07-09 00:14:35 +0000"
    },
    "done": true
  },
  "create:recipes/create.palettes/crafting/kinetics/magenta_seat": {
    "criteria": {
      "has_wool": "2024-07-08 23:26:24 +0000"
    },
    "done": true
  },
  "minecraft:recipes/tools/iron_axe": {
    "criteria": {
      "has_iron_ingot": "2024-07-08 23:53:01 +0000"
    },
    "done": true
  },
  "butchercraft:recipes/butchercraft.items/bone_saw": {
    "criteria": {
      "has_iron": "2024-07-08 23:53:01 +0000"
    },
    "done": true
  },
  "minecraft:recipes/combat/golden_helmet": {
    "criteria": {
      "has_gold_ingot": "2024-07-09 00:14:35 +0000"
    },
    "done": true
  },
  "butchercraft:recipes/butchercraft.items/meat_hook": {
    "criteria": {
      "has_iron": "2024-07-08 23:53:01 +0000"
    },
    "done": true
  },
  "minecraft:recipes/building_blocks/raw_gold_block": {
    "criteria": {
      "has_raw_gold": "2024-07-08 23:53:58 +0000"
    },
    "done": true
  },
  "minecraft:recipes/combat/iron_boots": {
    "criteria": {
      "has_iron_ingot": "2024-07-08 23:53:01 +0000"
    },
    "done": true
  },
  "create:recipes/create.palettes/crafting/kinetics/black_seat": {
    "criteria": {
      "has_wool": "2024-07-08 23:26:24 +0000"
    },
    "done": true
  },
  "tconstruct:recipes/tconstruct/general/common/gold_bars": {
    "criteria": {
      "has_ingot": "2024-07-09 00:14:35 +0000"
    },
    "done": true
  },
  "minecraft:story/iron_tools": {
    "criteria": {
      "iron_pickaxe": "2024-07-08 23:53:18 +0000"
    },
    "done": true
  },
  "tconstruct:recipes/tconstruct/general/common/slime/sky/slimeball_from_congealed": {
    "criteria": {
      "has_item": "2024-07-08 23:41:21 +0000"
    },
    "done": true
  },
  "minecraft:recipes/building_blocks/polished_basalt": {
    "criteria": {
      "has_basalt": "2024-07-08 23:49:29 +0000"
    },
    "done": true
  },
  "travelersbackpack:recipes/travelersbackpack/coal": {
    "criteria": {
      "has_coal": "2024-07-08 23:30:24 +0000"
    },
    "done": true
  },
  "minecraft:story/root": {
    "criteria": {
      "crafting_table": "2024-07-08 23:20:17 +0000"
    },
    "done": true
  },
  "minecraft:recipes/combat/crossbow": {
    "criteria": {
      "has_stick": "2024-07-08 23:20:29 +0000"
    },
    "done": true
  },
  "minecraft:recipes/combat/iron_chestplate": {
    "criteria": {
      "has_iron_ingot": "2024-07-08 23:53:01 +0000"
    },
    "done": true
  },
  "minecraft:recipes/building_blocks/yellow_wool": {
    "criteria": {
      "has_white_wool": "2024-07-08 23:26:24 +0000"
    },
    "done": true
  },
  "create:recipes/create.palettes/crafting/kinetics/orange_seat": {
    "criteria": {
      "has_wool": "2024-07-08 23:26:24 +0000"
    },
    "done": true
  },
  "minecraft:recipes/redstone/spruce_pressure_plate": {
    "criteria": {
      "has_planks": "2024-07-08 23:18:49 +0000"
    },
    "done": true
  },
  "minecraft:recipes/misc/coal": {
    "criteria": {
      "has_coal_block": "2024-07-08 23:49:36 +0000"
    },
    "done": true
  },
  "travelersbackpack:recipes/travelersbackpack/hose_nozzle": {
    "criteria": {
      "has_iron": "2024-07-08 23:53:01 +0000"
    },
    "done": true
  },
  "travelersbackpack:recipes/travelersbackpack/backpack_tank": {
    "criteria": {
      "has_iron": "2024-07-08 23:53:01 +0000"
    },
    "done": true
  },
  "create:recipes/create.base/crafting/kinetics/empty_blaze_burner": {
    "criteria": {
      "has_item": "2024-07-08 23:53:01 +0000"
    },
    "done": true
  },
  "create:recipes/create.palettes/spruce_window": {
    "criteria": {
      "has_ingredient": "2024-07-08 23:18:49 +0000"
    },
    "done": true
  },
  "minecraft:recipes/misc/iron_nugget_from_blasting": {
    "criteria": {
      "has_iron_pickaxe": "2024-07-08 23:53:18 +0000"
    },
    "done": true
  },
  "create:recipes/create.base/crafting/appliances/crafting_blueprint": {
    "criteria": {
      "has_item": "2024-07-08 23:20:17 +0000"
    },
    "done": true
  },
  "minecraft:adventure/kill_a_mob": {
    "criteria": {
      "minecraft:spider": "2024-07-09 00:01:40 +0000"
    },
    "done": true
  },
  "minecraft:recipes/tools/golden_pickaxe": {
    "criteria": {
      "has_gold_ingot": "2024-07-09 00:14:35 +0000"
    },
    "done": true
  },
  "immersiveengineering:recipes/immersiveengineering/crafting/plate_gold_hammering": {
    "criteria": {
      "has_gold_ingot": "2024-07-09 00:14:35 +0000"
    },
    "done": true
  },
  "minecraft:recipes/building_blocks/stone": {
    "criteria": {
      "has_cobblestone": "2024-07-08 23:20:34 +0000"
    },
    "done": true
  },
  "tconstruct:recipes/tconstruct/world/common/slime/sky/congealed": {
    "criteria": {
      "has_item": "2024-07-08 23:35:16 +0000"
    },
    "done": true
  },
  "minecraft:adventure/adventuring_time": {
    "criteria": {
      "minecraft:old_growth_pine_taiga": "2024-07-08 23:04:55 +0000",
      "minecraft:taiga": "2024-07-08 23:32:15 +0000",
      "minecraft:frozen_river": "2024-07-09 00:13:30 +0000",
      "minecraft:river": "2024-07-08 23:27:01 +0000",
      "minecraft:snowy_plains": "2024-07-08 23:54:58 +0000",
      "minecraft:snowy_taiga": "2024-07-09 00:07:19 +0000",
      "minecraft:forest": "2024-07-08 23:44:36 +0000",
      "minecraft:old_growth_spruce_taiga": "2024-07-08 23:27:08 +0000",
      "minecraft:snowy_beach": "2024-07-09 00:15:18 +0000",
      "minecraft:plains": "2024-07-08 23:52:34 +0000"
    },
    "done": false
  },
  "minecraft:recipes/redstone/iron_door": {
    "criteria": {
      "has_iron_ingot": "2024-07-08 23:53:01 +0000"
    },
    "done": true
  },
  "minecraft:recipes/combat/stone_sword": {
    "criteria": {
      "has_cobblestone": "2024-07-08 23:20:34 +0000"
    },
    "done": true
  },
  "minecraft:recipes/decorations/barrel": {
    "criteria": {
      "has_planks": "2024-07-08 23:18:49 +0000"
    },
    "done": true
  },
  "minecraft:recipes/decorations/cobblestone_wall": {
    "criteria": {
      "has_cobblestone": "2024-07-08 23:20:34 +0000"
    },
    "done": true
  },
  "minecraft:recipes/misc/iron_ingot_from_smelting_raw_iron": {
    "criteria": {
      "has_the_recipe": "2024-07-08 23:53:00 +0000"
    },
    "done": true
  },
  "minecraft:recipes/tools/stone_pickaxe": {
    "criteria": {
      "has_cobblestone": "2024-07-08 23:20:34 +0000"
    },
    "done": true
  },
  "travelersbackpack:recipes/travelersbackpack/iron": {
    "criteria": {
      "has_iron_ingot": "2024-07-08 23:53:01 +0000"
    },
    "done": true
  },
  "create:recipes/create.palettes/crafting/kinetics/pink_seat": {
    "criteria": {
      "has_wool": "2024-07-08 23:26:24 +0000"
    },
    "done": true
  },
  "minecraft:recipes/misc/iron_ingot_from_nuggets": {
    "criteria": {
      "has_iron_nugget": "2024-07-08 23:46:36 +0000"
    },
    "done": true
  },
  "minecraft:recipes/decorations/smithing_table": {
    "criteria": {
      "has_iron_ingot": "2024-07-08 23:53:01 +0000"
    },
    "done": true
  },
  "tconstruct:recipes/tconstruct/world/common/slime/sky/slimeblock": {
    "criteria": {
      "has_item": "2024-07-08 23:35:16 +0000"
    },
    "done": true
  },
  "minecraft:recipes/transportation/jungle_boat": {
    "criteria": {
      "in_water": "2024-07-08 23:26:50 +0000"
    },
    "done": true
  },
  "minecraft:recipes/decorations/cobblestone_wall_from_cobblestone_stonecutting": {
    "criteria": {
      "has_cobblestone": "2024-07-08 23:20:34 +0000"
    },
    "done": true
  },
  "tconstruct:recipes/tconstruct/general/tables/pattern": {
    "criteria": {
      "has_item": "2024-07-08 23:20:29 +0000"
    },
    "done": true
  },
  "minecraft:recipes/redstone/heavy_weighted_pressure_plate": {
    "criteria": {
      "has_iron_ingot": "2024-07-08 23:53:01 +0000"
    },
    "done": true
  },
  "minecraft:recipes/transportation/dark_oak_boat": {
    "criteria": {
      "in_water": "2024-07-08 23:26:50 +0000"
    },
    "done": true
  },
  "minecraft:recipes/building_blocks/pink_wool": {
    "criteria": {
      "has_white_wool": "2024-07-08 23:26:24 +0000"
    },
    "done": true
  },
  "immersiveengineering:recipes/immersiveengineering/crafting/drillhead_iron": {
    "criteria": {
      "has_iron_ingot": "2024-07-08 23:53:01 +0000"
    },
    "done": true
  },
  "minecraft:recipes/combat/golden_leggings": {
    "criteria": {
      "has_gold_ingot": "2024-07-09 00:14:35 +0000"
    },
    "done": true
  },
  "minecraft:recipes/decorations/lantern": {
    "criteria": {
      "has_iron_nugget": "2024-07-08 23:46:36 +0000"
    },
    "done": true
  },
  "immersiveengineering:recipes/immersiveengineering/smelting/ingot_aluminum3": {
    "criteria": {
      "has_raw_aluminum": "2024-07-08 23:49:42 +0000"
    },
    "done": true
  },
  "minecraft:recipes/redstone/spruce_trapdoor": {
    "criteria": {
      "has_planks": "2024-07-08 23:18:49 +0000"
    },
    "done": true
  },
  "minecraft:recipes/misc/gold_nugget_from_smelting": {
    "criteria": {
      "has_golden_leggings": "2024-07-08 23:46:31 +0000"
    },
    "done": true
  },
  "tconstruct:recipes/redstone/common/slime/sticky_piston": {
    "criteria": {
      "has_slime_ball": "2024-07-08 23:35:16 +0000"
    },
    "done": true
  },
  "minecraft:recipes/building_blocks/light_gray_wool": {
    "criteria": {
      "has_white_wool": "2024-07-08 23:26:24 +0000"
    },
    "done": true
  },
  "immersiveengineering:recipes/immersiveengineering/smelting/ingot_aluminum_from_blasting3": {
    "criteria": {
      "has_raw_aluminum": "2024-07-08 23:49:42 +0000"
    },
    "done": true
  },
  "minecraft:recipes/building_blocks/red_wool": {
    "criteria": {
      "has_white_wool": "2024-07-08 23:26:24 +0000"
    },
    "done": true
  },
  "minecraft:recipes/decorations/soul_campfire": {
    "criteria": {
      "has_stick": "2024-07-08 23:20:29 +0000"
    },
    "done": true
  },
  "minecraft:story/smelt_iron": {
    "criteria": {
      "iron": "2024-07-08 23:53:01 +0000"
    },
    "done": true
  },
  "minecraft:recipes/tools/stone_axe": {
    "criteria": {
      "has_cobblestone": "2024-07-08 23:20:34 +0000"
    },
    "done": true
  },
  "DataVersion": 3120
}