{
  "minecraft:recipes/building_blocks/black_stained_glass": {
    "criteria": {
      "has_glass": "2024-07-06 19:21:56 +0000"
    },
    "done": true
  },
  "minecraft:recipes/redstone/lever": {
    "criteria": {
      "has_cobblestone": "2024-07-05 22:11:08 +0000"
    },
    "done": true
  },
  "minecraft:recipes/combat/iron_sword": {
    "criteria": {
      "has_iron_ingot": "2024-07-05 22:35:31 +0000"
    },
    "done": true
  },
  "create:recipes/create.palettes/cut_andesite_slab_from_stone_types_andesite_stonecutting": {
    "criteria": {
      "has_stone_types_andesite": "2024-07-06 18:01:00 +0000"
    },
    "done": true
  },
  "create:recipes/create.palettes/cut_diorite_brick_stairs_from_stone_types_diorite_stonecutting": {
    "criteria": {
      "has_stone_types_diorite": "2024-07-06 18:01:11 +0000"
    },
    "done": true
  },
  "create:recipes/create.palettes/polished_cut_asurine_wall_from_stone_types_asurine_stonecutting": {
    "criteria": {
      "has_stone_types_asurine": "2024-07-06 18:02:26 +0000"
    },
    "done": true
  },
  "minecraft:recipes/redstone/spruce_door": {
    "criteria": {
      "has_planks": "2024-07-05 22:10:44 +0000"
    },
    "done": true
  },
  "minecraft:recipes/building_blocks/polished_deepslate": {
    "criteria": {
      "has_cobbled_deepslate": "2024-07-06 18:01:20 +0000"
    },
    "done": true
  },
  "create:recipes/building_blocks/diorite_from_stone_types_diorite_stonecutting": {
    "criteria": {
      "has_stone_types_diorite": "2024-07-06 18:01:11 +0000"
    },
    "done": true
  },
  "minecraft:recipes/building_blocks/chiseled_deepslate_from_cobbled_deepslate_stonecutting": {
    "criteria": {
      "has_cobbled_deepslate": "2024-07-06 18:01:20 +0000"
    },
    "done": true
  },
  "minecraft:recipes/building_blocks/lime_concrete_powder": {
    "criteria": {
      "has_sand": "2024-07-05 22:53:09 +0000"
    },
    "done": true
  },
  "minecraft:recipes/tools/iron_pickaxe": {
    "criteria": {
      "has_iron_ingot": "2024-07-05 22:35:31 +0000"
    },
    "done": true
  },
  "minecraft:recipes/building_blocks/gray_stained_glass": {
    "criteria": {
      "has_glass": "2024-07-06 19:21:56 +0000"
    },
    "done": true
  },
  "butchercraft:recipes/butchercraft.items/gut_knife": {
    "criteria": {
      "has_iron": "2024-07-05 22:35:31 +0000"
    },
    "done": true
  },
  "create:recipes/create.palettes/polished_cut_diorite_wall_from_stone_types_diorite_stonecutting": {
    "criteria": {
      "has_stone_types_diorite": "2024-07-06 18:01:11 +0000"
    },
    "done": true
  },
  "minecraft:recipes/redstone/spruce_fence_gate": {
    "criteria": {
      "has_planks": "2024-07-05 22:10:44 +0000"
    },
    "done": true
  },
  "minecraft:recipes/building_blocks/yellow_concrete_powder": {
    "criteria": {
      "has_sand": "2024-07-05 22:53:09 +0000"
    },
    "done": true
  },
  "minecraft:recipes/decorations/crafting_table": {
    "criteria": {
      "has_planks": "2024-07-05 22:10:44 +0000"
    },
    "done": true
  },
  "minecraft:recipes/building_blocks/purple_stained_glass": {
    "criteria": {
      "has_glass": "2024-07-06 19:21:56 +0000"
    },
    "done": true
  },
  "minecraft:recipes/decorations/ladder": {
    "criteria": {
      "has_stick": "2024-07-05 22:10:48 +0000"
    },
    "done": true
  },
  "minecraft:recipes/building_blocks/dark_oak_slab": {
    "criteria": {
      "has_planks": "2024-07-05 22:31:20 +0000"
    },
    "done": true
  },
  "minecraft:recipes/decorations/chest": {
    "criteria": {
      "has_lots_of_items": "2024-07-05 05:04:36 +0000"
    },
    "done": true
  },
  "spartanshields:recipes/spartanshields/lapis_lazuli_basic_shield": {
    "criteria": {
      "has_lapis_lazuli": "2024-07-06 18:01:29 +0000"
    },
    "done": true
  },
  "minecraft:recipes/building_blocks/cobbled_deepslate_slab": {
    "criteria": {
      "has_cobbled_deepslate": "2024-07-06 18:01:20 +0000"
    },
    "done": true
  },
  "minecraft:recipes/transportation/mangrove_boat": {
    "criteria": {
      "in_water": "2024-07-05 22:22:15 +0000"
    },
    "done": true
  },
  "minecraft:recipes/redstone/spruce_button": {
    "criteria": {
      "has_planks": "2024-07-05 22:10:44 +0000"
    },
    "done": true
  },
  "minecraft:recipes/tools/wooden_shovel": {
    "criteria": {
      "has_stick": "2024-07-05 22:10:48 +0000"
    },
    "done": true
  },
  "create:recipes/create.palettes/polished_cut_deepslate_from_stone_types_deepslate_stonecutting": {
    "criteria": {
      "has_stone_types_deepslate": "2024-07-06 18:12:24 +0000"
    },
    "done": true
  },
  "minecraft:recipes/decorations/torch": {
    "criteria": {
      "has_stone_pickaxe": "2024-07-05 22:12:42 +0000"
    },
    "done": true
  },
  "create:recipes/create.palettes/industrial_iron_block_from_ingots_iron_stonecutting": {
    "criteria": {
      "has_ingots_iron": "2024-07-05 22:35:31 +0000"
    },
    "done": true
  },
  "minecraft:recipes/redstone/dark_oak_button": {
    "criteria": {
      "has_planks": "2024-07-05 22:31:20 +0000"
    },
    "done": true
  },
  "butchercraft:recipes/butchercraft.items/mutton_scrap_to_ground_mutton": {
    "criteria": {
      "has_mutton_scrap": "2024-07-05 22:17:06 +0000"
    },
    "done": true
  },
  "minecraft:recipes/tools/shears": {
    "criteria": {
      "has_iron_ingot": "2024-07-05 22:35:31 +0000"
    },
    "done": true
  },
  "minecraft:recipes/misc/stick": {
    "criteria": {
      "has_planks": "2024-07-05 22:10:44 +0000"
    },
    "done": true
  },
  "create:recipes/create.base/crafting/kinetics/fluid_tank": {
    "criteria": {
      "has_item": "2024-07-06 19:52:36 +0000"
    },
    "done": true
  },
  "create:recipes/create.palettes/small_granite_brick_stairs_from_stone_types_granite_stonecutting": {
    "criteria": {
      "has_stone_types_granite": "2024-07-06 18:01:02 +0000"
    },
    "done": true
  },
  "minecraft:recipes/building_blocks/smooth_sandstone_stairs_from_smooth_sandstone_stonecutting": {
    "criteria": {
      "has_smooth_sandstone": "2024-07-06 19:08:05 +0000"
    },
    "done": true
  },
  "create:recipes/create.palettes/polished_cut_deepslate_stairs_from_stone_types_deepslate_stonecutting": {
    "criteria": {
      "has_stone_types_deepslate": "2024-07-06 18:12:24 +0000"
    },
    "done": true
  },
  "minecraft:recipes/building_blocks/emerald_block": {
    "criteria": {
      "has_emerald": "2024-07-05 22:31:25 +0000"
    },
    "done": true
  },
  "create:recipes/create.palettes/cut_dripstone_wall_from_stone_types_dripstone_stonecutting": {
    "criteria": {
      "has_stone_types_dripstone": "2024-07-06 18:51:28 +0000"
    },
    "done": true
  },
  "travelersbackpack:recipes/travelersbackpack/emerald": {
    "criteria": {
      "has_emerald": "2024-07-05 22:31:25 +0000"
    },
    "done": true
  },
  "minecraft:recipes/combat/iron_leggings": {
    "criteria": {
      "has_iron_ingot": "2024-07-05 22:35:31 +0000"
    },
    "done": true
  },
  "create:recipes/create.palettes/asurine_from_stone_types_asurine_stonecutting": {
    "criteria": {
      "has_stone_types_asurine": "2024-07-06 18:02:26 +0000"
    },
    "done": true
  },
  "minecraft:recipes/redstone/dark_oak_door": {
    "criteria": {
      "has_planks": "2024-07-05 22:31:20 +0000"
    },
    "done": true
  },
  "minecraft:recipes/building_blocks/sandstone_stairs": {
    "criteria": {
      "has_sandstone": "2024-07-06 19:05:19 +0000"
    },
    "done": true
  },
  "create:recipes/create.palettes/cut_dripstone_slab_from_stone_types_dripstone_stonecutting": {
    "criteria": {
      "has_stone_types_dripstone": "2024-07-06 18:51:28 +0000"
    },
    "done": true
  },
  "minecraft:recipes/brewing/golden_carrot": {
    "criteria": {
      "has_gold_nugget": "2024-07-05 22:29:37 +0000"
    },
    "done": true
  },
  "minecraft:recipes/combat/shield": {
    "criteria": {
      "has_iron_ingot": "2024-07-05 22:35:31 +0000"
    },
    "done": true
  },
  "minecraft:recipes/building_blocks/cobblestone_slab": {
    "criteria": {
      "has_cobblestone": "2024-07-05 22:11:08 +0000"
    },
    "done": true
  },
  "create:recipes/create.palettes/polished_cut_diorite_stairs_from_stone_types_diorite_stonecutting": {
    "criteria": {
      "has_stone_types_diorite": "2024-07-06 18:01:11 +0000"
    },
    "done": true
  },
  "create:recipes/create.palettes/cut_tuff_bricks_from_stone_types_tuff_stonecutting": {
    "criteria": {
      "has_stone_types_tuff": "2024-07-06 18:01:19 +0000"
    },
    "done": true
  },
  "minecraft:recipes/redstone/hopper": {
    "criteria": {
      "has_iron_ingot": "2024-07-05 22:35:31 +0000"
    },
    "done": true
  },
  "butchercraft:recipes/butchercraft.items/grinder_tip": {
    "criteria": {
      "has_iron": "2024-07-05 22:35:31 +0000"
    },
    "done": true
  },
  "minecraft:recipes/decorations/cobbled_deepslate_wall_from_cobbled_deepslate_stonecutting": {
    "criteria": {
      "has_cobbled_deepslate": "2024-07-06 18:01:20 +0000"
    },
    "done": true
  },
  "create:recipes/building_blocks/andesite_from_stone_types_andesite_stonecutting": {
    "criteria": {
      "has_stone_types_andesite": "2024-07-06 18:01:00 +0000"
    },
    "done": true
  },
  "create:recipes/create.palettes/asurine_pillar_from_stone_types_asurine_stonecutting": {
    "criteria": {
      "has_stone_types_asurine": "2024-07-06 18:02:26 +0000"
    },
    "done": true
  },
  "minecraft:recipes/building_blocks/dripstone_block": {
    "criteria": {
      "has_pointed_dripstone": "2024-07-06 18:42:02 +0000"
    },
    "done": true
  },
  "minecraft:recipes/building_blocks/deepslate_tile_stairs_from_cobbled_deepslate_stonecutting": {
    "criteria": {
      "has_cobbled_deepslate": "2024-07-06 18:01:20 +0000"
    },
    "done": true
  },
  "minecraft:recipes/building_blocks/light_gray_concrete_powder": {
    "criteria": {
      "has_sand": "2024-07-05 22:53:09 +0000"
    },
    "done": true
  },
  "minecraft:recipes/misc/brick": {
    "criteria": {
      "has_clay_ball": "2024-07-06 18:27:27 +0000"
    },
    "done": true
  },
  "create:recipes/create.palettes/cut_tuff_slab_from_stone_types_tuff_stonecutting": {
    "criteria": {
      "has_stone_types_tuff": "2024-07-06 18:01:19 +0000"
    },
    "done": true
  },
  "minecraft:recipes/misc/gold_ingot_from_smelting_raw_gold": {
    "criteria": {
      "has_raw_gold": "2024-07-06 18:10:01 +0000"
    },
    "done": true
  },
  "create:recipes/create.palettes/cut_granite_slab_from_stone_types_granite_stonecutting": {
    "criteria": {
      "has_stone_types_granite": "2024-07-06 18:01:02 +0000"
    },
    "done": true
  },
  "minecraft:recipes/building_blocks/pink_concrete_powder": {
    "criteria": {
      "has_sand": "2024-07-05 22:53:09 +0000"
    },
    "done": true
  },
  "create:recipes/create.palettes/cut_diorite_from_stone_types_diorite_stonecutting": {
    "criteria": {
      "has_stone_types_diorite": "2024-07-06 18:01:11 +0000"
    },
    "done": true
  },
  "minecraft:recipes/building_blocks/sandstone_slab": {
    "criteria": {
      "has_sandstone": "2024-07-06 19:05:19 +0000"
    },
    "done": true
  },
  "minecraft:recipes/redstone/lectern": {
    "criteria": {
      "has_book": "2024-07-05 22:31:56 +0000"
    },
    "done": true
  },
  "create:recipes/create.palettes/cut_andesite_bricks_from_stone_types_andesite_stonecutting": {
    "criteria": {
      "has_stone_types_andesite": "2024-07-06 18:01:00 +0000"
    },
    "done": true
  },
  "minecraft:recipes/building_blocks/yellow_stained_glass": {
    "criteria": {
      "has_glass": "2024-07-06 19:21:56 +0000"
    },
    "done": true
  },
  "minecraft:recipes/decorations/iron_bars": {
    "criteria": {
      "has_iron_ingot": "2024-07-05 22:35:31 +0000"
    },
    "done": true
  },
  "minecraft:recipes/building_blocks/andesite_stairs_from_andesite_stonecutting": {
    "criteria": {
      "has_andesite": "2024-07-06 18:01:00 +0000"
    },
    "done": true
  },
  "minecraft:story/obtain_armor": {
    "criteria": {
      "iron_chestplate": "2024-07-06 19:03:01 +0000"
    },
    "done": true
  },
  "create:recipes/create.palettes/cut_diorite_brick_wall_from_stone_types_diorite_stonecutting": {
    "criteria": {
      "has_stone_types_diorite": "2024-07-06 18:01:11 +0000"
    },
    "done": true
  },
  "create:recipes/create.palettes/cut_asurine_brick_stairs_from_stone_types_asurine_stonecutting": {
    "criteria": {
      "has_stone_types_asurine": "2024-07-06 18:02:26 +0000"
    },
    "done": true
  },
  "minecraft:recipes/decorations/deepslate_brick_wall_from_cobbled_deepslate_stonecutting": {
    "criteria": {
      "has_cobbled_deepslate": "2024-07-06 18:01:20 +0000"
    },
    "done": true
  },
  "minecraft:recipes/brewing/cauldron": {
    "criteria": {
      "has_water_bucket": "2024-07-06 18:23:57 +0000"
    },
    "done": true
  },
  "butchercraft:recipes/butchercraft.items/cooked_lamb_scraps_from_smoking": {
    "criteria": {
      "has_lamb_scraps": "2024-07-05 22:17:06 +0000"
    },
    "done": true
  },
  "minecraft:recipes/combat/diamond_leggings": {
    "criteria": {
      "has_diamond": "2024-07-06 18:15:32 +0000"
    },
    "done": true
  },
  "minecraft:adventure/sleep_in_bed": {
    "criteria": {
      "slept_in_bed": "2024-07-05 22:49:13 +0000"
    },
    "done": true
  },
  "minecraft:recipes/building_blocks/sandstone": {
    "criteria": {
      "has_sand": "2024-07-05 22:53:09 +0000"
    },
    "done": true
  },
  "minecraft:recipes/building_blocks/red_stained_glass": {
    "criteria": {
      "has_glass": "2024-07-06 19:21:56 +0000"
    },
    "done": true
  },
  "minecraft:recipes/building_blocks/spruce_planks": {
    "criteria": {
      "has_logs": "2024-07-05 22:10:19 +0000"
    },
    "done": true
  },
  "minecraft:story/lava_bucket": {
    "criteria": {
      "lava_bucket": "2024-07-06 19:58:48 +0000"
    },
    "done": true
  },
  "minecraft:recipes/building_blocks/cobblestone_slab_from_cobblestone_stonecutting": {
    "criteria": {
      "has_cobblestone": "2024-07-05 22:11:08 +0000"
    },
    "done": true
  },
  "butchercraft:recipes/butchercraft.items/butcher_knife": {
    "criteria": {
      "has_iron": "2024-07-05 22:35:31 +0000"
    },
    "done": true
  },
  "create:recipes/create.palettes/small_diorite_brick_wall_from_stone_types_diorite_stonecutting": {
    "criteria": {
      "has_stone_types_diorite": "2024-07-06 18:01:11 +0000"
    },
    "done": true
  },
  "minecraft:recipes/building_blocks/oak_stairs": {
    "criteria": {
      "has_planks": "2024-07-06 18:14:25 +0000"
    },
    "done": true
  },
  "minecraft:recipes/building_blocks/polished_andesite_slab_from_andesite_stonecutting": {
    "criteria": {
      "has_andesite": "2024-07-06 18:01:00 +0000"
    },
    "done": true
  },
  "butchercraft:butcherblock": {
    "criteria": {
      "butcherblock": "2024-07-06 19:57:10 +0000"
    },
    "done": true
  },
  "create:recipes/create.palettes/polished_cut_andesite_from_stone_types_andesite_stonecutting": {
    "criteria": {
      "has_stone_types_andesite": "2024-07-06 18:01:00 +0000"
    },
    "done": true
  },
  "minecraft:recipes/transportation/acacia_boat": {
    "criteria": {
      "in_water": "2024-07-05 22:22:15 +0000"
    },
    "done": true
  },
  "minecraft:recipes/misc/copper_ingot_from_blasting_raw_copper": {
    "criteria": {
      "has_raw_copper": "2024-07-06 18:19:20 +0000"
    },
    "done": true
  },
  "minecraft:recipes/redstone/iron_trapdoor": {
    "criteria": {
      "has_iron_ingot": "2024-07-05 22:35:31 +0000"
    },
    "done": true
  },
  "create:recipes/create.palettes/layered_tuff_from_stone_types_tuff_stonecutting": {
    "criteria": {
      "has_stone_types_tuff": "2024-07-06 18:01:19 +0000"
    },
    "done": true
  },
  "minecraft:adventure/root": {
    "criteria": {
      "killed_something": "2024-07-05 05:04:11 +0000"
    },
    "done": true
  },
  "spartanshields:recipes/spartanshields/diamond_tower_shield": {
    "criteria": {
      "has_diamond": "2024-07-06 18:15:32 +0000"
    },
    "done": true
  },
  "travelersbackpack:recipes/travelersbackpack/squid": {
    "criteria": {
      "has_ink_sac": "2024-07-05 21:04:59 +0000"
    },
    "done": true
  },
  "butchercraft:recipes/butchercraft.items/skinning_knife": {
    "criteria": {
      "has_iron": "2024-07-05 22:35:31 +0000"
    },
    "done": true
  },
  "minecraft:recipes/building_blocks/white_concrete_powder": {
    "criteria": {
      "has_sand": "2024-07-05 22:53:09 +0000"
    },
    "done": true
  },
  "create:recipes/building_blocks/granite_from_stone_types_granite_stonecutting": {
    "criteria": {
      "has_stone_types_granite": "2024-07-06 18:01:02 +0000"
    },
    "done": true
  },
  "minecraft:recipes/tools/diamond_pickaxe": {
    "criteria": {
      "has_diamond": "2024-07-06 18:15:32 +0000"
    },
    "done": true
  },
  "create:recipes/create.palettes/small_andesite_brick_stairs_from_stone_types_andesite_stonecutting": {
    "criteria": {
      "has_stone_types_andesite": "2024-07-06 18:01:00 +0000"
    },
    "done": true
  },
  "travelersbackpack:recipes/travelersbackpack/standard_smithing": {
    "criteria": {
      "has_standard": "2024-07-05 22:23:57 +0000"
    },
    "done": true
  },
  "minecraft:adventure/kill_all_mobs": {
    "criteria": {
      "minecraft:pillager": "2024-07-05 22:32:29 +0000",
      "minecraft:skeleton": "2024-07-06 18:24:26 +0000",
      "minecraft:vindicator": "2024-07-05 22:31:24 +0000",
      "minecraft:spider": "2024-07-06 18:43:27 +0000",
      "minecraft:creeper": "2024-07-06 18:34:56 +0000",
      "minecraft:slime": "2024-07-06 18:52:02 +0000",
      "minecraft:zombie": "2024-07-05 05:04:11 +0000"
    },
    "done": false
  },
  "create:recipes/create.palettes/small_dripstone_brick_stairs_from_stone_types_dripstone_stonecutting": {
    "criteria": {
      "has_stone_types_dripstone": "2024-07-06 18:51:28 +0000"
    },
    "done": true
  },
  "minecraft:recipes/building_blocks/polished_deepslate_from_cobbled_deepslate_stonecutting": {
    "criteria": {
      "has_cobbled_deepslate": "2024-07-06 18:01:20 +0000"
    },
    "done": true
  },
  "minecraft:recipes/building_blocks/lime_stained_glass": {
    "criteria": {
      "has_glass": "2024-07-06 19:21:56 +0000"
    },
    "done": true
  },
  "minecraft:recipes/redstone/dark_oak_fence_gate": {
    "criteria": {
      "has_planks": "2024-07-05 22:31:20 +0000"
    },
    "done": true
  },
  "minecraft:recipes/misc/iron_nugget_from_smelting": {
    "criteria": {
      "has_iron_sword": "2024-07-05 22:23:03 +0000"
    },
    "done": true
  },
  "minecraft:recipes/building_blocks/polished_deepslate_slab_from_cobbled_deepslate_stonecutting": {
    "criteria": {
      "has_cobbled_deepslate": "2024-07-06 18:01:20 +0000"
    },
    "done": true
  },
  "spartanshields:recipes/spartanshields/iron_tower_shield": {
    "criteria": {
      "has_iron_ingot": "2024-07-05 22:35:31 +0000"
    },
    "done": true
  },
  "minecraft:recipes/decorations/granite_wall_from_granite_stonecutting": {
    "criteria": {
      "has_granite": "2024-07-06 18:01:02 +0000"
    },
    "done": true
  },
  "butchercraft:recipes/butchercraft.items/cooked_lamb_scraps_from_campfire_cooking": {
    "criteria": {
      "has_lamb_scraps": "2024-07-05 22:17:06 +0000"
    },
    "done": true
  },
  "spartanshields:recipes/spartanshields/iron_basic_shield": {
    "criteria": {
      "has_iron_ingot": "2024-07-05 22:35:31 +0000"
    },
    "done": true
  },
  "create:recipes/create.palettes/cut_asurine_stairs_from_stone_types_asurine_stonecutting": {
    "criteria": {
      "has_stone_types_asurine": "2024-07-06 18:02:26 +0000"
    },
    "done": true
  },
  "minecraft:recipes/decorations/chain": {
    "criteria": {
      "has_iron_ingot": "2024-07-05 22:35:31 +0000"
    },
    "done": true
  },
  "minecraft:recipes/misc/diamond_from_smelting_deepslate_diamond_ore": {
    "criteria": {
      "has_deepslate_diamond_ore": "2024-07-06 19:28:18 +0000"
    },
    "done": true
  },
  "create:recipes/create.palettes/cut_asurine_slab_from_stone_types_asurine_stonecutting": {
    "criteria": {
      "has_stone_types_asurine": "2024-07-06 18:02:26 +0000"
    },
    "done": true
  },
  "create:recipes/create.palettes/small_diorite_brick_stairs_from_stone_types_diorite_stonecutting": {
    "criteria": {
      "has_stone_types_diorite": "2024-07-06 18:01:11 +0000"
    },
    "done": true
  },
  "create:recipes/create.palettes/cut_dripstone_stairs_from_stone_types_dripstone_stonecutting": {
    "criteria": {
      "has_stone_types_dripstone": "2024-07-06 18:51:28 +0000"
    },
    "done": true
  },
  "create:recipes/create.palettes/small_dripstone_bricks_from_stone_types_dripstone_stonecutting": {
    "criteria": {
      "has_stone_types_dripstone": "2024-07-06 18:51:28 +0000"
    },
    "done": true
  },
  "create:recipes/create.palettes/layered_granite_from_stone_types_granite_stonecutting": {
    "criteria": {
      "has_stone_types_granite": "2024-07-06 18:01:02 +0000"
    },
    "done": true
  },
  "aquamirae:recipes/fin": {
    "criteria": {
      "has_item": "2024-07-05 22:30:50 +0000"
    },
    "done": true
  },
  "create:recipes/create.palettes/cut_andesite_brick_wall_from_stone_types_andesite_stonecutting": {
    "criteria": {
      "has_stone_types_andesite": "2024-07-06 18:01:00 +0000"
    },
    "done": true
  },
  "minecraft:recipes/misc/blue_dye": {
    "criteria": {
      "has_lapis_lazuli": "2024-07-06 18:01:29 +0000"
    },
    "done": true
  },
  "create:recipes/create.palettes/cut_tuff_stairs_from_stone_types_tuff_stonecutting": {
    "criteria": {
      "has_stone_types_tuff": "2024-07-06 18:01:19 +0000"
    },
    "done": true
  },
  "minecraft:recipes/decorations/oak_fence": {
    "criteria": {
      "has_planks": "2024-07-06 18:14:25 +0000"
    },
    "done": true
  },
  "paraglider:root": {
    "criteria": {
      "crafting_table": "2024-07-05 22:10:46 +0000"
    },
    "done": true
  },
  "minecraft:recipes/building_blocks/light_blue_stained_glass": {
    "criteria": {
      "has_glass": "2024-07-06 19:21:56 +0000"
    },
    "done": true
  },
  "minecraft:recipes/food/baked_potato_from_campfire_cooking": {
    "criteria": {
      "has_potato": "2024-07-05 22:48:13 +0000"
    },
    "done": true
  },
  "minecraft:recipes/building_blocks/orange_concrete_powder": {
    "criteria": {
      "has_sand": "2024-07-05 22:53:09 +0000"
    },
    "done": true
  },
  "minecraft:recipes/building_blocks/oak_slab": {
    "criteria": {
      "has_planks": "2024-07-06 18:14:25 +0000"
    },
    "done": true
  },
  "create:recipes/create.palettes/cut_dripstone_bricks_from_stone_types_dripstone_stonecutting": {
    "criteria": {
      "has_stone_types_dripstone": "2024-07-06 18:51:28 +0000"
    },
    "done": true
  },
  "travelersbackpack:standard_from_custom": {
    "criteria": {
      "has_backpack": "2024-07-05 22:23:57 +0000"
    },
    "done": true
  },
  "create:recipes/create.palettes/cut_diorite_slab_from_stone_types_diorite_stonecutting": {
    "criteria": {
      "has_stone_types_diorite": "2024-07-06 18:01:11 +0000"
    },
    "done": true
  },
  "minecraft:recipes/building_blocks/raw_copper_block": {
    "criteria": {
      "has_raw_copper": "2024-07-06 18:19:20 +0000"
    },
    "done": true
  },
  "create:recipes/create.palettes/cut_deepslate_brick_slab_from_stone_types_deepslate_stonecutting": {
    "criteria": {
      "has_stone_types_deepslate": "2024-07-06 18:12:24 +0000"
    },
    "done": true
  },
  "deeperdarker:recipes/deeperdarker/echo_boat": {
    "criteria": {
      "in_water": "2024-07-06 17:57:33 +0000"
    },
    "done": true
  },
  "minecraft:recipes/building_blocks/granite_stairs": {
    "criteria": {
      "has_granite": "2024-07-06 18:01:02 +0000"
    },
    "done": true
  },
  "travelersbackpack:recipes/travelersbackpack/lapis": {
    "criteria": {
      "has_lapis_lazuli": "2024-07-06 18:01:29 +0000"
    },
    "done": true
  },
  "create:recipes/create.palettes/cut_granite_brick_slab_from_stone_types_granite_stonecutting": {
    "criteria": {
      "has_stone_types_granite": "2024-07-06 18:01:02 +0000"
    },
    "done": true
  },
  "minecraft:recipes/decorations/deepslate_tile_wall_from_cobbled_deepslate_stonecutting": {
    "criteria": {
      "has_cobbled_deepslate": "2024-07-06 18:01:20 +0000"
    },
    "done": true
  },
  "minecraft:recipes/misc/iron_ingot_from_blasting_raw_iron": {
    "criteria": {
      "has_raw_iron": "2024-07-05 22:15:27 +0000"
    },
    "done": true
  },
  "butchercraft:recipes/butchercraft.items/lamb_block_to_scraps": {
    "criteria": {
      "has_lamb": "2024-07-05 22:17:06 +0000"
    },
    "done": true
  },
  "minecraft:recipes/building_blocks/diorite_stairs_from_diorite_stonecutting": {
    "criteria": {
      "has_diorite": "2024-07-06 18:01:11 +0000"
    },
    "done": true
  },
  "create:recipes/create.palettes/cut_deepslate_from_stone_types_deepslate_stonecutting": {
    "criteria": {
      "has_stone_types_deepslate": "2024-07-06 18:12:24 +0000"
    },
    "done": true
  },
  "travelersbackpack:recipes/travelersbackpack/diamond_tier_upgrade": {
    "criteria": {
      "has_diamond": "2024-07-06 18:15:32 +0000"
    },
    "done": true
  },
  "minecraft:recipes/brewing/glass_bottle": {
    "criteria": {
      "has_glass": "2024-07-06 19:21:56 +0000"
    },
    "done": true
  },
  "spartanshields:recipes/spartanshields/wooden_tower_shield": {
    "criteria": {
      "has_planks": "2024-07-05 22:10:44 +0000"
    },
    "done": true
  },
  "create:recipes/create.palettes/small_diorite_brick_slab_from_stone_types_diorite_stonecutting": {
    "criteria": {
      "has_stone_types_diorite": "2024-07-06 18:01:11 +0000"
    },
    "done": true
  },
  "minecraft:recipes/decorations/moss_carpet": {
    "criteria": {
      "has_moss_block": "2024-07-06 18:58:09 +0000"
    },
    "done": true
  },
  "butchercraft:recipes/butchercraft.items/grinder": {
    "criteria": {
      "has_iron": "2024-07-05 22:35:31 +0000"
    },
    "done": true
  },
  "minecraft:recipes/building_blocks/iron_block": {
    "criteria": {
      "has_iron_ingot": "2024-07-05 22:35:31 +0000"
    },
    "done": true
  },
  "create:recipes/create.palettes/framed_glass_from_glass_colorless_stonecutting": {
    "criteria": {
      "has_glass_colorless": "2024-07-06 19:21:56 +0000"
    },
    "done": true
  },
  "minecraft:recipes/building_blocks/spruce_wood": {
    "criteria": {
      "has_log": "2024-07-05 22:10:19 +0000"
    },
    "done": true
  },
  "create:recipes/create.palettes/cut_tuff_brick_stairs_from_stone_types_tuff_stonecutting": {
    "criteria": {
      "has_stone_types_tuff": "2024-07-06 18:01:19 +0000"
    },
    "done": true
  },
  "mowziesmobs:root": {
    "criteria": {
      "custom_test_name": "2024-07-05 05:08:23 +0000"
    },
    "done": true
  },
  "aquamirae:adventure/obtain_fin": {
    "criteria": {
      "fin": "2024-07-05 22:30:50 +0000"
    },
    "done": true
  },
  "minecraft:recipes/building_blocks/clay": {
    "criteria": {
      "has_clay_ball": "2024-07-06 18:27:27 +0000"
    },
    "done": true
  },
  "minecraft:recipes/building_blocks/green_stained_glass": {
    "criteria": {
      "has_glass": "2024-07-06 19:21:56 +0000"
    },
    "done": true
  },
  "create:recipes/create.palettes/cut_granite_from_stone_types_granite_stonecutting": {
    "criteria": {
      "has_stone_types_granite": "2024-07-06 18:01:02 +0000"
    },
    "done": true
  },
  "travelersbackpack:recipes/travelersbackpack/bee": {
    "criteria": {
      "has_honey_bottle": "2024-07-06 18:11:43 +0000"
    },
    "done": true
  },
  "create:recipes/create.base/crafting/materials/andesite_alloy": {
    "criteria": {
      "has_item": "2024-07-05 22:35:31 +0000"
    },
    "done": true
  },
  "minecraft:recipes/combat/wooden_sword": {
    "criteria": {
      "has_stick": "2024-07-05 22:10:48 +0000"
    },
    "done": true
  },
  "minecraft:recipes/building_blocks/oak_planks": {
    "criteria": {
      "has_logs": "2024-07-06 17:58:06 +0000"
    },
    "done": true
  },
  "create:recipes/create.palettes/polished_cut_tuff_wall_from_stone_types_tuff_stonecutting": {
    "criteria": {
      "has_stone_types_tuff": "2024-07-06 18:01:19 +0000"
    },
    "done": true
  },
  "minecraft:recipes/building_blocks/gray_concrete_powder": {
    "criteria": {
      "has_sand": "2024-07-05 22:53:09 +0000"
    },
    "done": true
  },
  "travelersbackpack:recipes/travelersbackpack/crafting_upgrade": {
    "criteria": {
      "has_crafting_table": "2024-07-05 22:10:46 +0000"
    },
    "done": true
  },
  "create:recipes/create.palettes/cut_asurine_brick_wall_from_stone_types_asurine_stonecutting": {
    "criteria": {
      "has_stone_types_asurine": "2024-07-06 18:02:26 +0000"
    },
    "done": true
  },
  "minecraft:recipes/building_blocks/bookshelf": {
    "criteria": {
      "has_book": "2024-07-05 22:31:56 +0000"
    },
    "done": true
  },
  "spartanshields:recipes/spartanshields/obsidian_tower_shield": {
    "criteria": {
      "has_obsidian": "2024-07-06 20:03:03 +0000"
    },
    "done": true
  },
  "minecraft:recipes/tools/iron_axe": {
    "criteria": {
      "has_iron_ingot": "2024-07-05 22:35:31 +0000"
    },
    "done": true
  },
  "create:recipes/create.palettes/cut_andesite_stairs_from_stone_types_andesite_stonecutting": {
    "criteria": {
      "has_stone_types_andesite": "2024-07-06 18:01:00 +0000"
    },
    "done": true
  },
  "minecraft:recipes/building_blocks/raw_gold_block": {
    "criteria": {
      "has_raw_gold": "2024-07-06 18:10:01 +0000"
    },
    "done": true
  },
  "minecraft:recipes/combat/iron_boots": {
    "criteria": {
      "has_iron_ingot": "2024-07-05 22:35:31 +0000"
    },
    "done": true
  },
  "minecraft:recipes/building_blocks/black_concrete_powder": {
    "criteria": {
      "has_sand": "2024-07-05 22:53:09 +0000"
    },
    "done": true
  },
  "minecraft:story/iron_tools": {
    "criteria": {
      "iron_pickaxe": "2024-07-05 22:23:05 +0000"
    },
    "done": true
  },
  "create:recipes/create.palettes/small_dripstone_brick_slab_from_stone_types_dripstone_stonecutting": {
    "criteria": {
      "has_stone_types_dripstone": "2024-07-06 18:51:28 +0000"
    },
    "done": true
  },
  "minecraft:recipes/building_blocks/sandstone_stairs_from_sandstone_stonecutting": {
    "criteria": {
      "has_sandstone": "2024-07-06 19:05:19 +0000"
    },
    "done": true
  },
  "paraglider:recipes/paraglider/paraglider": {
    "criteria": {
      "has_stick": "2024-07-05 22:10:48 +0000"
    },
    "done": true
  },
  "minecraft:recipes/combat/crossbow": {
    "criteria": {
      "has_stick": "2024-07-05 22:10:48 +0000"
    },
    "done": true
  },
  "minecraft:recipes/combat/iron_chestplate": {
    "criteria": {
      "has_iron_ingot": "2024-07-05 22:35:31 +0000"
    },
    "done": true
  },
  "minecraft:recipes/decorations/cobbled_deepslate_wall": {
    "criteria": {
      "has_cobbled_deepslate": "2024-07-06 18:01:20 +0000"
    },
    "done": true
  },
  "create:recipes/create.palettes/polished_cut_andesite_stairs_from_stone_types_andesite_stonecutting": {
    "criteria": {
      "has_stone_types_andesite": "2024-07-06 18:01:00 +0000"
    },
    "done": true
  },
  "minecraft:recipes/redstone/spruce_pressure_plate": {
    "criteria": {
      "has_planks": "2024-07-05 22:10:44 +0000"
    },
    "done": true
  },
  "minecraft:recipes/redstone/dark_oak_trapdoor": {
    "criteria": {
      "has_planks": "2024-07-05 22:31:20 +0000"
    },
    "done": true
  },
  "minecraft:recipes/decorations/oak_sign": {
    "criteria": {
      "has_planks": "2024-07-06 18:14:25 +0000"
    },
    "done": true
  },
  "create:recipes/create.palettes/polished_cut_deepslate_slab_from_stone_types_deepslate_stonecutting": {
    "criteria": {
      "has_stone_types_deepslate": "2024-07-06 18:12:24 +0000"
    },
    "done": true
  },
  "create:recipes/create.palettes/small_dripstone_brick_wall_from_stone_types_dripstone_stonecutting": {
    "criteria": {
      "has_stone_types_dripstone": "2024-07-06 18:51:28 +0000"
    },
    "done": true
  },
  "create:recipes/create.palettes/polished_cut_asurine_slab_from_stone_types_asurine_stonecutting": {
    "criteria": {
      "has_stone_types_asurine": "2024-07-06 18:02:26 +0000"
    },
    "done": true
  },
  "minecraft:recipes/redstone/oak_trapdoor": {
    "criteria": {
      "has_planks": "2024-07-06 18:14:25 +0000"
    },
    "done": true
  },
  "minecraft:recipes/building_blocks/granite_stairs_from_granite_stonecutting": {
    "criteria": {
      "has_granite": "2024-07-06 18:01:02 +0000"
    },
    "done": true
  },
  "minecraft:recipes/building_blocks/polished_diorite_from_diorite_stonecutting": {
    "criteria": {
      "has_diorite": "2024-07-06 18:01:11 +0000"
    },
    "done": true
  },
  "travelersbackpack:recipes/travelersbackpack/backpack_tank": {
    "criteria": {
      "has_iron": "2024-07-05 22:35:31 +0000"
    },
    "done": true
  },
  "create:recipes/create.base/crafting/kinetics/empty_blaze_burner": {
    "criteria": {
      "has_item": "2024-07-05 22:35:31 +0000"
    },
    "done": true
  },
  "create:recipes/create.palettes/cut_dripstone_brick_wall_from_stone_types_dripstone_stonecutting": {
    "criteria": {
      "has_stone_types_dripstone": "2024-07-06 18:51:28 +0000"
    },
    "done": true
  },
  "create:recipes/create.palettes/spruce_window": {
    "criteria": {
      "has_ingredient": "2024-07-05 22:10:44 +0000"
    },
    "done": true
  },
  "minecraft:recipes/building_blocks/red_concrete_powder": {
    "criteria": {
      "has_sand": "2024-07-05 22:53:09 +0000"
    },
    "done": true
  },
  "minecraft:recipes/misc/iron_nugget_from_blasting": {
    "criteria": {
      "has_iron_sword": "2024-07-05 22:23:03 +0000"
    },
    "done": true
  },
  "minecraft:recipes/decorations/polished_deepslate_wall_from_cobbled_deepslate_stonecutting": {
    "criteria": {
      "has_cobbled_deepslate": "2024-07-06 18:01:20 +0000"
    },
    "done": true
  },
  "minecraft:recipes/building_blocks/smooth_sandstone_slab": {
    "criteria": {
      "has_smooth_sandstone": "2024-07-06 19:08:05 +0000"
    },
    "done": true
  },
  "minecraft:adventure/kill_a_mob": {
    "criteria": {
      "minecraft:zombie": "2024-07-05 05:04:11 +0000"
    },
    "done": true
  },
  "create:recipes/create.palettes/granite_pillar_from_stone_types_granite_stonecutting": {
    "criteria": {
      "has_stone_types_granite": "2024-07-06 18:01:02 +0000"
    },
    "done": true
  },
  "create:recipes/create.palettes/small_andesite_bricks_from_stone_types_andesite_stonecutting": {
    "criteria": {
      "has_stone_types_andesite": "2024-07-06 18:01:00 +0000"
    },
    "done": true
  },
  "minecraft:recipes/decorations/diorite_wall": {
    "criteria": {
      "has_diorite": "2024-07-06 18:01:11 +0000"
    },
    "done": true
  },
  "tombstone:recipes/from_grave_dust": {
    "criteria": {
      "has_ingredient": "2024-07-05 05:19:43 +0000"
    },
    "done": true
  },
  "minecraft:recipes/building_blocks/stone": {
    "criteria": {
      "has_cobblestone": "2024-07-05 22:11:08 +0000"
    },
    "done": true
  },
  "create:recipes/create.palettes/cut_dripstone_brick_stairs_from_stone_types_dripstone_stonecutting": {
    "criteria": {
      "has_stone_types_dripstone": "2024-07-06 18:51:28 +0000"
    },
    "done": true
  },
  "minecraft:recipes/building_blocks/deepslate_bricks_from_cobbled_deepslate_stonecutting": {
    "criteria": {
      "has_cobbled_deepslate": "2024-07-06 18:01:20 +0000"
    },
    "done": true
  },
  "minecraft:adventure/adventuring_time": {
    "criteria": {
      "minecraft:snowy_slopes": "2024-07-05 05:03:35 +0000",
      "minecraft:taiga": "2024-07-05 22:46:09 +0000",
      "minecraft:frozen_river": "2024-07-05 05:22:16 +0000",
      "minecraft:bamboo_jungle": "2024-07-06 18:24:15 +0000",
      "minecraft:sparse_jungle": "2024-07-06 18:16:21 +0000",
      "minecraft:river": "2024-07-05 22:54:59 +0000",
      "minecraft:snowy_plains": "2024-07-05 05:21:37 +0000",
      "minecraft:stony_shore": "2024-07-05 22:26:41 +0000",
      "minecraft:snowy_taiga": "2024-07-05 22:50:31 +0000",
      "minecraft:dripstone_caves": "2024-07-06 18:13:56 +0000",
      "minecraft:grove": "2024-07-05 22:10:06 +0000",
      "minecraft:forest": "2024-07-05 22:55:25 +0000",
      "minecraft:lush_caves": "2024-07-06 18:26:11 +0000",
      "minecraft:frozen_ocean": "2024-07-05 22:27:06 +0000",
      "minecraft:desert": "2024-07-05 22:53:03 +0000",
      "minecraft:deep_frozen_ocean": "2024-07-05 22:29:34 +0000",
      "minecraft:snowy_beach": "2024-07-05 22:50:51 +0000",
      "minecraft:savanna": "2024-07-06 18:00:06 +0000",
      "minecraft:plains": "2024-07-05 22:54:35 +0000"
    },
    "done": false
  },
  "minecraft:recipes/building_blocks/deepslate_brick_stairs_from_cobbled_deepslate_stonecutting": {
    "criteria": {
      "has_cobbled_deepslate": "2024-07-06 18:01:20 +0000"
    },
    "done": true
  },
  "create:recipes/create.palettes/small_andesite_brick_slab_from_stone_types_andesite_stonecutting": {
    "criteria": {
      "has_stone_types_andesite": "2024-07-06 18:01:00 +0000"
    },
    "done": true
  },
  "minecraft:recipes/combat/stone_sword": {
    "criteria": {
      "has_cobblestone": "2024-07-05 22:11:08 +0000"
    },
    "done": true
  },
  "minecraft:recipes/decorations/barrel": {
    "criteria": {
      "has_planks": "2024-07-05 22:10:44 +0000"
    },
    "done": true
  },
  "minecraft:recipes/decorations/cobblestone_wall": {
    "criteria": {
      "has_cobblestone": "2024-07-05 22:11:08 +0000"
    },
    "done": true
  },
  "minecraft:recipes/misc/iron_ingot_from_smelting_raw_iron": {
    "criteria": {
      "has_raw_iron": "2024-07-05 22:15:27 +0000"
    },
    "done": true
  },
  "minecraft:recipes/tools/stone_pickaxe": {
    "criteria": {
      "has_cobblestone": "2024-07-05 22:11:08 +0000"
    },
    "done": true
  },
  "minecraft:recipes/decorations/smithing_table": {
    "criteria": {
      "has_iron_ingot": "2024-07-05 22:35:31 +0000"
    },
    "done": true
  },
  "minecraft:recipes/building_blocks/deepslate_brick_slab_from_cobbled_deepslate_stonecutting": {
    "criteria": {
      "has_cobbled_deepslate": "2024-07-06 18:01:20 +0000"
    },
    "done": true
  },
  "create:recipes/create.palettes/layered_deepslate_from_stone_types_deepslate_stonecutting": {
    "criteria": {
      "has_stone_types_deepslate": "2024-07-06 18:12:24 +0000"
    },
    "done": true
  },
  "minecraft:recipes/building_blocks/brown_stained_glass": {
    "criteria": {
      "has_glass": "2024-07-06 19:21:56 +0000"
    },
    "done": true
  },
  "create:recipes/create.palettes/cut_granite_bricks_from_stone_types_granite_stonecutting": {
    "criteria": {
      "has_stone_types_granite": "2024-07-06 18:01:02 +0000"
    },
    "done": true
  },
  "create:recipes/create.palettes/cut_andesite_wall_from_stone_types_andesite_stonecutting": {
    "criteria": {
      "has_stone_types_andesite": "2024-07-06 18:01:00 +0000"
    },
    "done": true
  },
  "minecraft:recipes/decorations/cobblestone_wall_from_cobblestone_stonecutting": {
    "criteria": {
      "has_cobblestone": "2024-07-05 22:11:08 +0000"
    },
    "done": true
  },
  "create:recipes/create.palettes/polished_cut_andesite_slab_from_stone_types_andesite_stonecutting": {
    "criteria": {
      "has_stone_types_andesite": "2024-07-06 18:01:00 +0000"
    },
    "done": true
  },
  "minecraft:recipes/building_blocks/cut_sandstone_slab": {
    "criteria": {
      "has_cut_sandstone": "2024-07-06 19:05:45 +0000"
    },
    "done": true
  },
  "minecraft:recipes/misc/black_dye": {
    "criteria": {
      "has_ink_sac": "2024-07-05 21:04:59 +0000"
    },
    "done": true
  },
  "minecraft:recipes/misc/sugar_from_honey_bottle": {
    "criteria": {
      "has_honey_bottle": "2024-07-06 18:11:43 +0000"
    },
    "done": true
  },
  "minecraft:recipes/building_blocks/light_gray_stained_glass": {
    "criteria": {
      "has_glass": "2024-07-06 19:21:56 +0000"
    },
    "done": true
  },
  "minecraft:recipes/building_blocks/diamond_block": {
    "criteria": {
      "has_diamond": "2024-07-06 18:15:32 +0000"
    },
    "done": true
  },
  "create:recipes/create.palettes/polished_cut_granite_stairs_from_stone_types_granite_stonecutting": {
    "criteria": {
      "has_stone_types_granite": "2024-07-06 18:01:02 +0000"
    },
    "done": true
  },
  "minecraft:recipes/building_blocks/lapis_block": {
    "criteria": {
      "has_lapis_lazuli": "2024-07-06 18:01:29 +0000"
    },
    "done": true
  },
  "create:recipes/create.palettes/cut_asurine_brick_slab_from_stone_types_asurine_stonecutting": {
    "criteria": {
      "has_stone_types_asurine": "2024-07-06 18:02:26 +0000"
    },
    "done": true
  },
  "create:recipes/create.palettes/cut_granite_wall_from_stone_types_granite_stonecutting": {
    "criteria": {
      "has_stone_types_granite": "2024-07-06 18:01:02 +0000"
    },
    "done": true
  },
  "travelersbackpack:recipes/travelersbackpack/blank_upgrade": {
    "criteria": {
      "has_chest": "2024-07-06 19:45:46 +0000"
    },
    "done": true
  },
  "minecraft:recipes/decorations/lantern": {
    "criteria": {
      "has_iron_ingot": "2024-07-05 22:35:31 +0000"
    },
    "done": true
  },
  "create:recipes/building_blocks/deepslate_from_stone_types_deepslate_stonecutting": {
    "criteria": {
      "has_stone_types_deepslate": "2024-07-06 18:12:24 +0000"
    },
    "done": true
  },
  "create:recipes/create.palettes/small_tuff_brick_stairs_from_stone_types_tuff_stonecutting": {
    "criteria": {
      "has_stone_types_tuff": "2024-07-06 18:01:19 +0000"
    },
    "done": true
  },
  "create:recipes/create.palettes/cut_tuff_wall_from_stone_types_tuff_stonecutting": {
    "criteria": {
      "has_stone_types_tuff": "2024-07-06 18:01:19 +0000"
    },
    "done": true
  },
  "minecraft:recipes/decorations/sandstone_wall": {
    "criteria": {
      "has_sandstone": "2024-07-06 19:05:19 +0000"
    },
    "done": true
  },
  "minecraft:recipes/building_blocks/polished_diorite": {
    "criteria": {
      "has_diorite": "2024-07-06 18:01:11 +0000"
    },
    "done": true
  },
  "minecraft:recipes/building_blocks/cobbled_deepslate_slab_from_cobbled_deepslate_stonecutting": {
    "criteria": {
      "has_cobbled_deepslate": "2024-07-06 18:01:20 +0000"
    },
    "done": true
  },
  "minecraft:recipes/decorations/andesite_wall": {
    "criteria": {
      "has_andesite": "2024-07-06 18:01:00 +0000"
    },
    "done": true
  },
  "minecraft:recipes/building_blocks/andesite_slab": {
    "criteria": {
      "has_andesite": "2024-07-06 18:01:00 +0000"
    },
    "done": true
  },
  "minecraft:recipes/tools/stone_axe": {
    "criteria": {
      "has_cobblestone": "2024-07-05 22:11:08 +0000"
    },
    "done": true
  },
  "minecraft:recipes/building_blocks/raw_iron_block": {
    "criteria": {
      "has_raw_iron": "2024-07-05 22:15:27 +0000"
    },
    "done": true
  },
  "create:recipes/create.palettes/cut_granite_brick_stairs_from_stone_types_granite_stonecutting": {
    "criteria": {
      "has_stone_types_granite": "2024-07-06 18:01:02 +0000"
    },
    "done": true
  },
  "create:recipes/create.palettes/cut_andesite_brick_stairs_from_stone_types_andesite_stonecutting": {
    "criteria": {
      "has_stone_types_andesite": "2024-07-06 18:01:00 +0000"
    },
    "done": true
  },
  "tombstone:adventure/ambush": {
    "criteria": {
      "coded_trigger": "2024-07-05 22:31:24 +0000"
    },
    "done": true
  },
  "create:recipes/create.base/crafting/appliances/netherite_diving_helmet": {
    "criteria": {
      "has_item": "2024-07-06 19:55:41 +0000"
    },
    "done": true
  },
  "create:recipes/create.palettes/polished_cut_tuff_slab_from_stone_types_tuff_stonecutting": {
    "criteria": {
      "has_stone_types_tuff": "2024-07-06 18:01:19 +0000"
    },
    "done": true
  },
  "spartanshields:recipes/spartanshields/stone_tower_shield": {
    "criteria": {
      "has_cobblestone": "2024-07-05 22:11:08 +0000"
    },
    "done": true
  },
  "create:recipes/create.palettes/cut_tuff_from_stone_types_tuff_stonecutting": {
    "criteria": {
      "has_stone_types_tuff": "2024-07-06 18:01:19 +0000"
    },
    "done": true
  },
  "create:recipes/create.palettes/small_tuff_brick_slab_from_stone_types_tuff_stonecutting": {
    "criteria": {
      "has_stone_types_tuff": "2024-07-06 18:01:19 +0000"
    },
    "done": true
  },
  "minecraft:recipes/building_blocks/cobblestone_stairs_from_cobblestone_stonecutting": {
    "criteria": {
      "has_cobblestone": "2024-07-05 22:11:08 +0000"
    },
    "done": true
  },
  "minecraft:recipes/building_blocks/magenta_concrete_powder": {
    "criteria": {
      "has_sand": "2024-07-05 22:53:09 +0000"
    },
    "done": true
  },
  "create:recipes/create.palettes/horizontal_framed_glass_from_glass_colorless_stonecutting": {
    "criteria": {
      "has_glass_colorless": "2024-07-06 19:21:56 +0000"
    },
    "done": true
  },
  "minecraft:recipes/misc/writable_book": {
    "criteria": {
      "has_book": "2024-07-05 22:31:56 +0000"
    },
    "done": true
  },
  "minecraft:recipes/building_blocks/polished_andesite_stairs_from_andesite_stonecutting": {
    "criteria": {
      "has_andesite": "2024-07-06 18:01:00 +0000"
    },
    "done": true
  },
  "minecraft:recipes/building_blocks/cut_sandstone_from_sandstone_stonecutting": {
    "criteria": {
      "has_sandstone": "2024-07-06 19:05:19 +0000"
    },
    "done": true
  },
  "minecraft:recipes/redstone/honey_block": {
    "criteria": {
      "has_honey_bottle": "2024-07-06 18:11:43 +0000"
    },
    "done": true
  },
  "aquamirae:recipes/pirate_pouch": {
    "criteria": {
      "has_item": "2024-07-05 22:31:29 +0000"
    },
    "done": true
  },
  "minecraft:recipes/decorations/campfire": {
    "criteria": {
      "has_stick": "2024-07-05 22:10:48 +0000"
    },
    "done": true
  },
  "create:recipes/create.palettes/polished_cut_asurine_stairs_from_stone_types_asurine_stonecutting": {
    "criteria": {
      "has_stone_types_asurine": "2024-07-06 18:02:26 +0000"
    },
    "done": true
  },
  "minecraft:recipes/building_blocks/diorite_slab_from_diorite_stonecutting": {
    "criteria": {
      "has_diorite": "2024-07-06 18:01:11 +0000"
    },
    "done": true
  },
  "minecraft:recipes/misc/iron_nugget": {
    "criteria": {
      "has_iron_ingot": "2024-07-05 22:35:31 +0000"
    },
    "done": true
  },
  "create:recipes/create.palettes/polished_cut_dripstone_stairs_from_stone_types_dripstone_stonecutting": {
    "criteria": {
      "has_stone_types_dripstone": "2024-07-06 18:51:28 +0000"
    },
    "done": true
  },
  "minecraft:recipes/building_blocks/brown_concrete_powder": {
    "criteria": {
      "has_sand": "2024-07-05 22:53:09 +0000"
    },
    "done": true
  },
  "create:recipes/create.palettes/cut_tuff_brick_slab_from_stone_types_tuff_stonecutting": {
    "criteria": {
      "has_stone_types_tuff": "2024-07-06 18:01:19 +0000"
    },
    "done": true
  },
  "create:recipes/create.palettes/cut_deepslate_bricks_from_stone_types_deepslate_stonecutting": {
    "criteria": {
      "has_stone_types_deepslate": "2024-07-06 18:12:24 +0000"
    },
    "done": true
  },
  "minecraft:recipes/building_blocks/deepslate_tile_slab_from_cobbled_deepslate_stonecutting": {
    "criteria": {
      "has_cobbled_deepslate": "2024-07-06 18:01:20 +0000"
    },
    "done": true
  },
  "create:recipes/create.palettes/cut_diorite_stairs_from_stone_types_diorite_stonecutting": {
    "criteria": {
      "has_stone_types_diorite": "2024-07-06 18:01:11 +0000"
    },
    "done": true
  },
  "create:recipes/create.palettes/cut_tuff_brick_wall_from_stone_types_tuff_stonecutting": {
    "criteria": {
      "has_stone_types_tuff": "2024-07-06 18:01:19 +0000"
    },
    "done": true
  },
  "minecraft:recipes/combat/diamond_sword": {
    "criteria": {
      "has_diamond": "2024-07-06 18:15:32 +0000"
    },
    "done": true
  },
  "minecraft:recipes/building_blocks/blue_stained_glass": {
    "criteria": {
      "has_glass": "2024-07-06 19:21:56 +0000"
    },
    "done": true
  },
  "create:recipes/create.palettes/cut_deepslate_stairs_from_stone_types_deepslate_stonecutting": {
    "criteria": {
      "has_stone_types_deepslate": "2024-07-06 18:12:24 +0000"
    },
    "done": true
  },
  "tombstone:adventure/cancel_ghostly_shape": {
    "criteria": {
      "coded_trigger": "2024-07-05 05:10:25 +0000"
    },
    "done": true
  },
  "minecraft:recipes/transportation/spruce_boat": {
    "criteria": {
      "in_water": "2024-07-05 22:22:15 +0000"
    },
    "done": true
  },
  "minecraft:recipes/decorations/jukebox": {
    "criteria": {
      "has_diamond": "2024-07-06 18:15:32 +0000"
    },
    "done": true
  },
  "create:recipes/building_blocks/tuff_from_stone_types_tuff_stonecutting": {
    "criteria": {
      "has_stone_types_tuff": "2024-07-06 18:01:19 +0000"
    },
    "done": true
  },
  "minecraft:recipes/building_blocks/terracotta": {
    "criteria": {
      "has_clay_block": "2024-07-06 19:55:25 +0000"
    },
    "done": true
  },
  "create:recipes/create.palettes/oak_window": {
    "criteria": {
      "has_ingredient": "2024-07-06 18:14:25 +0000"
    },
    "done": true
  },
  "minecraft:recipes/tools/flint_and_steel": {
    "criteria": {
      "has_obsidian": "2024-07-06 20:03:03 +0000"
    },
    "done": true
  },
  "butchercraft:recipes/butchercraft.items/boots": {
    "criteria": {
      "has_boots": "2024-07-05 21:05:42 +0000"
    },
    "done": true
  },
  "create:recipes/create.palettes/small_deepslate_bricks_from_stone_types_deepslate_stonecutting": {
    "criteria": {
      "has_stone_types_deepslate": "2024-07-06 18:12:24 +0000"
    },
    "done": true
  },
  "create:recipes/create.palettes/small_tuff_brick_wall_from_stone_types_tuff_stonecutting": {
    "criteria": {
      "has_stone_types_tuff": "2024-07-06 18:01:19 +0000"
    },
    "done": true
  },
  "minecraft:recipes/food/mushroom_stew": {
    "criteria": {
      "has_brown_mushroom": "2024-07-06 19:41:07 +0000"
    },
    "done": true
  },
  "butchercraft:recipes/butchercraft.items/lamb_block": {
    "criteria": {
      "has_lamb": "2024-07-05 22:17:06 +0000"
    },
    "done": true
  },
  "create:recipes/create.palettes/polished_cut_dripstone_wall_from_stone_types_dripstone_stonecutting": {
    "criteria": {
      "has_stone_types_dripstone": "2024-07-06 18:51:28 +0000"
    },
    "done": true
  },
  "minecraft:recipes/building_blocks/polished_granite_from_granite_stonecutting": {
    "criteria": {
      "has_granite": "2024-07-06 18:01:02 +0000"
    },
    "done": true
  },
  "minecraft:husbandry/balanced_diet": {
    "criteria": {
      "cooked_beef": "2024-07-05 22:28:44 +0000",
      "bread": "2024-07-05 22:09:46 +0000"
    },
    "done": false
  },
  "create:recipes/create.palettes/vertical_framed_glass_from_glass_colorless_stonecutting": {
    "criteria": {
      "has_glass_colorless": "2024-07-06 19:21:56 +0000"
    },
    "done": true
  },
  "tombstone:recipes/from_grave_key": {
    "criteria": {
      "has_ingredient": "2024-07-05 05:10:18 +0000"
    },
    "done": true
  },
  "minecraft:recipes/tools/wooden_hoe": {
    "criteria": {
      "has_stick": "2024-07-05 22:10:48 +0000"
    },
    "done": true
  },
  "minecraft:recipes/building_blocks/smooth_sandstone_slab_from_smooth_sandstone_stonecutting": {
    "criteria": {
      "has_smooth_sandstone": "2024-07-06 19:08:05 +0000"
    },
    "done": true
  },
  "travelersbackpack:recipes/travelersbackpack/iron_tier_upgrade": {
    "criteria": {
      "has_iron_ingot": "2024-07-05 22:35:31 +0000"
    },
    "done": true
  },
  "minecraft:recipes/misc/bucket": {
    "criteria": {
      "has_iron_ingot": "2024-07-05 22:35:31 +0000"
    },
    "done": true
  },
  "create:recipes/create.palettes/small_deepslate_brick_stairs_from_stone_types_deepslate_stonecutting": {
    "criteria": {
      "has_stone_types_deepslate": "2024-07-06 18:12:24 +0000"
    },
    "done": true
  },
  "create:recipes/create.palettes/polished_cut_asurine_from_stone_types_asurine_stonecutting": {
    "criteria": {
      "has_stone_types_asurine": "2024-07-06 18:02:26 +0000"
    },
    "done": true
  },
  "minecraft:recipes/building_blocks/cobblestone_stairs": {
    "criteria": {
      "has_cobblestone": "2024-07-05 22:11:08 +0000"
    },
    "done": true
  },
  "minecraft:recipes/building_blocks/diorite_slab": {
    "criteria": {
      "has_diorite": "2024-07-06 18:01:11 +0000"
    },
    "done": true
  },
  "create:recipes/create.palettes/cut_asurine_wall_from_stone_types_asurine_stonecutting": {
    "criteria": {
      "has_stone_types_asurine": "2024-07-06 18:02:26 +0000"
    },
    "done": true
  },
  "minecraft:recipes/building_blocks/chiseled_sandstone_from_sandstone_stonecutting": {
    "criteria": {
      "has_sandstone": "2024-07-06 19:05:19 +0000"
    },
    "done": true
  },
  "minecraft:recipes/decorations/granite_wall": {
    "criteria": {
      "has_granite": "2024-07-06 18:01:02 +0000"
    },
    "done": true
  },
  "create:recipes/create.palettes/polished_cut_tuff_from_stone_types_tuff_stonecutting": {
    "criteria": {
      "has_stone_types_tuff": "2024-07-06 18:01:19 +0000"
    },
    "done": true
  },
  "tombstone:adventure/first_grave": {
    "criteria": {
      "coded_trigger": "2024-07-05 05:10:17 +0000"
    },
    "done": true
  },
  "create:recipes/create.palettes/polished_cut_tuff_stairs_from_stone_types_tuff_stonecutting": {
    "criteria": {
      "has_stone_types_tuff": "2024-07-06 18:01:19 +0000"
    },
    "done": true
  },
  "create:recipes/create.palettes/layered_andesite_from_stone_types_andesite_stonecutting": {
    "criteria": {
      "has_stone_types_andesite": "2024-07-06 18:01:00 +0000"
    },
    "done": true
  },
  "minecraft:recipes/building_blocks/light_blue_concrete_powder": {
    "criteria": {
      "has_sand": "2024-07-05 22:53:09 +0000"
    },
    "done": true
  },
  "minecraft:recipes/building_blocks/polished_diorite_slab_from_diorite_stonecutting": {
    "criteria": {
      "has_diorite": "2024-07-06 18:01:11 +0000"
    },
    "done": true
  },
  "minecraft:recipes/building_blocks/deepslate_tiles_from_cobbled_deepslate_stonecutting": {
    "criteria": {
      "has_cobbled_deepslate": "2024-07-06 18:01:20 +0000"
    },
    "done": true
  },
  "create:recipes/create.palettes/small_granite_brick_wall_from_stone_types_granite_stonecutting": {
    "criteria": {
      "has_stone_types_granite": "2024-07-06 18:01:02 +0000"
    },
    "done": true
  },
  "minecraft:recipes/building_blocks/glass": {
    "criteria": {
      "has_sand": "2024-07-05 22:53:09 +0000"
    },
    "done": true
  },
  "minecraft:recipes/combat/iron_helmet": {
    "criteria": {
      "has_iron_ingot": "2024-07-05 22:35:31 +0000"
    },
    "done": true
  },
  "minecraft:recipes/redstone/oak_fence_gate": {
    "criteria": {
      "has_planks": "2024-07-06 18:14:25 +0000"
    },
    "done": true
  },
  "create:recipes/create.palettes/polished_cut_dripstone_from_stone_types_dripstone_stonecutting": {
    "criteria": {
      "has_stone_types_dripstone": "2024-07-06 18:51:28 +0000"
    },
    "done": true
  },
  "create:recipes/create.palettes/cut_granite_brick_wall_from_stone_types_granite_stonecutting": {
    "criteria": {
      "has_stone_types_granite": "2024-07-06 18:01:02 +0000"
    },
    "done": true
  },
  "minecraft:recipes/building_blocks/smooth_sandstone": {
    "criteria": {
      "has_sandstone": "2024-07-06 19:05:19 +0000"
    },
    "done": true
  },
  "spartanshields:recipes/spartanshields/stone_basic_shield": {
    "criteria": {
      "has_cobblestone": "2024-07-05 22:11:08 +0000"
    },
    "done": true
  },
  "minecraft:recipes/building_blocks/purple_concrete_powder": {
    "criteria": {
      "has_sand": "2024-07-05 22:53:09 +0000"
    },
    "done": true
  },
  "minecraft:recipes/building_blocks/cut_sandstone_slab_from_cut_sandstone_stonecutting": {
    "criteria": {
      "has_cut_sandstone": "2024-07-06 19:05:45 +0000"
    },
    "done": true
  },
  "create:recipes/create.palettes/cut_deepslate_slab_from_stone_types_deepslate_stonecutting": {
    "criteria": {
      "has_stone_types_deepslate": "2024-07-06 18:12:24 +0000"
    },
    "done": true
  },
  "butchercraft:hook": {
    "criteria": {
      "hook": "2024-07-06 19:57:10 +0000"
    },
    "done": true
  },
  "create:recipes/create.palettes/polished_cut_granite_from_stone_types_granite_stonecutting": {
    "criteria": {
      "has_stone_types_granite": "2024-07-06 18:01:02 +0000"
    },
    "done": true
  },
  "minecraft:recipes/decorations/diorite_wall_from_diorite_stonecutting": {
    "criteria": {
      "has_diorite": "2024-07-06 18:01:11 +0000"
    },
    "done": true
  },
  "minecraft:recipes/combat/diamond_chestplate": {
    "criteria": {
      "has_diamond": "2024-07-06 18:15:32 +0000"
    },
    "done": true
  },
  "minecraft:story/mine_stone": {
    "criteria": {
      "get_stone": "2024-07-05 22:11:08 +0000"
    },
    "done": true
  },
  "create:recipes/create.palettes/cut_diorite_wall_from_stone_types_diorite_stonecutting": {
    "criteria": {
      "has_stone_types_diorite": "2024-07-06 18:01:11 +0000"
    },
    "done": true
  },
  "minecraft:recipes/decorations/furnace": {
    "criteria": {
      "has_cobblestone": "2024-07-05 22:11:08 +0000"
    },
    "done": true
  },
  "minecraft:recipes/transportation/minecart": {
    "criteria": {
      "has_iron_ingot": "2024-07-05 22:35:31 +0000"
    },
    "done": true
  },
  "minecraft:recipes/misc/charcoal": {
    "criteria": {
      "has_log": "2024-07-05 22:10:19 +0000"
    },
    "done": true
  },
  "minecraft:recipes/building_blocks/andesite_stairs": {
    "criteria": {
      "has_andesite": "2024-07-06 18:01:00 +0000"
    },
    "done": true
  },
  "minecraft:recipes/tools/wooden_pickaxe": {
    "criteria": {
      "has_stick": "2024-07-05 22:10:48 +0000"
    },
    "done": true
  },
  "minecraft:recipes/tools/iron_hoe": {
    "criteria": {
      "has_iron_ingot": "2024-07-05 22:35:31 +0000"
    },
    "done": true
  },
  "minecraft:recipes/building_blocks/cobbled_deepslate_stairs": {
    "criteria": {
      "has_cobbled_deepslate": "2024-07-06 18:01:20 +0000"
    },
    "done": true
  },
  "minecraft:husbandry/root": {
    "criteria": {
      "consumed_item": "2024-07-05 21:04:13 +0000"
    },
    "done": true
  },
  "minecraft:recipes/transportation/birch_boat": {
    "criteria": {
      "in_water": "2024-07-05 22:22:15 +0000"
    },
    "done": true
  },
  "create:recipes/create.palettes/cut_asurine_from_stone_types_asurine_stonecutting": {
    "criteria": {
      "has_stone_types_asurine": "2024-07-06 18:02:26 +0000"
    },
    "done": true
  },
  "aquamirae:adventure/find_ice_maze": {
    "criteria": {
      "deep_frozen_ocean": "2024-07-05 22:29:34 +0000"
    },
    "done": true
  },
  "minecraft:recipes/misc/gold_ingot_from_blasting_raw_gold": {
    "criteria": {
      "has_raw_gold": "2024-07-06 18:10:01 +0000"
    },
    "done": true
  },
  "minecraft:recipes/building_blocks/polished_granite_slab_from_granite_stonecutting": {
    "criteria": {
      "has_granite": "2024-07-06 18:01:02 +0000"
    },
    "done": true
  },
  "minecraft:recipes/building_blocks/green_concrete_powder": {
    "criteria": {
      "has_sand": "2024-07-05 22:53:09 +0000"
    },
    "done": true
  },
  "minecraft:recipes/decorations/enchanting_table": {
    "criteria": {
      "has_obsidian": "2024-07-06 20:03:03 +0000"
    },
    "done": true
  },
  "minecraft:recipes/building_blocks/polished_andesite_from_andesite_stonecutting": {
    "criteria": {
      "has_andesite": "2024-07-06 18:01:00 +0000"
    },
    "done": true
  },
  "minecraft:recipes/building_blocks/cobbled_deepslate_stairs_from_cobbled_deepslate_stonecutting": {
    "criteria": {
      "has_cobbled_deepslate": "2024-07-06 18:01:20 +0000"
    },
    "done": true
  },
  "minecraft:recipes/tools/iron_shovel": {
    "criteria": {
      "has_iron_ingot": "2024-07-05 22:35:31 +0000"
    },
    "done": true
  },
  "butchercraft:recipes/butchercraft.items/extruder_tip": {
    "criteria": {
      "has_iron": "2024-07-05 22:35:31 +0000"
    },
    "done": true
  },
  "create:recipes/create.palettes/small_diorite_bricks_from_stone_types_diorite_stonecutting": {
    "criteria": {
      "has_stone_types_diorite": "2024-07-06 18:01:11 +0000"
    },
    "done": true
  },
  "create:recipes/create.palettes/polished_cut_dripstone_slab_from_stone_types_dripstone_stonecutting": {
    "criteria": {
      "has_stone_types_dripstone": "2024-07-06 18:51:28 +0000"
    },
    "done": true
  },
  "minecraft:recipes/building_blocks/orange_stained_glass": {
    "criteria": {
      "has_glass": "2024-07-06 19:21:56 +0000"
    },
    "done": true
  },
  "minecraft:recipes/misc/bowl": {
    "criteria": {
      "has_brown_mushroom": "2024-07-06 19:41:07 +0000"
    },
    "done": true
  },
  "minecraft:recipes/tools/stone_hoe": {
    "criteria": {
      "has_cobblestone": "2024-07-05 22:11:08 +0000"
    },
    "done": true
  },
  "minecraft:recipes/decorations/spruce_fence": {
    "criteria": {
      "has_planks": "2024-07-05 22:10:44 +0000"
    },
    "done": true
  },
  "create:recipes/create.palettes/polished_cut_diorite_from_stone_types_diorite_stonecutting": {
    "criteria": {
      "has_stone_types_diorite": "2024-07-06 18:01:11 +0000"
    },
    "done": true
  },
  "minecraft:recipes/food/baked_potato_from_smoking": {
    "criteria": {
      "has_potato": "2024-07-05 22:48:13 +0000"
    },
    "done": true
  },
  "minecraft:recipes/tools/diamond_hoe": {
    "criteria": {
      "has_diamond": "2024-07-06 18:15:32 +0000"
    },
    "done": true
  },
  "minecraft:recipes/building_blocks/dark_oak_stairs": {
    "criteria": {
      "has_planks": "2024-07-05 22:31:20 +0000"
    },
    "done": true
  },
  "minecraft:recipes/tools/diamond_shovel": {
    "criteria": {
      "has_diamond": "2024-07-06 18:15:32 +0000"
    },
    "done": true
  },
  "create:recipes/create.palettes/small_granite_bricks_from_stone_types_granite_stonecutting": {
    "criteria": {
      "has_stone_types_granite": "2024-07-06 18:01:02 +0000"
    },
    "done": true
  },
  "create:recipes/create.palettes/cut_andesite_brick_slab_from_stone_types_andesite_stonecutting": {
    "criteria": {
      "has_stone_types_andesite": "2024-07-06 18:01:00 +0000"
    },
    "done": true
  },
  "minecraft:recipes/building_blocks/deepslate": {
    "criteria": {
      "has_cobbled_deepslate": "2024-07-06 18:01:20 +0000"
    },
    "done": true
  },
  "minecraft:recipes/building_blocks/granite_slab": {
    "criteria": {
      "has_granite": "2024-07-06 18:01:02 +0000"
    },
    "done": true
  },
  "minecraft:recipes/food/baked_potato": {
    "criteria": {
      "has_potato": "2024-07-05 22:48:13 +0000"
    },
    "done": true
  },
  "minecraft:recipes/building_blocks/smooth_sandstone_stairs": {
    "criteria": {
      "has_smooth_sandstone": "2024-07-06 19:08:05 +0000"
    },
    "done": true
  },
  "minecraft:recipes/decorations/dark_oak_sign": {
    "criteria": {
      "has_planks": "2024-07-05 22:31:20 +0000"
    },
    "done": true
  },
  "minecraft:recipes/building_blocks/spruce_stairs": {
    "criteria": {
      "has_planks": "2024-07-05 22:10:44 +0000"
    },
    "done": true
  },
  "travelersbackpack:recipes/travelersbackpack/diamond": {
    "criteria": {
      "has_diamond": "2024-07-06 18:15:32 +0000"
    },
    "done": true
  },
  "minecraft:recipes/decorations/glass_pane": {
    "criteria": {
      "has_glass": "2024-07-06 19:21:56 +0000"
    },
    "done": true
  },
  "create:root": {
    "criteria": {
      "0": "2024-07-05 21:03:29 +0000"
    },
    "done": true
  },
  "create:recipes/create.palettes/polished_cut_granite_slab_from_stone_types_granite_stonecutting": {
    "criteria": {
      "has_stone_types_granite": "2024-07-06 18:01:02 +0000"
    },
    "done": true
  },
  "create:recipes/create.palettes/tuff_pillar_from_stone_types_tuff_stonecutting": {
    "criteria": {
      "has_stone_types_tuff": "2024-07-06 18:01:19 +0000"
    },
    "done": true
  },
  "minecraft:recipes/misc/gold_ingot_from_nuggets": {
    "criteria": {
      "has_gold_nugget": "2024-07-05 22:29:37 +0000"
    },
    "done": true
  },
  "minecraft:recipes/building_blocks/magenta_stained_glass": {
    "criteria": {
      "has_glass": "2024-07-06 19:21:56 +0000"
    },
    "done": true
  },
  "tombstone:adventure/first_knowledge": {
    "criteria": {
      "coded_trigger": "2024-07-05 22:31:24 +0000"
    },
    "done": true
  },
  "minecraft:story/mine_diamond": {
    "criteria": {
      "diamond": "2024-07-06 18:15:32 +0000"
    },
    "done": true
  },
  "minecraft:story/upgrade_tools": {
    "criteria": {
      "stone_pickaxe": "2024-07-05 22:12:42 +0000"
    },
    "done": true
  },
  "alexsmobs:alexsmobs/root": {
    "criteria": {
      "useitem": "2024-07-05 21:04:13 +0000"
    },
    "done": true
  },
  "minecraft:recipes/combat/diamond_helmet": {
    "criteria": {
      "has_diamond": "2024-07-06 18:15:32 +0000"
    },
    "done": true
  },
  "minecraft:recipes/building_blocks/polished_granite_stairs_from_granite_stonecutting": {
    "criteria": {
      "has_granite": "2024-07-06 18:01:02 +0000"
    },
    "done": true
  },
  "minecraft:recipes/decorations/snow": {
    "criteria": {
      "has_snowball": "2024-07-05 05:04:33 +0000"
    },
    "done": true
  },
  "minecraft:recipes/transportation/oak_boat": {
    "criteria": {
      "in_water": "2024-07-05 22:22:15 +0000"
    },
    "done": true
  },
  "create:recipes/create.palettes/deepslate_pillar_from_stone_types_deepslate_stonecutting": {
    "criteria": {
      "has_stone_types_deepslate": "2024-07-06 18:12:24 +0000"
    },
    "done": true
  },
  "minecraft:recipes/decorations/sandstone_wall_from_sandstone_stonecutting": {
    "criteria": {
      "has_sandstone": "2024-07-06 19:05:19 +0000"
    },
    "done": true
  },
  "minecraft:recipes/building_blocks/cyan_concrete_powder": {
    "criteria": {
      "has_sand": "2024-07-05 22:53:09 +0000"
    },
    "done": true
  },
  "create:recipes/create.palettes/cut_andesite_from_stone_types_andesite_stonecutting": {
    "criteria": {
      "has_stone_types_andesite": "2024-07-06 18:01:00 +0000"
    },
    "done": true
  },
  "create:recipes/create.palettes/cut_diorite_brick_slab_from_stone_types_diorite_stonecutting": {
    "criteria": {
      "has_stone_types_diorite": "2024-07-06 18:01:11 +0000"
    },
    "done": true
  },
  "minecraft:adventure/walk_on_powder_snow_with_leather_boots": {
    "criteria": {
      "walk_on_powder_snow_with_leather_boots": "2024-07-05 22:02:01 +0000"
    },
    "done": true
  },
  "create:recipes/create.palettes/small_asurine_brick_stairs_from_stone_types_asurine_stonecutting": {
    "criteria": {
      "has_stone_types_asurine": "2024-07-06 18:02:26 +0000"
    },
    "done": true
  },
  "minecraft:recipes/tools/wooden_axe": {
    "criteria": {
      "has_stick": "2024-07-05 22:10:48 +0000"
    },
    "done": true
  },
  "minecraft:recipes/decorations/spruce_sign": {
    "criteria": {
      "has_planks": "2024-07-05 22:10:44 +0000"
    },
    "done": true
  },
  "create:recipes/create.palettes/layered_dripstone_from_stone_types_dripstone_stonecutting": {
    "criteria": {
      "has_stone_types_dripstone": "2024-07-06 18:51:28 +0000"
    },
    "done": true
  },
  "create:recipes/create.palettes/small_granite_brick_slab_from_stone_types_granite_stonecutting": {
    "criteria": {
      "has_stone_types_granite": "2024-07-06 18:01:02 +0000"
    },
    "done": true
  },
  "minecraft:recipes/building_blocks/polished_diorite_stairs_from_diorite_stonecutting": {
    "criteria": {
      "has_diorite": "2024-07-06 18:01:11 +0000"
    },
    "done": true
  },
  "tombstone:adventure/ashes_and_bones": {
    "criteria": {
      "coded_trigger": "2024-07-06 18:43:34 +0000"
    },
    "done": true
  },
  "create:recipes/create.palettes/cut_granite_stairs_from_stone_types_granite_stonecutting": {
    "criteria": {
      "has_stone_types_granite": "2024-07-06 18:01:02 +0000"
    },
    "done": true
  },
  "minecraft:recipes/tools/diamond_axe": {
    "criteria": {
      "has_diamond": "2024-07-06 18:15:32 +0000"
    },
    "done": true
  },
  "create:recipes/create.palettes/cut_deepslate_brick_wall_from_stone_types_deepslate_stonecutting": {
    "criteria": {
      "has_stone_types_deepslate": "2024-07-06 18:12:24 +0000"
    },
    "done": true
  },
  "aquamirae:adventure/root": {
    "criteria": {
      "crafting_table": "2024-07-05 22:10:46 +0000"
    },
    "done": true
  },
  "create:recipes/create.palettes/layered_diorite_from_stone_types_diorite_stonecutting": {
    "criteria": {
      "has_stone_types_diorite": "2024-07-06 18:01:11 +0000"
    },
    "done": true
  },
  "butchercraft:recipes/butchercraft.items/cooked_lamb_scraps_from_smelting": {
    "criteria": {
      "has_lamb_scraps": "2024-07-05 22:17:06 +0000"
    },
    "done": true
  },
  "minecraft:recipes/building_blocks/white_stained_glass": {
    "criteria": {
      "has_glass": "2024-07-06 19:21:56 +0000"
    },
    "done": true
  },
  "create:recipes/create.base/crafting/appliances/netherite_diving_boots": {
    "criteria": {
      "has_item": "2024-07-06 19:53:42 +0000"
    },
    "done": true
  },
  "minecraft:recipes/building_blocks/mossy_cobblestone_from_moss_block": {
    "criteria": {
      "has_moss_block": "2024-07-06 18:58:09 +0000"
    },
    "done": true
  },
  "minecraft:recipes/building_blocks/andesite_slab_from_andesite_stonecutting": {
    "criteria": {
      "has_andesite": "2024-07-06 18:01:00 +0000"
    },
    "done": true
  },
  "minecraft:recipes/building_blocks/coal_block": {
    "criteria": {
      "has_coal": "2024-07-05 22:13:07 +0000"
    },
    "done": true
  },
  "create:recipes/create.palettes/dripstone_pillar_from_stone_types_dripstone_stonecutting": {
    "criteria": {
      "has_stone_types_dripstone": "2024-07-06 18:51:28 +0000"
    },
    "done": true
  },
  "minecraft:recipes/tools/stone_shovel": {
    "criteria": {
      "has_cobblestone": "2024-07-05 22:11:08 +0000"
    },
    "done": true
  },
  "minecraft:recipes/building_blocks/blue_concrete_powder": {
    "criteria": {
      "has_sand": "2024-07-05 22:53:09 +0000"
    },
    "done": true
  },
  "create:recipes/create.palettes/cut_dripstone_from_stone_types_dripstone_stonecutting": {
    "criteria": {
      "has_stone_types_dripstone": "2024-07-06 18:51:28 +0000"
    },
    "done": true
  },
  "minecraft:recipes/building_blocks/cyan_stained_glass": {
    "criteria": {
      "has_glass": "2024-07-06 19:21:56 +0000"
    },
    "done": true
  },
  "spartanshields:recipes/spartanshields/diamond_basic_shield": {
    "criteria": {
      "has_diamond": "2024-07-06 18:15:32 +0000"
    },
    "done": true
  },
  "minecraft:recipes/building_blocks/diorite_stairs": {
    "criteria": {
      "has_diorite": "2024-07-06 18:01:11 +0000"
    },
    "done": true
  },
  "tombstone:adventure/root": {
    "criteria": {
      "auto": "2024-07-05 05:08:24 +0000"
    },
    "done": true
  },
  "minecraft:recipes/building_blocks/spruce_slab": {
    "criteria": {
      "has_planks": "2024-07-05 22:10:44 +0000"
    },
    "done": true
  },
  "cataclysm:root": {
    "criteria": {
      "custom_test_name": "2024-07-05 21:03:29 +0000"
    },
    "done": true
  },
  "minecraft:recipes/building_blocks/granite_slab_from_granite_stonecutting": {
    "criteria": {
      "has_granite": "2024-07-06 18:01:02 +0000"
    },
    "done": true
  },
  "create:recipes/create.palettes/small_deepslate_brick_slab_from_stone_types_deepslate_stonecutting": {
    "criteria": {
      "has_stone_types_deepslate": "2024-07-06 18:12:24 +0000"
    },
    "done": true
  },
  "create:recipes/create.palettes/cut_asurine_bricks_from_stone_types_asurine_stonecutting": {
    "criteria": {
      "has_stone_types_asurine": "2024-07-06 18:02:26 +0000"
    },
    "done": true
  },
  "create:recipes/create.palettes/polished_cut_granite_wall_from_stone_types_granite_stonecutting": {
    "criteria": {
      "has_stone_types_granite": "2024-07-06 18:01:02 +0000"
    },
    "done": true
  },
  "butchercraft:recipes/butchercraft.items/bone_saw": {
    "criteria": {
      "has_iron": "2024-07-05 22:35:31 +0000"
    },
    "done": true
  },
  "minecraft:recipes/building_blocks/andesite": {
    "criteria": {
      "has_stone": "2024-07-06 18:01:11 +0000"
    },
    "done": true
  },
  "butchercraft:recipes/butchercraft.items/meat_hook": {
    "criteria": {
      "has_iron": "2024-07-05 22:35:31 +0000"
    },
    "done": true
  },
  "minecraft:recipes/building_blocks/cut_sandstone_slab_from_sandstone_stonecutting": {
    "criteria": {
      "has_sandstone": "2024-07-06 19:05:19 +0000"
    },
    "done": true
  },
  "create:recipes/create.palettes/small_deepslate_brick_wall_from_stone_types_deepslate_stonecutting": {
    "criteria": {
      "has_stone_types_deepslate": "2024-07-06 18:12:24 +0000"
    },
    "done": true
  },
  "minecraft:recipes/redstone/oak_pressure_plate": {
    "criteria": {
      "has_planks": "2024-07-06 18:14:25 +0000"
    },
    "done": true
  },
  "spartanshields:recipes/spartanshields/obsidian_basic_shield": {
    "criteria": {
      "has_obsidian": "2024-07-06 20:03:03 +0000"
    },
    "done": true
  },
  "minecraft:recipes/building_blocks/polished_deepslate_stairs_from_cobbled_deepslate_stonecutting": {
    "criteria": {
      "has_cobbled_deepslate": "2024-07-06 18:01:20 +0000"
    },
    "done": true
  },
  "minecraft:recipes/building_blocks/mossy_stone_bricks_from_moss_block": {
    "criteria": {
      "has_moss_block": "2024-07-06 18:58:09 +0000"
    },
    "done": true
  },
  "butchercraft:recipes/butchercraft.items/butcherblock": {
    "criteria": {
      "has_wood": "2024-07-05 22:31:57 +0000"
    },
    "done": true
  },
  "minecraft:recipes/building_blocks/cut_sandstone": {
    "criteria": {
      "has_sandstone": "2024-07-06 19:05:19 +0000"
    },
    "done": true
  },
  "create:recipes/create.palettes/polished_cut_deepslate_wall_from_stone_types_deepslate_stonecutting": {
    "criteria": {
      "has_stone_types_deepslate": "2024-07-06 18:12:24 +0000"
    },
    "done": true
  },
  "create:recipes/create.palettes/cut_dripstone_brick_slab_from_stone_types_dripstone_stonecutting": {
    "criteria": {
      "has_stone_types_dripstone": "2024-07-06 18:51:28 +0000"
    },
    "done": true
  },
  "create:recipes/create.palettes/small_asurine_brick_wall_from_stone_types_asurine_stonecutting": {
    "criteria": {
      "has_stone_types_asurine": "2024-07-06 18:02:26 +0000"
    },
    "done": true
  },
  "travelersbackpack:recipes/travelersbackpack/sandstone": {
    "criteria": {
      "has_sandstone": "2024-07-06 19:05:19 +0000"
    },
    "done": true
  },
  "create:recipes/create.palettes/cut_deepslate_brick_stairs_from_stone_types_deepslate_stonecutting": {
    "criteria": {
      "has_stone_types_deepslate": "2024-07-06 18:12:24 +0000"
    },
    "done": true
  },
  "travelersbackpack:recipes/travelersbackpack/coal": {
    "criteria": {
      "has_coal": "2024-07-05 22:13:07 +0000"
    },
    "done": true
  },
  "minecraft:recipes/building_blocks/oak_wood": {
    "criteria": {
      "has_log": "2024-07-06 17:58:06 +0000"
    },
    "done": true
  },
  "travelersbackpack:recipes/travelersbackpack/hose": {
    "criteria": {
      "has_hose_nozzle": "2024-07-06 19:59:51 +0000"
    },
    "done": true
  },
  "create:recipes/create.palettes/small_asurine_bricks_from_stone_types_asurine_stonecutting": {
    "criteria": {
      "has_stone_types_asurine": "2024-07-06 18:02:26 +0000"
    },
    "done": true
  },
  "minecraft:story/root": {
    "criteria": {
      "crafting_table": "2024-07-05 22:10:46 +0000"
    },
    "done": true
  },
  "create:recipes/create.palettes/polished_cut_diorite_slab_from_stone_types_diorite_stonecutting": {
    "criteria": {
      "has_stone_types_diorite": "2024-07-06 18:01:11 +0000"
    },
    "done": true
  },
  "minecraft:recipes/building_blocks/sandstone_slab_from_sandstone_stonecutting": {
    "criteria": {
      "has_sandstone": "2024-07-06 19:05:19 +0000"
    },
    "done": true
  },
  "travelersbackpack:recipes/travelersbackpack/bookshelf": {
    "criteria": {
      "has_book": "2024-07-05 22:31:56 +0000"
    },
    "done": true
  },
  "travelersbackpack:recipes/travelersbackpack/snow": {
    "criteria": {
      "has_snowball": "2024-07-05 05:08:23 +0000"
    },
    "done": true
  },
  "travelersbackpack:recipes/travelersbackpack/hose_nozzle": {
    "criteria": {
      "has_iron": "2024-07-05 22:35:31 +0000"
    },
    "done": true
  },
  "minecraft:story/form_obsidian": {
    "criteria": {
      "obsidian": "2024-07-06 20:03:03 +0000"
    },
    "done": true
  },
  "create:recipes/create.palettes/dark_oak_window": {
    "criteria": {
      "has_ingredient": "2024-07-05 22:31:20 +0000"
    },
    "done": true
  },
  "travelersbackpack:recipes/travelersbackpack/standard": {
    "criteria": {
      "has_chest": "2024-07-06 19:45:46 +0000"
    },
    "done": true
  },
  "create:recipes/create.base/crafting/appliances/crafting_blueprint": {
    "criteria": {
      "has_item": "2024-07-05 22:10:46 +0000"
    },
    "done": true
  },
  "minecraft:recipes/redstone/oak_button": {
    "criteria": {
      "has_planks": "2024-07-06 18:14:25 +0000"
    },
    "done": true
  },
  "create:recipes/create.base/crafting/appliances/netherite_backtank": {
    "criteria": {
      "has_item": "2024-07-06 19:53:01 +0000"
    },
    "done": true
  },
  "create:recipes/create.palettes/tiled_glass_from_glass_colorless_stonecutting": {
    "criteria": {
      "has_glass_colorless": "2024-07-06 19:21:56 +0000"
    },
    "done": true
  },
  "create:recipes/create.palettes/polished_cut_andesite_wall_from_stone_types_andesite_stonecutting": {
    "criteria": {
      "has_stone_types_andesite": "2024-07-06 18:01:00 +0000"
    },
    "done": true
  },
  "minecraft:recipes/building_blocks/polished_andesite": {
    "criteria": {
      "has_andesite": "2024-07-06 18:01:00 +0000"
    },
    "done": true
  },
  "minecraft:recipes/redstone/dark_oak_pressure_plate": {
    "criteria": {
      "has_planks": "2024-07-05 22:31:20 +0000"
    },
    "done": true
  },
  "create:recipes/create.palettes/small_tuff_bricks_from_stone_types_tuff_stonecutting": {
    "criteria": {
      "has_stone_types_tuff": "2024-07-06 18:01:19 +0000"
    },
    "done": true
  },
  "create:recipes/create.palettes/andesite_pillar_from_stone_types_andesite_stonecutting": {
    "criteria": {
      "has_stone_types_andesite": "2024-07-06 18:01:00 +0000"
    },
    "done": true
  },
  "create:recipes/create.palettes/cut_diorite_bricks_from_stone_types_diorite_stonecutting": {
    "criteria": {
      "has_stone_types_diorite": "2024-07-06 18:01:11 +0000"
    },
    "done": true
  },
  "create:recipes/create.palettes/cut_deepslate_wall_from_stone_types_deepslate_stonecutting": {
    "criteria": {
      "has_stone_types_deepslate": "2024-07-06 18:12:24 +0000"
    },
    "done": true
  },
  "minecraft:recipes/redstone/iron_door": {
    "criteria": {
      "has_iron_ingot": "2024-07-05 22:35:31 +0000"
    },
    "done": true
  },
  "create:recipes/create.palettes/small_andesite_brick_wall_from_stone_types_andesite_stonecutting": {
    "criteria": {
      "has_stone_types_andesite": "2024-07-06 18:01:00 +0000"
    },
    "done": true
  },
  "minecraft:recipes/decorations/composter": {
    "criteria": {
      "has_wood_slab": "2024-07-05 22:31:57 +0000"
    },
    "done": true
  },
  "spartanshields:recipes/spartanshields/wooden_basic_shield": {
    "criteria": {
      "has_planks": "2024-07-05 22:10:44 +0000"
    },
    "done": true
  },
  "minecraft:recipes/misc/copper_ingot_from_smelting_raw_copper": {
    "criteria": {
      "has_raw_copper": "2024-07-06 18:19:20 +0000"
    },
    "done": true
  },
  "create:recipes/create.palettes/diorite_pillar_from_stone_types_diorite_stonecutting": {
    "criteria": {
      "has_stone_types_diorite": "2024-07-06 18:01:11 +0000"
    },
    "done": true
  },
  "minecraft:recipes/building_blocks/snow_block": {
    "criteria": {
      "has_snowball": "2024-07-05 05:04:33 +0000"
    },
    "done": true
  },
  "travelersbackpack:recipes/travelersbackpack/iron": {
    "criteria": {
      "has_iron_ingot": "2024-07-05 22:35:31 +0000"
    },
    "done": true
  },
  "create:recipes/building_blocks/dripstone_block_from_stone_types_dripstone_stonecutting": {
    "criteria": {
      "has_stone_types_dripstone": "2024-07-06 18:51:28 +0000"
    },
    "done": true
  },
  "minecraft:recipes/redstone/oak_door": {
    "criteria": {
      "has_planks": "2024-07-06 18:14:25 +0000"
    },
    "done": true
  },
  "minecraft:recipes/transportation/jungle_boat": {
    "criteria": {
      "in_water": "2024-07-05 22:22:15 +0000"
    },
    "done": true
  },
  "create:recipes/create.base/crafting/kinetics/item_vault": {
    "criteria": {
      "has_item": "2024-07-06 19:52:36 +0000"
    },
    "done": true
  },
  "minecraft:recipes/redstone/heavy_weighted_pressure_plate": {
    "criteria": {
      "has_iron_ingot": "2024-07-05 22:35:31 +0000"
    },
    "done": true
  },
  "minecraft:recipes/transportation/dark_oak_boat": {
    "criteria": {
      "in_water": "2024-07-05 22:22:15 +0000"
    },
    "done": true
  },
  "minecraft:recipes/decorations/andesite_wall_from_andesite_stonecutting": {
    "criteria": {
      "has_andesite": "2024-07-06 18:01:00 +0000"
    },
    "done": true
  },
  "minecraft:recipes/misc/diamond_from_blasting_deepslate_diamond_ore": {
    "criteria": {
      "has_deepslate_diamond_ore": "2024-07-06 19:28:18 +0000"
    },
    "done": true
  },
  "minecraft:recipes/building_blocks/polished_granite": {
    "criteria": {
      "has_granite": "2024-07-06 18:01:02 +0000"
    },
    "done": true
  },
  "tombstone:adventure/choose_knowledge": {
    "criteria": {
      "coded_trigger": "2024-07-05 22:31:49 +0000"
    },
    "done": true
  },
  "minecraft:recipes/redstone/spruce_trapdoor": {
    "criteria": {
      "has_planks": "2024-07-05 22:10:44 +0000"
    },
    "done": true
  },
  "minecraft:recipes/building_blocks/stripped_spruce_wood": {
    "criteria": {
      "has_log": "2024-07-05 22:11:42 +0000"
    },
    "done": true
  },
  "minecraft:recipes/decorations/dark_oak_fence": {
    "criteria": {
      "has_planks": "2024-07-05 22:31:20 +0000"
    },
    "done": true
  },
  "minecraft:recipes/combat/diamond_boots": {
    "criteria": {
      "has_diamond": "2024-07-06 18:15:32 +0000"
    },
    "done": true
  },
  "minecraft:recipes/decorations/soul_campfire": {
    "criteria": {
      "has_stick": "2024-07-05 22:10:48 +0000"
    },
    "done": true
  },
  "minecraft:story/smelt_iron": {
    "criteria": {
      "iron": "2024-07-05 22:35:31 +0000"
    },
    "done": true
  },
  "create:recipes/create.palettes/small_asurine_brick_slab_from_stone_types_asurine_stonecutting": {
    "criteria": {
      "has_stone_types_asurine": "2024-07-06 18:02:26 +0000"
    },
    "done": true
  },
  "minecraft:recipes/building_blocks/pink_stained_glass": {
    "criteria": {
      "has_glass": "2024-07-06 19:21:56 +0000"
    },
    "done": true
  },
  "create:recipes/create.palettes/layered_asurine_from_stone_types_asurine_stonecutting": {
    "criteria": {
      "has_stone_types_asurine": "2024-07-06 18:02:26 +0000"
    },
    "done": true
  },
  "DataVersion": 3120
}